[2026-08-17 01:16:59] Loaded configuration from config_rtx5070.yaml
[2026-08-17 01:16:59] Preparing Multimodal Datasets (img_size=(96, 96))...
Loading metadata from .\scenario36\scenario36.csv and .\scenario36\scenario36.p...
Loading precomputed scaled GPS features from cache (.\data\processed\gps_features_scaled.npy)...
Loading precomputed RGB tensor cache from .\data\processed\rgb_cache_96x96.pt (Instant DMA into RAM)...
Loaded 24,799 RGB frames into RAM (653.9 MB)

================================================================================
[2026-08-17 01:17:00] STARTING RUN | Model: P3 | Seed: 42 | Device: cuda (BF16: True)
[2026-08-17 01:17:00] GPU Hardware: NVIDIA GeForce RTX 5070 | VRAM: 11.9 GB
================================================================================
D:\424_project\src\models.py:100: UserWarning: enable_nested_tensor is True, but self.use_nested_tensor is False because encoder_layer.norm_first was True
  self.transformer = nn.TransformerEncoder(encoder_layer, num_layers=num_layers)

[2026-08-17 01:17:00] Training loop starting: Epochs 1 to 80 | Batches per Epoch: 208
[2026-08-17 01:17:00] [INFO] To pause training anytime, type 'pause' or create 'pause.flag' or press Ctrl+C.


[2026-08-17 01:17:00] >>> [EPOCH 01/80] Training Started <<<

Epoch 01/80 [Train]:   0%|          | 0/208 [00:00<?, ?it/s]
Epoch 01/80 [Train]:   0%|          | 0/208 [00:05<?, ?it/s, loss=135.257, acc=1.6%, lr=1.2e-05]
Epoch 01/80 [Train]:   0%|          | 1/208 [00:05<19:27,  5.64s/it, loss=135.257, acc=1.6%, lr=1.2e-05]
Epoch 01/80 [Train]:   0%|          | 1/208 [00:05<19:27,  5.64s/it, loss=135.390, acc=0.8%, lr=1.2e-05]
Epoch 01/80 [Train]:   0%|          | 1/208 [00:05<19:27,  5.64s/it, loss=136.109, acc=1.0%, lr=1.2e-05]
Epoch 01/80 [Train]:   1%|▏         | 3/208 [00:05<05:07,  1.50s/it, loss=136.109, acc=1.0%, lr=1.2e-05]
Epoch 01/80 [Train]:   1%|▏         | 3/208 [00:05<05:07,  1.50s/it, loss=136.156, acc=0.8%, lr=1.2e-05]
Epoch 01/80 [Train]:   1%|▏         | 3/208 [00:05<05:07,  1.50s/it, loss=134.530, acc=0.9%, lr=1.2e-05]
Epoch 01/80 [Train]:   1%|▏         | 3/208 [00:05<05:07,  1.50s/it, loss=134.288, acc=1.0%, lr=1.2e-05]
Epoch 01/80 [Train]:   3%|▎         | 6/208 [00:05<02:02,  1.65it/s, loss=134.288, acc=1.0%, lr=1.2e-05]
Epoch 01/80 [Train]:   3%|▎         | 6/208 [00:05<02:02,  1.65it/s, loss=137.598, acc=0.9%, lr=1.2e-05]
Epoch 01/80 [Train]:   3%|▎         | 6/208 [00:05<02:02,  1.65it/s, loss=132.926, acc=1.6%, lr=1.2e-05]
Epoch 01/80 [Train]:   3%|▎         | 6/208 [00:05<02:02,  1.65it/s, loss=136.763, acc=2.3%, lr=1.2e-05]
Epoch 01/80 [Train]:   4%|▍         | 9/208 [00:05<01:07,  2.93it/s, loss=136.763, acc=2.3%, lr=1.2e-05]
Epoch 01/80 [Train]:   4%|▍         | 9/208 [00:06<01:07,  2.93it/s, loss=135.715, acc=2.3%, lr=1.2e-05]
Epoch 01/80 [Train]:   4%|▍         | 9/208 [00:06<01:07,  2.93it/s, loss=136.172, acc=3.0%, lr=1.2e-05]
Epoch 01/80 [Train]:   4%|▍         | 9/208 [00:06<01:07,  2.93it/s, loss=134.380, acc=3.3%, lr=1.2e-05]
Epoch 01/80 [Train]:   6%|▌         | 12/208 [00:06<00:43,  4.53it/s, loss=134.380, acc=3.3%, lr=1.2e-05]
Epoch 01/80 [Train]:   6%|▌         | 12/208 [00:06<00:43,  4.53it/s, loss=132.200, acc=4.2%, lr=1.2e-05]
Epoch 01/80 [Train]:   6%|▌         | 12/208 [00:06<00:43,  4.53it/s, loss=133.370, acc=4.6%, lr=1.2e-05]
Epoch 01/80 [Train]:   6%|▌         | 12/208 [00:06<00:43,  4.53it/s, loss=133.069, acc=5.0%, lr=1.2e-05]
Epoch 01/80 [Train]:   7%|▋         | 15/208 [00:06<00:30,  6.43it/s, loss=133.069, acc=5.0%, lr=1.2e-05]
Epoch 01/80 [Train]:   7%|▋         | 15/208 [00:06<00:30,  6.43it/s, loss=137.268, acc=6.0%, lr=1.2e-05]
Epoch 01/80 [Train]:   7%|▋         | 15/208 [00:06<00:30,  6.43it/s, loss=135.082, acc=6.3%, lr=1.2e-05]
Epoch 01/80 [Train]:   7%|▋         | 15/208 [00:06<00:30,  6.43it/s, loss=135.520, acc=6.6%, lr=1.2e-05]
Epoch 01/80 [Train]:   9%|▊         | 18/208 [00:06<00:22,  8.55it/s, loss=135.520, acc=6.6%, lr=1.2e-05]
Epoch 01/80 [Train]:   9%|▊         | 18/208 [00:06<00:22,  8.55it/s, loss=133.339, acc=7.5%, lr=1.2e-05]
Epoch 01/80 [Train]:   9%|▊         | 18/208 [00:06<00:22,  8.55it/s, loss=134.154, acc=7.9%, lr=1.2e-05]
Epoch 01/80 [Train]:   9%|▊         | 18/208 [00:06<00:22,  8.55it/s, loss=134.745, acc=8.3%, lr=1.2e-05]
Epoch 01/80 [Train]:  10%|█         | 21/208 [00:06<00:17, 10.86it/s, loss=134.745, acc=8.3%, lr=1.2e-05]
Epoch 01/80 [Train]:  10%|█         | 21/208 [00:06<00:17, 10.86it/s, loss=136.549, acc=8.8%, lr=1.2e-05]
Epoch 01/80 [Train]:  10%|█         | 21/208 [00:06<00:17, 10.86it/s, loss=136.939, acc=9.6%, lr=1.3e-05]
Epoch 01/80 [Train]:  10%|█         | 21/208 [00:06<00:17, 10.86it/s, loss=134.206, acc=10.0%, lr=1.3e-05]
Epoch 01/80 [Train]:  12%|█▏        | 24/208 [00:06<00:13, 13.31it/s, loss=134.206, acc=10.0%, lr=1.3e-05]
Epoch 01/80 [Train]:  12%|█▏        | 24/208 [00:06<00:13, 13.31it/s, loss=131.922, acc=10.8%, lr=1.3e-05]
Epoch 01/80 [Train]:  12%|█▏        | 24/208 [00:06<00:13, 13.31it/s, loss=135.531, acc=11.1%, lr=1.3e-05]
Epoch 01/80 [Train]:  12%|█▏        | 24/208 [00:06<00:13, 13.31it/s, loss=136.058, acc=11.3%, lr=1.3e-05]
Epoch 01/80 [Train]:  13%|█▎        | 27/208 [00:06<00:11, 15.35it/s, loss=136.058, acc=11.3%, lr=1.3e-05]
Epoch 01/80 [Train]:  13%|█▎        | 27/208 [00:06<00:11, 15.35it/s, loss=134.020, acc=11.6%, lr=1.3e-05]
Epoch 01/80 [Train]:  13%|█▎        | 27/208 [00:06<00:11, 15.35it/s, loss=135.739, acc=11.7%, lr=1.3e-05]
Epoch 01/80 [Train]:  13%|█▎        | 27/208 [00:06<00:11, 15.35it/s, loss=133.731, acc=12.2%, lr=1.3e-05]
Epoch 01/80 [Train]:  14%|█▍        | 30/208 [00:06<00:10, 17.27it/s, loss=133.731, acc=12.2%, lr=1.3e-05]
Epoch 01/80 [Train]:  14%|█▍        | 30/208 [00:06<00:10, 17.27it/s, loss=134.322, acc=12.6%, lr=1.3e-05]
Epoch 01/80 [Train]:  14%|█▍        | 30/208 [00:06<00:10, 17.27it/s, loss=135.505, acc=13.1%, lr=1.3e-05]
Epoch 01/80 [Train]:  14%|█▍        | 30/208 [00:06<00:10, 17.27it/s, loss=135.193, acc=13.5%, lr=1.3e-05]
Epoch 01/80 [Train]:  16%|█▌        | 33/208 [00:06<00:09, 19.02it/s, loss=135.193, acc=13.5%, lr=1.3e-05]
Epoch 01/80 [Train]:  16%|█▌        | 33/208 [00:07<00:09, 19.02it/s, loss=133.921, acc=14.0%, lr=1.3e-05]
Epoch 01/80 [Train]:  16%|█▌        | 33/208 [00:07<00:09, 19.02it/s, loss=135.519, acc=14.2%, lr=1.3e-05]
Epoch 01/80 [Train]:  16%|█▌        | 33/208 [00:07<00:09, 19.02it/s, loss=133.895, acc=14.7%, lr=1.3e-05]
Epoch 01/80 [Train]:  17%|█▋        | 36/208 [00:07<00:08, 20.06it/s, loss=133.895, acc=14.7%, lr=1.3e-05]
Epoch 01/80 [Train]:  17%|█▋        | 36/208 [00:07<00:08, 20.06it/s, loss=134.998, acc=15.2%, lr=1.3e-05]
Epoch 01/80 [Train]:  17%|█▋        | 36/208 [00:07<00:08, 20.06it/s, loss=133.973, acc=15.4%, lr=1.3e-05]
Epoch 01/80 [Train]:  17%|█▋        | 36/208 [00:07<00:08, 20.06it/s, loss=135.703, acc=15.5%, lr=1.4e-05]
Epoch 01/80 [Train]:  19%|█▉        | 39/208 [00:07<00:07, 21.42it/s, loss=135.703, acc=15.5%, lr=1.4e-05]
Epoch 01/80 [Train]:  19%|█▉        | 39/208 [00:07<00:07, 21.42it/s, loss=135.349, acc=15.7%, lr=1.4e-05]
Epoch 01/80 [Train]:  19%|█▉        | 39/208 [00:07<00:07, 21.42it/s, loss=134.402, acc=15.7%, lr=1.4e-05]
Epoch 01/80 [Train]:  19%|█▉        | 39/208 [00:07<00:07, 21.42it/s, loss=136.002, acc=16.0%, lr=1.4e-05]
Epoch 01/80 [Train]:  20%|██        | 42/208 [00:07<00:07, 22.42it/s, loss=136.002, acc=16.0%, lr=1.4e-05]
Epoch 01/80 [Train]:  20%|██        | 42/208 [00:07<00:07, 22.42it/s, loss=133.565, acc=16.1%, lr=1.4e-05]
Epoch 01/80 [Train]:  20%|██        | 42/208 [00:07<00:07, 22.42it/s, loss=135.310, acc=16.4%, lr=1.4e-05]
Epoch 01/80 [Train]:  20%|██        | 42/208 [00:07<00:07, 22.42it/s, loss=134.639, acc=16.6%, lr=1.4e-05]
Epoch 01/80 [Train]:  22%|██▏       | 45/208 [00:07<00:07, 23.08it/s, loss=134.639, acc=16.6%, lr=1.4e-05]
Epoch 01/80 [Train]:  22%|██▏       | 45/208 [00:07<00:07, 23.08it/s, loss=135.817, acc=16.8%, lr=1.4e-05]
Epoch 01/80 [Train]:  22%|██▏       | 45/208 [00:07<00:07, 23.08it/s, loss=136.065, acc=17.0%, lr=1.4e-05]
Epoch 01/80 [Train]:  22%|██▏       | 45/208 [00:07<00:07, 23.08it/s, loss=133.929, acc=17.2%, lr=1.4e-05]
Epoch 01/80 [Train]:  23%|██▎       | 48/208 [00:07<00:06, 23.47it/s, loss=133.929, acc=17.2%, lr=1.4e-05]
Epoch 01/80 [Train]:  23%|██▎       | 48/208 [00:07<00:06, 23.47it/s, loss=131.643, acc=17.2%, lr=1.4e-05]
Epoch 01/80 [Train]:  23%|██▎       | 48/208 [00:07<00:06, 23.47it/s, loss=133.914, acc=17.3%, lr=1.5e-05]
Epoch 01/80 [Train]:  23%|██▎       | 48/208 [00:07<00:06, 23.47it/s, loss=134.253, acc=17.5%, lr=1.5e-05]
Epoch 01/80 [Train]:  25%|██▍       | 51/208 [00:07<00:06, 23.90it/s, loss=134.253, acc=17.5%, lr=1.5e-05]
Epoch 01/80 [Train]:  25%|██▍       | 51/208 [00:07<00:06, 23.90it/s, loss=133.539, acc=17.5%, lr=1.5e-05]
Epoch 01/80 [Train]:  25%|██▍       | 51/208 [00:07<00:06, 23.90it/s, loss=134.227, acc=17.7%, lr=1.5e-05]
Epoch 01/80 [Train]:  25%|██▍       | 51/208 [00:07<00:06, 23.90it/s, loss=134.447, acc=17.7%, lr=1.5e-05]
Epoch 01/80 [Train]:  26%|██▌       | 54/208 [00:07<00:06, 24.18it/s, loss=134.447, acc=17.7%, lr=1.5e-05]
Epoch 01/80 [Train]:  26%|██▌       | 54/208 [00:07<00:06, 24.18it/s, loss=130.341, acc=17.8%, lr=1.5e-05]
Epoch 01/80 [Train]:  26%|██▌       | 54/208 [00:07<00:06, 24.18it/s, loss=135.593, acc=18.0%, lr=1.5e-05]
Epoch 01/80 [Train]:  26%|██▌       | 54/208 [00:07<00:06, 24.18it/s, loss=134.536, acc=18.0%, lr=1.5e-05]
Epoch 01/80 [Train]:  27%|██▋       | 57/208 [00:07<00:06, 24.37it/s, loss=134.536, acc=18.0%, lr=1.5e-05]
Epoch 01/80 [Train]:  27%|██▋       | 57/208 [00:07<00:06, 24.37it/s, loss=137.704, acc=18.2%, lr=1.5e-05]
Epoch 01/80 [Train]:  27%|██▋       | 57/208 [00:08<00:06, 24.37it/s, loss=135.630, acc=18.4%, lr=1.6e-05]
Epoch 01/80 [Train]:  27%|██▋       | 57/208 [00:08<00:06, 24.37it/s, loss=134.455, acc=18.4%, lr=1.6e-05]
Epoch 01/80 [Train]:  29%|██▉       | 60/208 [00:08<00:06, 24.39it/s, loss=134.455, acc=18.4%, lr=1.6e-05]
Epoch 01/80 [Train]:  29%|██▉       | 60/208 [00:08<00:06, 24.39it/s, loss=134.036, acc=18.5%, lr=1.6e-05]
Epoch 01/80 [Train]:  29%|██▉       | 60/208 [00:08<00:06, 24.39it/s, loss=134.672, acc=18.5%, lr=1.6e-05]
Epoch 01/80 [Train]:  29%|██▉       | 60/208 [00:08<00:06, 24.39it/s, loss=133.542, acc=18.6%, lr=1.6e-05]
Epoch 01/80 [Train]:  30%|███       | 63/208 [00:08<00:05, 24.40it/s, loss=133.542, acc=18.6%, lr=1.6e-05]
Epoch 01/80 [Train]:  30%|███       | 63/208 [00:08<00:05, 24.40it/s, loss=135.390, acc=18.6%, lr=1.6e-05]
Epoch 01/80 [Train]:  30%|███       | 63/208 [00:08<00:05, 24.40it/s, loss=132.965, acc=18.7%, lr=1.6e-05]
Epoch 01/80 [Train]:  30%|███       | 63/208 [00:08<00:05, 24.40it/s, loss=132.976, acc=18.6%, lr=1.6e-05]
Epoch 01/80 [Train]:  32%|███▏      | 66/208 [00:08<00:05, 24.26it/s, loss=132.976, acc=18.6%, lr=1.6e-05]
Epoch 01/80 [Train]:  32%|███▏      | 66/208 [00:08<00:05, 24.26it/s, loss=132.966, acc=18.6%, lr=1.7e-05]
Epoch 01/80 [Train]:  32%|███▏      | 66/208 [00:08<00:05, 24.26it/s, loss=132.950, acc=18.7%, lr=1.7e-05]
Epoch 01/80 [Train]:  32%|███▏      | 66/208 [00:08<00:05, 24.26it/s, loss=133.741, acc=18.7%, lr=1.7e-05]
Epoch 01/80 [Train]:  33%|███▎      | 69/208 [00:08<00:05, 24.44it/s, loss=133.741, acc=18.7%, lr=1.7e-05]
Epoch 01/80 [Train]:  33%|███▎      | 69/208 [00:08<00:05, 24.44it/s, loss=131.400, acc=18.7%, lr=1.7e-05]
Epoch 01/80 [Train]:  33%|███▎      | 69/208 [00:08<00:05, 24.44it/s, loss=135.878, acc=19.1%, lr=1.7e-05]
Epoch 01/80 [Train]:  33%|███▎      | 69/208 [00:08<00:05, 24.44it/s, loss=132.144, acc=19.2%, lr=1.7e-05]
Epoch 01/80 [Train]:  35%|███▍      | 72/208 [00:08<00:05, 24.57it/s, loss=132.144, acc=19.2%, lr=1.7e-05]
Epoch 01/80 [Train]:  35%|███▍      | 72/208 [00:08<00:05, 24.57it/s, loss=133.688, acc=19.2%, lr=1.7e-05]
Epoch 01/80 [Train]:  35%|███▍      | 72/208 [00:08<00:05, 24.57it/s, loss=132.441, acc=19.4%, lr=1.8e-05]
Epoch 01/80 [Train]:  35%|███▍      | 72/208 [00:08<00:05, 24.57it/s, loss=135.020, acc=19.5%, lr=1.8e-05]
Epoch 01/80 [Train]:  36%|███▌      | 75/208 [00:08<00:05, 24.79it/s, loss=135.020, acc=19.5%, lr=1.8e-05]
Epoch 01/80 [Train]:  36%|███▌      | 75/208 [00:08<00:05, 24.79it/s, loss=133.222, acc=19.6%, lr=1.8e-05]
Epoch 01/80 [Train]:  36%|███▌      | 75/208 [00:08<00:05, 24.79it/s, loss=131.871, acc=19.4%, lr=1.8e-05]
Epoch 01/80 [Train]:  36%|███▌      | 75/208 [00:08<00:05, 24.79it/s, loss=133.067, acc=19.5%, lr=1.8e-05]
Epoch 01/80 [Train]:  38%|███▊      | 78/208 [00:08<00:05, 24.93it/s, loss=133.067, acc=19.5%, lr=1.8e-05]
Epoch 01/80 [Train]:  38%|███▊      | 78/208 [00:08<00:05, 24.93it/s, loss=131.417, acc=19.6%, lr=1.8e-05]
Epoch 01/80 [Train]:  38%|███▊      | 78/208 [00:08<00:05, 24.93it/s, loss=134.519, acc=19.7%, lr=1.9e-05]
Epoch 01/80 [Train]:  38%|███▊      | 78/208 [00:08<00:05, 24.93it/s, loss=131.411, acc=19.6%, lr=1.9e-05]
Epoch 01/80 [Train]:  39%|███▉      | 81/208 [00:08<00:05, 25.02it/s, loss=131.411, acc=19.6%, lr=1.9e-05]
Epoch 01/80 [Train]:  39%|███▉      | 81/208 [00:08<00:05, 25.02it/s, loss=130.255, acc=19.7%, lr=1.9e-05]
Epoch 01/80 [Train]:  39%|███▉      | 81/208 [00:09<00:05, 25.02it/s, loss=132.387, acc=19.7%, lr=1.9e-05]
Epoch 01/80 [Train]:  39%|███▉      | 81/208 [00:09<00:05, 25.02it/s, loss=132.761, acc=19.7%, lr=1.9e-05]
Epoch 01/80 [Train]:  40%|████      | 84/208 [00:09<00:05, 24.25it/s, loss=132.761, acc=19.7%, lr=1.9e-05]
Epoch 01/80 [Train]:  40%|████      | 84/208 [00:09<00:05, 24.25it/s, loss=132.812, acc=19.7%, lr=1.9e-05]
Epoch 01/80 [Train]:  40%|████      | 84/208 [00:09<00:05, 24.25it/s, loss=134.356, acc=19.9%, lr=2.0e-05]
Epoch 01/80 [Train]:  40%|████      | 84/208 [00:09<00:05, 24.25it/s, loss=131.608, acc=19.9%, lr=2.0e-05]
Epoch 01/80 [Train]:  42%|████▏     | 87/208 [00:09<00:04, 24.34it/s, loss=131.608, acc=19.9%, lr=2.0e-05]
Epoch 01/80 [Train]:  42%|████▏     | 87/208 [00:09<00:04, 24.34it/s, loss=133.219, acc=20.0%, lr=2.0e-05]
Epoch 01/80 [Train]:  42%|████▏     | 87/208 [00:09<00:04, 24.34it/s, loss=134.307, acc=20.2%, lr=2.0e-05]
Epoch 01/80 [Train]:  42%|████▏     | 87/208 [00:09<00:04, 24.34it/s, loss=131.916, acc=20.2%, lr=2.0e-05]
Epoch 01/80 [Train]:  43%|████▎     | 90/208 [00:09<00:04, 23.97it/s, loss=131.916, acc=20.2%, lr=2.0e-05]
Epoch 01/80 [Train]:  43%|████▎     | 90/208 [00:09<00:04, 23.97it/s, loss=131.120, acc=20.2%, lr=2.0e-05]
Epoch 01/80 [Train]:  43%|████▎     | 90/208 [00:09<00:04, 23.97it/s, loss=133.179, acc=20.2%, lr=2.1e-05]
Epoch 01/80 [Train]:  43%|████▎     | 90/208 [00:09<00:04, 23.97it/s, loss=131.174, acc=20.3%, lr=2.1e-05]
Epoch 01/80 [Train]:  45%|████▍     | 93/208 [00:09<00:04, 24.16it/s, loss=131.174, acc=20.3%, lr=2.1e-05]
Epoch 01/80 [Train]:  45%|████▍     | 93/208 [00:09<00:04, 24.16it/s, loss=134.990, acc=20.4%, lr=2.1e-05]
Epoch 01/80 [Train]:  45%|████▍     | 93/208 [00:09<00:04, 24.16it/s, loss=129.970, acc=20.5%, lr=2.1e-05]
Epoch 01/80 [Train]:  45%|████▍     | 93/208 [00:09<00:04, 24.16it/s, loss=132.869, acc=20.6%, lr=2.1e-05]
Epoch 01/80 [Train]:  46%|████▌     | 96/208 [00:09<00:04, 24.38it/s, loss=132.869, acc=20.6%, lr=2.1e-05]
Epoch 01/80 [Train]:  46%|████▌     | 96/208 [00:09<00:04, 24.38it/s, loss=131.896, acc=20.7%, lr=2.2e-05]
Epoch 01/80 [Train]:  46%|████▌     | 96/208 [00:09<00:04, 24.38it/s, loss=132.980, acc=20.8%, lr=2.2e-05]
Epoch 01/80 [Train]:  46%|████▌     | 96/208 [00:09<00:04, 24.38it/s, loss=134.818, acc=20.8%, lr=2.2e-05]
Epoch 01/80 [Train]:  48%|████▊     | 99/208 [00:09<00:04, 23.68it/s, loss=134.818, acc=20.8%, lr=2.2e-05]
Epoch 01/80 [Train]:  48%|████▊     | 99/208 [00:09<00:04, 23.68it/s, loss=132.419, acc=20.8%, lr=2.2e-05]
Epoch 01/80 [Train]:  48%|████▊     | 99/208 [00:09<00:04, 23.68it/s, loss=133.245, acc=20.9%, lr=2.2e-05]
Epoch 01/80 [Train]:  48%|████▊     | 99/208 [00:09<00:04, 23.68it/s, loss=132.174, acc=21.0%, lr=2.3e-05]
Epoch 01/80 [Train]:  49%|████▉     | 102/208 [00:09<00:04, 23.72it/s, loss=132.174, acc=21.0%, lr=2.3e-05]
Epoch 01/80 [Train]:  49%|████▉     | 102/208 [00:09<00:04, 23.72it/s, loss=131.505, acc=21.1%, lr=2.3e-05]
Epoch 01/80 [Train]:  49%|████▉     | 102/208 [00:09<00:04, 23.72it/s, loss=132.948, acc=21.1%, lr=2.3e-05]
Epoch 01/80 [Train]:  49%|████▉     | 102/208 [00:09<00:04, 23.72it/s, loss=132.528, acc=21.2%, lr=2.3e-05]
Epoch 01/80 [Train]:  50%|█████     | 105/208 [00:09<00:04, 24.10it/s, loss=132.528, acc=21.2%, lr=2.3e-05]
Epoch 01/80 [Train]:  50%|█████     | 105/208 [00:09<00:04, 24.10it/s, loss=130.646, acc=21.3%, lr=2.3e-05]
Epoch 01/80 [Train]:  50%|█████     | 105/208 [00:10<00:04, 24.10it/s, loss=131.247, acc=21.4%, lr=2.4e-05]
Epoch 01/80 [Train]:  50%|█████     | 105/208 [00:10<00:04, 24.10it/s, loss=132.010, acc=21.5%, lr=2.4e-05]
Epoch 01/80 [Train]:  52%|█████▏    | 108/208 [00:10<00:04, 24.42it/s, loss=132.010, acc=21.5%, lr=2.4e-05]
Epoch 01/80 [Train]:  52%|█████▏    | 108/208 [00:10<00:04, 24.42it/s, loss=132.684, acc=21.6%, lr=2.4e-05]
Epoch 01/80 [Train]:  52%|█████▏    | 108/208 [00:10<00:04, 24.42it/s, loss=130.331, acc=21.6%, lr=2.4e-05]
Epoch 01/80 [Train]:  52%|█████▏    | 108/208 [00:10<00:04, 24.42it/s, loss=132.077, acc=21.7%, lr=2.4e-05]
Epoch 01/80 [Train]:  53%|█████▎    | 111/208 [00:10<00:03, 24.45it/s, loss=132.077, acc=21.7%, lr=2.4e-05]
Epoch 01/80 [Train]:  53%|█████▎    | 111/208 [00:10<00:03, 24.45it/s, loss=129.955, acc=21.7%, lr=2.5e-05]
Epoch 01/80 [Train]:  53%|█████▎    | 111/208 [00:10<00:03, 24.45it/s, loss=130.673, acc=21.8%, lr=2.5e-05]
Epoch 01/80 [Train]:  53%|█████▎    | 111/208 [00:10<00:03, 24.45it/s, loss=130.620, acc=21.8%, lr=2.5e-05]
Epoch 01/80 [Train]:  55%|█████▍    | 114/208 [00:10<00:03, 24.49it/s, loss=130.620, acc=21.8%, lr=2.5e-05]
Epoch 01/80 [Train]:  55%|█████▍    | 114/208 [00:10<00:03, 24.49it/s, loss=134.092, acc=21.9%, lr=2.5e-05]
Epoch 01/80 [Train]:  55%|█████▍    | 114/208 [00:10<00:03, 24.49it/s, loss=132.216, acc=21.9%, lr=2.6e-05]
Epoch 01/80 [Train]:  55%|█████▍    | 114/208 [00:10<00:03, 24.49it/s, loss=132.686, acc=21.9%, lr=2.6e-05]
Epoch 01/80 [Train]:  56%|█████▋    | 117/208 [00:10<00:03, 24.61it/s, loss=132.686, acc=21.9%, lr=2.6e-05]
Epoch 01/80 [Train]:  56%|█████▋    | 117/208 [00:10<00:03, 24.61it/s, loss=130.095, acc=22.0%, lr=2.6e-05]
Epoch 01/80 [Train]:  56%|█████▋    | 117/208 [00:10<00:03, 24.61it/s, loss=129.945, acc=22.1%, lr=2.6e-05]
Epoch 01/80 [Train]:  56%|█████▋    | 117/208 [00:10<00:03, 24.61it/s, loss=131.359, acc=22.1%, lr=2.7e-05]
Epoch 01/80 [Train]:  58%|█████▊    | 120/208 [00:10<00:03, 24.56it/s, loss=131.359, acc=22.1%, lr=2.7e-05]
Epoch 01/80 [Train]:  58%|█████▊    | 120/208 [00:10<00:03, 24.56it/s, loss=130.245, acc=22.2%, lr=2.7e-05]
Epoch 01/80 [Train]:  58%|█████▊    | 120/208 [00:10<00:03, 24.56it/s, loss=131.051, acc=22.2%, lr=2.7e-05]
Epoch 01/80 [Train]:  58%|█████▊    | 120/208 [00:10<00:03, 24.56it/s, loss=130.683, acc=22.3%, lr=2.7e-05]
Epoch 01/80 [Train]:  59%|█████▉    | 123/208 [00:10<00:03, 24.51it/s, loss=130.683, acc=22.3%, lr=2.7e-05]
Epoch 01/80 [Train]:  59%|█████▉    | 123/208 [00:10<00:03, 24.51it/s, loss=131.191, acc=22.4%, lr=2.8e-05]
Epoch 01/80 [Train]:  59%|█████▉    | 123/208 [00:10<00:03, 24.51it/s, loss=130.521, acc=22.6%, lr=2.8e-05]
Epoch 01/80 [Train]:  59%|█████▉    | 123/208 [00:10<00:03, 24.51it/s, loss=130.205, acc=22.6%, lr=2.8e-05]
Epoch 01/80 [Train]:  61%|██████    | 126/208 [00:10<00:03, 24.18it/s, loss=130.205, acc=22.6%, lr=2.8e-05]
Epoch 01/80 [Train]:  61%|██████    | 126/208 [00:10<00:03, 24.18it/s, loss=129.146, acc=22.8%, lr=2.8e-05]
Epoch 01/80 [Train]:  61%|██████    | 126/208 [00:10<00:03, 24.18it/s, loss=130.322, acc=22.8%, lr=2.9e-05]
Epoch 01/80 [Train]:  61%|██████    | 126/208 [00:10<00:03, 24.18it/s, loss=131.262, acc=22.9%, lr=2.9e-05]
Epoch 01/80 [Train]:  62%|██████▏   | 129/208 [00:10<00:03, 24.40it/s, loss=131.262, acc=22.9%, lr=2.9e-05]
Epoch 01/80 [Train]:  62%|██████▏   | 129/208 [00:10<00:03, 24.40it/s, loss=130.702, acc=23.1%, lr=2.9e-05]
Epoch 01/80 [Train]:  62%|██████▏   | 129/208 [00:10<00:03, 24.40it/s, loss=131.233, acc=23.1%, lr=2.9e-05]
Epoch 01/80 [Train]:  62%|██████▏   | 129/208 [00:11<00:03, 24.40it/s, loss=130.249, acc=23.2%, lr=3.0e-05]
Epoch 01/80 [Train]:  63%|██████▎   | 132/208 [00:11<00:03, 24.65it/s, loss=130.249, acc=23.2%, lr=3.0e-05]
Epoch 01/80 [Train]:  63%|██████▎   | 132/208 [00:11<00:03, 24.65it/s, loss=129.101, acc=23.3%, lr=3.0e-05]
Epoch 01/80 [Train]:  63%|██████▎   | 132/208 [00:11<00:03, 24.65it/s, loss=128.836, acc=23.4%, lr=3.0e-05]
Epoch 01/80 [Train]:  63%|██████▎   | 132/208 [00:11<00:03, 24.65it/s, loss=129.946, acc=23.5%, lr=3.0e-05]
Epoch 01/80 [Train]:  65%|██████▍   | 135/208 [00:11<00:02, 24.57it/s, loss=129.946, acc=23.5%, lr=3.0e-05]
Epoch 01/80 [Train]:  65%|██████▍   | 135/208 [00:11<00:02, 24.57it/s, loss=130.549, acc=23.5%, lr=3.1e-05]
Epoch 01/80 [Train]:  65%|██████▍   | 135/208 [00:11<00:02, 24.57it/s, loss=129.554, acc=23.6%, lr=3.1e-05]
Epoch 01/80 [Train]:  65%|██████▍   | 135/208 [00:11<00:02, 24.57it/s, loss=129.441, acc=23.6%, lr=3.1e-05]
Epoch 01/80 [Train]:  66%|██████▋   | 138/208 [00:11<00:02, 24.63it/s, loss=129.441, acc=23.6%, lr=3.1e-05]
Epoch 01/80 [Train]:  66%|██████▋   | 138/208 [00:11<00:02, 24.63it/s, loss=129.940, acc=23.7%, lr=3.1e-05]
Epoch 01/80 [Train]:  66%|██████▋   | 138/208 [00:11<00:02, 24.63it/s, loss=129.397, acc=23.8%, lr=3.2e-05]
Epoch 01/80 [Train]:  66%|██████▋   | 138/208 [00:11<00:02, 24.63it/s, loss=129.587, acc=23.9%, lr=3.2e-05]
Epoch 01/80 [Train]:  68%|██████▊   | 141/208 [00:11<00:02, 24.57it/s, loss=129.587, acc=23.9%, lr=3.2e-05]
Epoch 01/80 [Train]:  68%|██████▊   | 141/208 [00:11<00:02, 24.57it/s, loss=127.975, acc=23.9%, lr=3.2e-05]
Epoch 01/80 [Train]:  68%|██████▊   | 141/208 [00:11<00:02, 24.57it/s, loss=127.941, acc=23.9%, lr=3.3e-05]
Epoch 01/80 [Train]:  68%|██████▊   | 141/208 [00:11<00:02, 24.57it/s, loss=129.162, acc=23.9%, lr=3.3e-05]
Epoch 01/80 [Train]:  69%|██████▉   | 144/208 [00:11<00:02, 24.59it/s, loss=129.162, acc=23.9%, lr=3.3e-05]
Epoch 01/80 [Train]:  69%|██████▉   | 144/208 [00:11<00:02, 24.59it/s, loss=130.508, acc=24.0%, lr=3.3e-05]
Epoch 01/80 [Train]:  69%|██████▉   | 144/208 [00:11<00:02, 24.59it/s, loss=131.268, acc=24.1%, lr=3.3e-05]
Epoch 01/80 [Train]:  69%|██████▉   | 144/208 [00:11<00:02, 24.59it/s, loss=128.230, acc=24.2%, lr=3.4e-05]
Epoch 01/80 [Train]:  71%|███████   | 147/208 [00:11<00:02, 24.32it/s, loss=128.230, acc=24.2%, lr=3.4e-05]
Epoch 01/80 [Train]:  71%|███████   | 147/208 [00:11<00:02, 24.32it/s, loss=128.098, acc=24.3%, lr=3.4e-05]
Epoch 01/80 [Train]:  71%|███████   | 147/208 [00:11<00:02, 24.32it/s, loss=129.381, acc=24.3%, lr=3.4e-05]
Epoch 01/80 [Train]:  71%|███████   | 147/208 [00:11<00:02, 24.32it/s, loss=128.409, acc=24.3%, lr=3.5e-05]
Epoch 01/80 [Train]:  72%|███████▏  | 150/208 [00:11<00:02, 23.89it/s, loss=128.409, acc=24.3%, lr=3.5e-05]
Epoch 01/80 [Train]:  72%|███████▏  | 150/208 [00:11<00:02, 23.89it/s, loss=129.669, acc=24.3%, lr=3.5e-05]
Epoch 01/80 [Train]:  72%|███████▏  | 150/208 [00:11<00:02, 23.89it/s, loss=126.535, acc=24.4%, lr=3.5e-05]
Epoch 01/80 [Train]:  72%|███████▏  | 150/208 [00:11<00:02, 23.89it/s, loss=129.359, acc=24.5%, lr=3.5e-05]
Epoch 01/80 [Train]:  74%|███████▎  | 153/208 [00:11<00:02, 24.13it/s, loss=129.359, acc=24.5%, lr=3.5e-05]
Epoch 01/80 [Train]:  74%|███████▎  | 153/208 [00:11<00:02, 24.13it/s, loss=128.470, acc=24.6%, lr=3.6e-05]
Epoch 01/80 [Train]:  74%|███████▎  | 153/208 [00:11<00:02, 24.13it/s, loss=128.464, acc=24.6%, lr=3.6e-05]
Epoch 01/80 [Train]:  74%|███████▎  | 153/208 [00:12<00:02, 24.13it/s, loss=130.259, acc=24.7%, lr=3.6e-05]
Epoch 01/80 [Train]:  75%|███████▌  | 156/208 [00:12<00:02, 24.48it/s, loss=130.259, acc=24.7%, lr=3.6e-05]
Epoch 01/80 [Train]:  75%|███████▌  | 156/208 [00:12<00:02, 24.48it/s, loss=126.308, acc=24.9%, lr=3.7e-05]
Epoch 01/80 [Train]:  75%|███████▌  | 156/208 [00:12<00:02, 24.48it/s, loss=127.370, acc=24.9%, lr=3.7e-05]
Epoch 01/80 [Train]:  75%|███████▌  | 156/208 [00:12<00:02, 24.48it/s, loss=128.092, acc=24.9%, lr=3.7e-05]
Epoch 01/80 [Train]:  76%|███████▋  | 159/208 [00:12<00:01, 24.55it/s, loss=128.092, acc=24.9%, lr=3.7e-05]
Epoch 01/80 [Train]:  76%|███████▋  | 159/208 [00:12<00:01, 24.55it/s, loss=127.393, acc=25.0%, lr=3.8e-05]
Epoch 01/80 [Train]:  76%|███████▋  | 159/208 [00:12<00:01, 24.55it/s, loss=127.126, acc=25.1%, lr=3.8e-05]
Epoch 01/80 [Train]:  76%|███████▋  | 159/208 [00:12<00:01, 24.55it/s, loss=128.721, acc=25.2%, lr=3.8e-05]
Epoch 01/80 [Train]:  78%|███████▊  | 162/208 [00:12<00:01, 24.69it/s, loss=128.721, acc=25.2%, lr=3.8e-05]
Epoch 01/80 [Train]:  78%|███████▊  | 162/208 [00:12<00:01, 24.69it/s, loss=129.251, acc=25.3%, lr=3.8e-05]
Epoch 01/80 [Train]:  78%|███████▊  | 162/208 [00:12<00:01, 24.69it/s, loss=126.800, acc=25.3%, lr=3.9e-05]
Epoch 01/80 [Train]:  78%|███████▊  | 162/208 [00:12<00:01, 24.69it/s, loss=126.768, acc=25.4%, lr=3.9e-05]
Epoch 01/80 [Train]:  79%|███████▉  | 165/208 [00:12<00:01, 24.67it/s, loss=126.768, acc=25.4%, lr=3.9e-05]
Epoch 01/80 [Train]:  79%|███████▉  | 165/208 [00:12<00:01, 24.67it/s, loss=126.883, acc=25.5%, lr=3.9e-05]
Epoch 01/80 [Train]:  79%|███████▉  | 165/208 [00:12<00:01, 24.67it/s, loss=127.201, acc=25.6%, lr=4.0e-05]
Epoch 01/80 [Train]:  79%|███████▉  | 165/208 [00:12<00:01, 24.67it/s, loss=125.541, acc=25.6%, lr=4.0e-05]
Epoch 01/80 [Train]:  81%|████████  | 168/208 [00:12<00:01, 24.47it/s, loss=125.541, acc=25.6%, lr=4.0e-05]
Epoch 01/80 [Train]:  81%|████████  | 168/208 [00:12<00:01, 24.47it/s, loss=125.111, acc=25.6%, lr=4.0e-05]
Epoch 01/80 [Train]:  81%|████████  | 168/208 [00:12<00:01, 24.47it/s, loss=124.433, acc=25.7%, lr=4.1e-05]
Epoch 01/80 [Train]:  81%|████████  | 168/208 [00:12<00:01, 24.47it/s, loss=125.683, acc=25.7%, lr=4.1e-05]
Epoch 01/80 [Train]:  82%|████████▏ | 171/208 [00:12<00:01, 24.66it/s, loss=125.683, acc=25.7%, lr=4.1e-05]
Epoch 01/80 [Train]:  82%|████████▏ | 171/208 [00:12<00:01, 24.66it/s, loss=126.111, acc=25.7%, lr=4.1e-05]
Epoch 01/80 [Train]:  82%|████████▏ | 171/208 [00:12<00:01, 24.66it/s, loss=124.232, acc=25.7%, lr=4.2e-05]
Epoch 01/80 [Train]:  82%|████████▏ | 171/208 [00:12<00:01, 24.66it/s, loss=125.668, acc=25.7%, lr=4.2e-05]
Epoch 01/80 [Train]:  84%|████████▎ | 174/208 [00:12<00:01, 24.61it/s, loss=125.668, acc=25.7%, lr=4.2e-05]
Epoch 01/80 [Train]:  84%|████████▎ | 174/208 [00:12<00:01, 24.61it/s, loss=123.593, acc=25.8%, lr=4.2e-05]
Epoch 01/80 [Train]:  84%|████████▎ | 174/208 [00:12<00:01, 24.61it/s, loss=126.389, acc=25.9%, lr=4.3e-05]
Epoch 01/80 [Train]:  84%|████████▎ | 174/208 [00:12<00:01, 24.61it/s, loss=123.896, acc=25.9%, lr=4.3e-05]
Epoch 01/80 [Train]:  85%|████████▌ | 177/208 [00:12<00:01, 24.75it/s, loss=123.896, acc=25.9%, lr=4.3e-05]
Epoch 01/80 [Train]:  85%|████████▌ | 177/208 [00:12<00:01, 24.75it/s, loss=122.538, acc=26.0%, lr=4.3e-05]
Epoch 01/80 [Train]:  85%|████████▌ | 177/208 [00:12<00:01, 24.75it/s, loss=124.500, acc=26.0%, lr=4.4e-05]
Epoch 01/80 [Train]:  85%|████████▌ | 177/208 [00:12<00:01, 24.75it/s, loss=127.181, acc=26.1%, lr=4.4e-05]
Epoch 01/80 [Train]:  87%|████████▋ | 180/208 [00:12<00:01, 24.92it/s, loss=127.181, acc=26.1%, lr=4.4e-05]
Epoch 01/80 [Train]:  87%|████████▋ | 180/208 [00:13<00:01, 24.92it/s, loss=123.491, acc=26.2%, lr=4.4e-05]
Epoch 01/80 [Train]:  87%|████████▋ | 180/208 [00:13<00:01, 24.92it/s, loss=123.059, acc=26.2%, lr=4.5e-05]
Epoch 01/80 [Train]:  87%|████████▋ | 180/208 [00:13<00:01, 24.92it/s, loss=124.043, acc=26.3%, lr=4.5e-05]
Epoch 01/80 [Train]:  88%|████████▊ | 183/208 [00:13<00:00, 25.00it/s, loss=124.043, acc=26.3%, lr=4.5e-05]
Epoch 01/80 [Train]:  88%|████████▊ | 183/208 [00:13<00:00, 25.00it/s, loss=123.875, acc=26.3%, lr=4.5e-05]
Epoch 01/80 [Train]:  88%|████████▊ | 183/208 [00:13<00:00, 25.00it/s, loss=123.911, acc=26.3%, lr=4.6e-05]
Epoch 01/80 [Train]:  88%|████████▊ | 183/208 [00:13<00:00, 25.00it/s, loss=120.786, acc=26.4%, lr=4.6e-05]
Epoch 01/80 [Train]:  89%|████████▉ | 186/208 [00:13<00:00, 24.93it/s, loss=120.786, acc=26.4%, lr=4.6e-05]
Epoch 01/80 [Train]:  89%|████████▉ | 186/208 [00:13<00:00, 24.93it/s, loss=120.410, acc=26.4%, lr=4.7e-05]
Epoch 01/80 [Train]:  89%|████████▉ | 186/208 [00:13<00:00, 24.93it/s, loss=122.204, acc=26.3%, lr=4.7e-05]
Epoch 01/80 [Train]:  89%|████████▉ | 186/208 [00:13<00:00, 24.93it/s, loss=124.157, acc=26.3%, lr=4.7e-05]
Epoch 01/80 [Train]:  91%|█████████ | 189/208 [00:13<00:00, 24.49it/s, loss=124.157, acc=26.3%, lr=4.7e-05]
Epoch 01/80 [Train]:  91%|█████████ | 189/208 [00:13<00:00, 24.49it/s, loss=123.357, acc=26.4%, lr=4.8e-05]
Epoch 01/80 [Train]:  91%|█████████ | 189/208 [00:13<00:00, 24.49it/s, loss=122.629, acc=26.4%, lr=4.8e-05]
Epoch 01/80 [Train]:  91%|█████████ | 189/208 [00:13<00:00, 24.49it/s, loss=121.605, acc=26.4%, lr=4.8e-05]
Epoch 01/80 [Train]:  92%|█████████▏| 192/208 [00:13<00:00, 24.61it/s, loss=121.605, acc=26.4%, lr=4.8e-05]
Epoch 01/80 [Train]:  92%|█████████▏| 192/208 [00:13<00:00, 24.61it/s, loss=123.036, acc=26.4%, lr=4.9e-05]
Epoch 01/80 [Train]:  92%|█████████▏| 192/208 [00:13<00:00, 24.61it/s, loss=118.996, acc=26.5%, lr=4.9e-05]
Epoch 01/80 [Train]:  92%|█████████▏| 192/208 [00:13<00:00, 24.61it/s, loss=121.856, acc=26.5%, lr=4.9e-05]
Epoch 01/80 [Train]:  94%|█████████▍| 195/208 [00:13<00:00, 24.76it/s, loss=121.856, acc=26.5%, lr=4.9e-05]
Epoch 01/80 [Train]:  94%|█████████▍| 195/208 [00:13<00:00, 24.76it/s, loss=120.480, acc=26.5%, lr=5.0e-05]
Epoch 01/80 [Train]:  94%|█████████▍| 195/208 [00:13<00:00, 24.76it/s, loss=120.082, acc=26.5%, lr=5.0e-05]
Epoch 01/80 [Train]:  94%|█████████▍| 195/208 [00:13<00:00, 24.76it/s, loss=120.318, acc=26.5%, lr=5.0e-05]
Epoch 01/80 [Train]:  95%|█████████▌| 198/208 [00:13<00:00, 24.71it/s, loss=120.318, acc=26.5%, lr=5.0e-05]
Epoch 01/80 [Train]:  95%|█████████▌| 198/208 [00:13<00:00, 24.71it/s, loss=118.391, acc=26.6%, lr=5.1e-05]
Epoch 01/80 [Train]:  95%|█████████▌| 198/208 [00:13<00:00, 24.71it/s, loss=119.049, acc=26.6%, lr=5.1e-05]
Epoch 01/80 [Train]:  95%|█████████▌| 198/208 [00:13<00:00, 24.71it/s, loss=119.229, acc=26.6%, lr=5.2e-05]
Epoch 01/80 [Train]:  97%|█████████▋| 201/208 [00:13<00:00, 24.69it/s, loss=119.229, acc=26.6%, lr=5.2e-05]
Epoch 01/80 [Train]:  97%|█████████▋| 201/208 [00:13<00:00, 24.69it/s, loss=120.470, acc=26.7%, lr=5.2e-05]
Epoch 01/80 [Train]:  97%|█████████▋| 201/208 [00:13<00:00, 24.69it/s, loss=117.041, acc=26.8%, lr=5.2e-05]
Epoch 01/80 [Train]:  97%|█████████▋| 201/208 [00:13<00:00, 24.69it/s, loss=118.906, acc=26.8%, lr=5.3e-05]
Epoch 01/80 [Train]:  98%|█████████▊| 204/208 [00:13<00:00, 24.89it/s, loss=118.906, acc=26.8%, lr=5.3e-05]
Epoch 01/80 [Train]:  98%|█████████▊| 204/208 [00:13<00:00, 24.89it/s, loss=116.910, acc=26.7%, lr=5.3e-05]
Epoch 01/80 [Train]:  98%|█████████▊| 204/208 [00:14<00:00, 24.89it/s, loss=116.585, acc=26.8%, lr=5.4e-05]
Epoch 01/80 [Train]:  98%|█████████▊| 204/208 [00:14<00:00, 24.89it/s, loss=115.254, acc=26.8%, lr=5.4e-05]
Epoch 01/80 [Train]: 100%|█████████▉| 207/208 [00:14<00:00, 24.92it/s, loss=115.254, acc=26.8%, lr=5.4e-05]
Epoch 01/80 [Train]: 100%|█████████▉| 207/208 [00:18<00:00, 24.92it/s, loss=117.001, acc=26.8%, lr=5.4e-05]
Epoch 01/80 [Train]: 100%|██████████| 208/208 [00:18<00:00, 11.23it/s, loss=117.001, acc=26.8%, lr=5.4e-05]

[2026-08-17 01:17:24] [EPOCH 01 SUMMARY]
  Train: Loss = 130.3855 | Top-1 Acc =  26.80%
  Val:   Top-1 Acc =   4.53% | Top-3 =  35.98% | Top-5 =  51.42%
         APL = 13.26 dB | Profile MAE = 34.09 dB (Rank Corr: 0.001)
  Time:  Epoch = 18.5s (Val Eval: 5.2s) | Total Elapsed = 00h:00m:18s | ETA: 00h:24m:23s
  -> [* BEST CHECKPOINT] New highest Val Top-1: 4.53% | Saved to results_rtx5070\checkpoints\best_model_P3_seed42.pt

[2026-08-17 01:17:24] >>> [EPOCH 02/80] Training Started <<<

Epoch 02/80 [Train]:   0%|          | 0/208 [00:00<?, ?it/s]
Epoch 02/80 [Train]:   0%|          | 0/208 [00:00<?, ?it/s, loss=115.885, acc=35.9%, lr=5.5e-05]
Epoch 02/80 [Train]:   0%|          | 0/208 [00:00<?, ?it/s, loss=115.414, acc=33.6%, lr=5.5e-05]
Epoch 02/80 [Train]:   0%|          | 0/208 [00:00<?, ?it/s, loss=115.911, acc=35.4%, lr=5.5e-05]
Epoch 02/80 [Train]:   1%|▏         | 3/208 [00:00<00:08, 22.91it/s, loss=115.911, acc=35.4%, lr=5.5e-05]
Epoch 02/80 [Train]:   1%|▏         | 3/208 [00:00<00:08, 22.91it/s, loss=115.346, acc=35.5%, lr=5.6e-05]
Epoch 02/80 [Train]:   1%|▏         | 3/208 [00:00<00:08, 22.91it/s, loss=115.629, acc=33.8%, lr=5.6e-05]
Epoch 02/80 [Train]:   1%|▏         | 3/208 [00:00<00:08, 22.91it/s, loss=114.245, acc=33.3%, lr=5.7e-05]
Epoch 02/80 [Train]:   3%|▎         | 6/208 [00:00<00:08, 24.18it/s, loss=114.245, acc=33.3%, lr=5.7e-05]
Epoch 02/80 [Train]:   3%|▎         | 6/208 [00:00<00:08, 24.18it/s, loss=115.230, acc=32.4%, lr=5.7e-05]
Epoch 02/80 [Train]:   3%|▎         | 6/208 [00:00<00:08, 24.18it/s, loss=111.634, acc=32.6%, lr=5.7e-05]
Epoch 02/80 [Train]:   3%|▎         | 6/208 [00:00<00:08, 24.18it/s, loss=112.319, acc=32.1%, lr=5.8e-05]
Epoch 02/80 [Train]:   4%|▍         | 9/208 [00:00<00:08, 24.59it/s, loss=112.319, acc=32.1%, lr=5.8e-05]
Epoch 02/80 [Train]:   4%|▍         | 9/208 [00:00<00:08, 24.59it/s, loss=111.786, acc=32.7%, lr=5.8e-05]
Epoch 02/80 [Train]:   4%|▍         | 9/208 [00:00<00:08, 24.59it/s, loss=111.247, acc=32.2%, lr=5.9e-05]
Epoch 02/80 [Train]:   4%|▍         | 9/208 [00:00<00:08, 24.59it/s, loss=112.284, acc=32.6%, lr=5.9e-05]
Epoch 02/80 [Train]:   6%|▌         | 12/208 [00:00<00:08, 24.35it/s, loss=112.284, acc=32.6%, lr=5.9e-05]
Epoch 02/80 [Train]:   6%|▌         | 12/208 [00:00<00:08, 24.35it/s, loss=110.805, acc=32.8%, lr=5.9e-05]
Epoch 02/80 [Train]:   6%|▌         | 12/208 [00:00<00:08, 24.35it/s, loss=111.877, acc=32.4%, lr=6.0e-05]
Epoch 02/80 [Train]:   6%|▌         | 12/208 [00:00<00:08, 24.35it/s, loss=108.787, acc=32.6%, lr=6.0e-05]
Epoch 02/80 [Train]:   7%|▋         | 15/208 [00:00<00:07, 24.17it/s, loss=108.787, acc=32.6%, lr=6.0e-05]
Epoch 02/80 [Train]:   7%|▋         | 15/208 [00:00<00:07, 24.17it/s, loss=110.304, acc=32.6%, lr=6.1e-05]
Epoch 02/80 [Train]:   7%|▋         | 15/208 [00:00<00:07, 24.17it/s, loss=111.781, acc=31.9%, lr=6.1e-05]
Epoch 02/80 [Train]:   7%|▋         | 15/208 [00:00<00:07, 24.17it/s, loss=109.800, acc=31.4%, lr=6.1e-05]
Epoch 02/80 [Train]:   9%|▊         | 18/208 [00:00<00:07, 24.37it/s, loss=109.800, acc=31.4%, lr=6.1e-05]
Epoch 02/80 [Train]:   9%|▊         | 18/208 [00:00<00:07, 24.37it/s, loss=106.611, acc=31.7%, lr=6.2e-05]
Epoch 02/80 [Train]:   9%|▊         | 18/208 [00:00<00:07, 24.37it/s, loss=109.069, acc=31.7%, lr=6.2e-05]
Epoch 02/80 [Train]:   9%|▊         | 18/208 [00:00<00:07, 24.37it/s, loss=106.725, acc=31.8%, lr=6.3e-05]
Epoch 02/80 [Train]:  10%|█         | 21/208 [00:00<00:07, 24.03it/s, loss=106.725, acc=31.8%, lr=6.3e-05]
Epoch 02/80 [Train]:  10%|█         | 21/208 [00:00<00:07, 24.03it/s, loss=106.336, acc=31.9%, lr=6.3e-05]
Epoch 02/80 [Train]:  10%|█         | 21/208 [00:00<00:07, 24.03it/s, loss=106.508, acc=32.0%, lr=6.4e-05]
Epoch 02/80 [Train]:  10%|█         | 21/208 [00:01<00:07, 24.03it/s, loss=105.297, acc=32.1%, lr=6.4e-05]
Epoch 02/80 [Train]:  12%|█▏        | 24/208 [00:01<00:07, 23.55it/s, loss=105.297, acc=32.1%, lr=6.4e-05]
Epoch 02/80 [Train]:  12%|█▏        | 24/208 [00:01<00:07, 23.55it/s, loss=107.622, acc=31.9%, lr=6.4e-05]
Epoch 02/80 [Train]:  12%|█▏        | 24/208 [00:01<00:07, 23.55it/s, loss=105.609, acc=32.2%, lr=6.5e-05]
Epoch 02/80 [Train]:  12%|█▏        | 24/208 [00:01<00:07, 23.55it/s, loss=107.462, acc=31.9%, lr=6.5e-05]
Epoch 02/80 [Train]:  13%|█▎        | 27/208 [00:01<00:07, 23.56it/s, loss=107.462, acc=31.9%, lr=6.5e-05]
Epoch 02/80 [Train]:  13%|█▎        | 27/208 [00:01<00:07, 23.56it/s, loss=104.373, acc=32.3%, lr=6.6e-05]
Epoch 02/80 [Train]:  13%|█▎        | 27/208 [00:01<00:07, 23.56it/s, loss=104.652, acc=32.0%, lr=6.6e-05]
Epoch 02/80 [Train]:  13%|█▎        | 27/208 [00:01<00:07, 23.56it/s, loss=104.362, acc=31.9%, lr=6.6e-05]
Epoch 02/80 [Train]:  14%|█▍        | 30/208 [00:01<00:07, 23.96it/s, loss=104.362, acc=31.9%, lr=6.6e-05]
Epoch 02/80 [Train]:  14%|█▍        | 30/208 [00:01<00:07, 23.96it/s, loss=101.777, acc=32.1%, lr=6.7e-05]
Epoch 02/80 [Train]:  14%|█▍        | 30/208 [00:01<00:07, 23.96it/s, loss=101.767, acc=32.0%, lr=6.7e-05]
Epoch 02/80 [Train]:  14%|█▍        | 30/208 [00:01<00:07, 23.96it/s, loss=101.380, acc=32.0%, lr=6.8e-05]
Epoch 02/80 [Train]:  16%|█▌        | 33/208 [00:01<00:07, 24.34it/s, loss=101.380, acc=32.0%, lr=6.8e-05]
Epoch 02/80 [Train]:  16%|█▌        | 33/208 [00:01<00:07, 24.34it/s, loss=102.048, acc=32.3%, lr=6.8e-05]
Epoch 02/80 [Train]:  16%|█▌        | 33/208 [00:01<00:07, 24.34it/s, loss=98.989, acc=32.8%, lr=6.9e-05] 
Epoch 02/80 [Train]:  16%|█▌        | 33/208 [00:01<00:07, 24.34it/s, loss=100.969, acc=32.4%, lr=6.9e-05]
Epoch 02/80 [Train]:  17%|█▋        | 36/208 [00:01<00:07, 24.48it/s, loss=100.969, acc=32.4%, lr=6.9e-05]
Epoch 02/80 [Train]:  17%|█▋        | 36/208 [00:01<00:07, 24.48it/s, loss=100.037, acc=32.3%, lr=6.9e-05]
Epoch 02/80 [Train]:  17%|█▋        | 36/208 [00:01<00:07, 24.48it/s, loss=99.732, acc=32.3%, lr=7.0e-05] 
Epoch 02/80 [Train]:  17%|█▋        | 36/208 [00:01<00:07, 24.48it/s, loss=98.337, acc=32.4%, lr=7.0e-05]
Epoch 02/80 [Train]:  19%|█▉        | 39/208 [00:01<00:06, 24.43it/s, loss=98.337, acc=32.4%, lr=7.0e-05]
Epoch 02/80 [Train]:  19%|█▉        | 39/208 [00:01<00:06, 24.43it/s, loss=97.424, acc=32.3%, lr=7.1e-05]
Epoch 02/80 [Train]:  19%|█▉        | 39/208 [00:01<00:06, 24.43it/s, loss=95.802, acc=32.3%, lr=7.1e-05]
Epoch 02/80 [Train]:  19%|█▉        | 39/208 [00:01<00:06, 24.43it/s, loss=95.781, acc=32.4%, lr=7.2e-05]
Epoch 02/80 [Train]:  20%|██        | 42/208 [00:01<00:06, 24.42it/s, loss=95.781, acc=32.4%, lr=7.2e-05]
Epoch 02/80 [Train]:  20%|██        | 42/208 [00:01<00:06, 24.42it/s, loss=96.233, acc=32.6%, lr=7.2e-05]
Epoch 02/80 [Train]:  20%|██        | 42/208 [00:01<00:06, 24.42it/s, loss=91.290, acc=32.7%, lr=7.3e-05]
Epoch 02/80 [Train]:  20%|██        | 42/208 [00:01<00:06, 24.42it/s, loss=92.373, acc=32.7%, lr=7.3e-05]
Epoch 02/80 [Train]:  22%|██▏       | 45/208 [00:01<00:06, 24.57it/s, loss=92.373, acc=32.7%, lr=7.3e-05]
Epoch 02/80 [Train]:  22%|██▏       | 45/208 [00:01<00:06, 24.57it/s, loss=94.177, acc=32.6%, lr=7.3e-05]
Epoch 02/80 [Train]:  22%|██▏       | 45/208 [00:01<00:06, 24.57it/s, loss=95.425, acc=32.5%, lr=7.4e-05]
Epoch 02/80 [Train]:  22%|██▏       | 45/208 [00:01<00:06, 24.57it/s, loss=91.699, acc=32.5%, lr=7.4e-05]
Epoch 02/80 [Train]:  23%|██▎       | 48/208 [00:01<00:06, 24.75it/s, loss=91.699, acc=32.5%, lr=7.4e-05]
Epoch 02/80 [Train]:  23%|██▎       | 48/208 [00:02<00:06, 24.75it/s, loss=91.300, acc=32.7%, lr=7.5e-05]
Epoch 02/80 [Train]:  23%|██▎       | 48/208 [00:02<00:06, 24.75it/s, loss=91.735, acc=32.6%, lr=7.5e-05]
Epoch 02/80 [Train]:  23%|██▎       | 48/208 [00:02<00:06, 24.75it/s, loss=89.842, acc=32.6%, lr=7.6e-05]
Epoch 02/80 [Train]:  25%|██▍       | 51/208 [00:02<00:06, 24.74it/s, loss=89.842, acc=32.6%, lr=7.6e-05]
Epoch 02/80 [Train]:  25%|██▍       | 51/208 [00:02<00:06, 24.74it/s, loss=89.921, acc=32.6%, lr=7.6e-05]
Epoch 02/80 [Train]:  25%|██▍       | 51/208 [00:02<00:06, 24.74it/s, loss=88.013, acc=32.6%, lr=7.7e-05]
Epoch 02/80 [Train]:  25%|██▍       | 51/208 [00:02<00:06, 24.74it/s, loss=88.762, acc=32.9%, lr=7.7e-05]
Epoch 02/80 [Train]:  26%|██▌       | 54/208 [00:02<00:06, 24.75it/s, loss=88.762, acc=32.9%, lr=7.7e-05]
Epoch 02/80 [Train]:  26%|██▌       | 54/208 [00:02<00:06, 24.75it/s, loss=87.536, acc=32.9%, lr=7.8e-05]
Epoch 02/80 [Train]:  26%|██▌       | 54/208 [00:02<00:06, 24.75it/s, loss=87.569, acc=32.9%, lr=7.8e-05]
Epoch 02/80 [Train]:  26%|██▌       | 54/208 [00:02<00:06, 24.75it/s, loss=86.517, acc=32.8%, lr=7.8e-05]
Epoch 02/80 [Train]:  27%|██▋       | 57/208 [00:02<00:06, 24.85it/s, loss=86.517, acc=32.8%, lr=7.8e-05]
Epoch 02/80 [Train]:  27%|██▋       | 57/208 [00:02<00:06, 24.85it/s, loss=84.756, acc=32.8%, lr=7.9e-05]
Epoch 02/80 [Train]:  27%|██▋       | 57/208 [00:02<00:06, 24.85it/s, loss=84.719, acc=32.9%, lr=7.9e-05]
Epoch 02/80 [Train]:  27%|██▋       | 57/208 [00:02<00:06, 24.85it/s, loss=84.385, acc=32.9%, lr=8.0e-05]
Epoch 02/80 [Train]:  29%|██▉       | 60/208 [00:02<00:05, 24.93it/s, loss=84.385, acc=32.9%, lr=8.0e-05]
Epoch 02/80 [Train]:  29%|██▉       | 60/208 [00:02<00:05, 24.93it/s, loss=81.571, acc=32.9%, lr=8.0e-05]
Epoch 02/80 [Train]:  29%|██▉       | 60/208 [00:02<00:05, 24.93it/s, loss=81.670, acc=33.0%, lr=8.1e-05]
Epoch 02/80 [Train]:  29%|██▉       | 60/208 [00:02<00:05, 24.93it/s, loss=82.888, acc=33.1%, lr=8.1e-05]
Epoch 02/80 [Train]:  30%|███       | 63/208 [00:02<00:05, 24.97it/s, loss=82.888, acc=33.1%, lr=8.1e-05]
Epoch 02/80 [Train]:  30%|███       | 63/208 [00:02<00:05, 24.97it/s, loss=79.772, acc=33.1%, lr=8.2e-05]
Epoch 02/80 [Train]:  30%|███       | 63/208 [00:02<00:05, 24.97it/s, loss=78.863, acc=33.0%, lr=8.2e-05]
Epoch 02/80 [Train]:  30%|███       | 63/208 [00:02<00:05, 24.97it/s, loss=79.100, acc=32.9%, lr=8.3e-05]
Epoch 02/80 [Train]:  32%|███▏      | 66/208 [00:02<00:05, 24.75it/s, loss=79.100, acc=32.9%, lr=8.3e-05]
Epoch 02/80 [Train]:  32%|███▏      | 66/208 [00:02<00:05, 24.75it/s, loss=78.975, acc=32.8%, lr=8.3e-05]
Epoch 02/80 [Train]:  32%|███▏      | 66/208 [00:02<00:05, 24.75it/s, loss=76.376, acc=32.8%, lr=8.4e-05]
Epoch 02/80 [Train]:  32%|███▏      | 66/208 [00:02<00:05, 24.75it/s, loss=75.861, acc=32.7%, lr=8.4e-05]
Epoch 02/80 [Train]:  33%|███▎      | 69/208 [00:02<00:05, 24.75it/s, loss=75.861, acc=32.7%, lr=8.4e-05]
Epoch 02/80 [Train]:  33%|███▎      | 69/208 [00:02<00:05, 24.75it/s, loss=75.120, acc=32.8%, lr=8.4e-05]
Epoch 02/80 [Train]:  33%|███▎      | 69/208 [00:02<00:05, 24.75it/s, loss=75.096, acc=32.7%, lr=8.5e-05]
Epoch 02/80 [Train]:  33%|███▎      | 69/208 [00:02<00:05, 24.75it/s, loss=74.803, acc=32.5%, lr=8.5e-05]
Epoch 02/80 [Train]:  35%|███▍      | 72/208 [00:02<00:05, 24.58it/s, loss=74.803, acc=32.5%, lr=8.5e-05]
Epoch 02/80 [Train]:  35%|███▍      | 72/208 [00:02<00:05, 24.58it/s, loss=72.130, acc=32.6%, lr=8.6e-05]
Epoch 02/80 [Train]:  35%|███▍      | 72/208 [00:03<00:05, 24.58it/s, loss=72.064, acc=32.4%, lr=8.6e-05]
Epoch 02/80 [Train]:  35%|███▍      | 72/208 [00:03<00:05, 24.58it/s, loss=71.331, acc=32.5%, lr=8.7e-05]
Epoch 02/80 [Train]:  36%|███▌      | 75/208 [00:03<00:05, 24.57it/s, loss=71.331, acc=32.5%, lr=8.7e-05]
Epoch 02/80 [Train]:  36%|███▌      | 75/208 [00:03<00:05, 24.57it/s, loss=70.902, acc=32.3%, lr=8.7e-05]
Epoch 02/80 [Train]:  36%|███▌      | 75/208 [00:03<00:05, 24.57it/s, loss=67.958, acc=32.3%, lr=8.8e-05]
Epoch 02/80 [Train]:  36%|███▌      | 75/208 [00:03<00:05, 24.57it/s, loss=69.529, acc=32.3%, lr=8.8e-05]
Epoch 02/80 [Train]:  38%|███▊      | 78/208 [00:03<00:05, 24.52it/s, loss=69.529, acc=32.3%, lr=8.8e-05]
Epoch 02/80 [Train]:  38%|███▊      | 78/208 [00:03<00:05, 24.52it/s, loss=67.111, acc=32.1%, lr=8.9e-05]
Epoch 02/80 [Train]:  38%|███▊      | 78/208 [00:03<00:05, 24.52it/s, loss=66.403, acc=32.0%, lr=8.9e-05]
Epoch 02/80 [Train]:  38%|███▊      | 78/208 [00:03<00:05, 24.52it/s, loss=65.240, acc=32.0%, lr=9.0e-05]
Epoch 02/80 [Train]:  39%|███▉      | 81/208 [00:03<00:05, 24.69it/s, loss=65.240, acc=32.0%, lr=9.0e-05]
Epoch 02/80 [Train]:  39%|███▉      | 81/208 [00:03<00:05, 24.69it/s, loss=63.906, acc=32.1%, lr=9.0e-05]
Epoch 02/80 [Train]:  39%|███▉      | 81/208 [00:03<00:05, 24.69it/s, loss=65.499, acc=32.0%, lr=9.1e-05]
Epoch 02/80 [Train]:  39%|███▉      | 81/208 [00:03<00:05, 24.69it/s, loss=63.446, acc=32.1%, lr=9.1e-05]
Epoch 02/80 [Train]:  40%|████      | 84/208 [00:03<00:04, 24.96it/s, loss=63.446, acc=32.1%, lr=9.1e-05]
Epoch 02/80 [Train]:  40%|████      | 84/208 [00:03<00:04, 24.96it/s, loss=62.832, acc=32.0%, lr=9.2e-05]
Epoch 02/80 [Train]:  40%|████      | 84/208 [00:03<00:04, 24.96it/s, loss=60.919, acc=32.0%, lr=9.2e-05]
Epoch 02/80 [Train]:  40%|████      | 84/208 [00:03<00:04, 24.96it/s, loss=59.614, acc=32.0%, lr=9.3e-05]
Epoch 02/80 [Train]:  42%|████▏     | 87/208 [00:03<00:04, 24.87it/s, loss=59.614, acc=32.0%, lr=9.3e-05]
Epoch 02/80 [Train]:  42%|████▏     | 87/208 [00:03<00:04, 24.87it/s, loss=59.903, acc=32.0%, lr=9.3e-05]
Epoch 02/80 [Train]:  42%|████▏     | 87/208 [00:03<00:04, 24.87it/s, loss=60.162, acc=31.8%, lr=9.4e-05]
Epoch 02/80 [Train]:  42%|████▏     | 87/208 [00:03<00:04, 24.87it/s, loss=57.645, acc=31.9%, lr=9.4e-05]
Epoch 02/80 [Train]:  43%|████▎     | 90/208 [00:03<00:04, 24.84it/s, loss=57.645, acc=31.9%, lr=9.4e-05]
Epoch 02/80 [Train]:  43%|████▎     | 90/208 [00:03<00:04, 24.84it/s, loss=57.367, acc=31.8%, lr=9.5e-05]
Epoch 02/80 [Train]:  43%|████▎     | 90/208 [00:03<00:04, 24.84it/s, loss=55.546, acc=31.8%, lr=9.5e-05]
Epoch 02/80 [Train]:  43%|████▎     | 90/208 [00:03<00:04, 24.84it/s, loss=55.372, acc=31.8%, lr=9.6e-05]
Epoch 02/80 [Train]:  45%|████▍     | 93/208 [00:03<00:04, 24.80it/s, loss=55.372, acc=31.8%, lr=9.6e-05]
Epoch 02/80 [Train]:  45%|████▍     | 93/208 [00:03<00:04, 24.80it/s, loss=53.185, acc=31.8%, lr=9.6e-05]
Epoch 02/80 [Train]:  45%|████▍     | 93/208 [00:03<00:04, 24.80it/s, loss=52.346, acc=31.8%, lr=9.7e-05]
Epoch 02/80 [Train]:  45%|████▍     | 93/208 [00:03<00:04, 24.80it/s, loss=51.387, acc=31.8%, lr=9.7e-05]
Epoch 02/80 [Train]:  46%|████▌     | 96/208 [00:03<00:04, 24.97it/s, loss=51.387, acc=31.8%, lr=9.7e-05]
Epoch 02/80 [Train]:  46%|████▌     | 96/208 [00:03<00:04, 24.97it/s, loss=51.344, acc=31.6%, lr=9.8e-05]
Epoch 02/80 [Train]:  46%|████▌     | 96/208 [00:03<00:04, 24.97it/s, loss=49.898, acc=31.6%, lr=9.8e-05]
Epoch 02/80 [Train]:  46%|████▌     | 96/208 [00:04<00:04, 24.97it/s, loss=49.093, acc=31.5%, lr=9.9e-05]
Epoch 02/80 [Train]:  48%|████▊     | 99/208 [00:04<00:04, 24.96it/s, loss=49.093, acc=31.5%, lr=9.9e-05]
Epoch 02/80 [Train]:  48%|████▊     | 99/208 [00:04<00:04, 24.96it/s, loss=48.999, acc=31.5%, lr=9.9e-05]
Epoch 02/80 [Train]:  48%|████▊     | 99/208 [00:04<00:04, 24.96it/s, loss=47.173, acc=31.5%, lr=1.0e-04]
Epoch 02/80 [Train]:  48%|████▊     | 99/208 [00:04<00:04, 24.96it/s, loss=47.135, acc=31.5%, lr=1.0e-04]
Epoch 02/80 [Train]:  49%|████▉     | 102/208 [00:04<00:04, 24.78it/s, loss=47.135, acc=31.5%, lr=1.0e-04]
Epoch 02/80 [Train]:  49%|████▉     | 102/208 [00:04<00:04, 24.78it/s, loss=45.176, acc=31.5%, lr=1.0e-04]
Epoch 02/80 [Train]:  49%|████▉     | 102/208 [00:04<00:04, 24.78it/s, loss=45.139, acc=31.4%, lr=1.0e-04]
Epoch 02/80 [Train]:  49%|████▉     | 102/208 [00:04<00:04, 24.78it/s, loss=43.837, acc=31.4%, lr=1.0e-04]
Epoch 02/80 [Train]:  50%|█████     | 105/208 [00:04<00:04, 24.91it/s, loss=43.837, acc=31.4%, lr=1.0e-04]
Epoch 02/80 [Train]:  50%|█████     | 105/208 [00:04<00:04, 24.91it/s, loss=42.601, acc=31.5%, lr=1.0e-04]
Epoch 02/80 [Train]:  50%|█████     | 105/208 [00:04<00:04, 24.91it/s, loss=40.883, acc=31.4%, lr=1.0e-04]
Epoch 02/80 [Train]:  50%|█████     | 105/208 [00:04<00:04, 24.91it/s, loss=41.444, acc=31.4%, lr=1.0e-04]
Epoch 02/80 [Train]:  52%|█████▏    | 108/208 [00:04<00:04, 24.78it/s, loss=41.444, acc=31.4%, lr=1.0e-04]
Epoch 02/80 [Train]:  52%|█████▏    | 108/208 [00:04<00:04, 24.78it/s, loss=40.765, acc=31.4%, lr=1.0e-04]
Epoch 02/80 [Train]:  52%|█████▏    | 108/208 [00:04<00:04, 24.78it/s, loss=39.038, acc=31.4%, lr=1.0e-04]
Epoch 02/80 [Train]:  52%|█████▏    | 108/208 [00:04<00:04, 24.78it/s, loss=39.918, acc=31.4%, lr=1.0e-04]
Epoch 02/80 [Train]:  53%|█████▎    | 111/208 [00:04<00:03, 24.78it/s, loss=39.918, acc=31.4%, lr=1.0e-04]
Epoch 02/80 [Train]:  53%|█████▎    | 111/208 [00:04<00:03, 24.78it/s, loss=37.245, acc=31.4%, lr=1.1e-04]
Epoch 02/80 [Train]:  53%|█████▎    | 111/208 [00:04<00:03, 24.78it/s, loss=37.246, acc=31.4%, lr=1.1e-04]
Epoch 02/80 [Train]:  53%|█████▎    | 111/208 [00:04<00:03, 24.78it/s, loss=36.750, acc=31.4%, lr=1.1e-04]
Epoch 02/80 [Train]:  55%|█████▍    | 114/208 [00:04<00:03, 24.66it/s, loss=36.750, acc=31.4%, lr=1.1e-04]
Epoch 02/80 [Train]:  55%|█████▍    | 114/208 [00:04<00:03, 24.66it/s, loss=36.305, acc=31.5%, lr=1.1e-04]
Epoch 02/80 [Train]:  55%|█████▍    | 114/208 [00:04<00:03, 24.66it/s, loss=34.527, acc=31.4%, lr=1.1e-04]
Epoch 02/80 [Train]:  55%|█████▍    | 114/208 [00:04<00:03, 24.66it/s, loss=34.232, acc=31.5%, lr=1.1e-04]
Epoch 02/80 [Train]:  56%|█████▋    | 117/208 [00:04<00:03, 24.71it/s, loss=34.232, acc=31.5%, lr=1.1e-04]
Epoch 02/80 [Train]:  56%|█████▋    | 117/208 [00:04<00:03, 24.71it/s, loss=32.946, acc=31.5%, lr=1.1e-04]
Epoch 02/80 [Train]:  56%|█████▋    | 117/208 [00:04<00:03, 24.71it/s, loss=31.267, acc=31.6%, lr=1.1e-04]
Epoch 02/80 [Train]:  56%|█████▋    | 117/208 [00:04<00:03, 24.71it/s, loss=30.583, acc=31.7%, lr=1.1e-04]
Epoch 02/80 [Train]:  58%|█████▊    | 120/208 [00:04<00:03, 24.85it/s, loss=30.583, acc=31.7%, lr=1.1e-04]
Epoch 02/80 [Train]:  58%|█████▊    | 120/208 [00:04<00:03, 24.85it/s, loss=29.983, acc=31.6%, lr=1.1e-04]
Epoch 02/80 [Train]:  58%|█████▊    | 120/208 [00:04<00:03, 24.85it/s, loss=30.397, acc=31.6%, lr=1.1e-04]
Epoch 02/80 [Train]:  58%|█████▊    | 120/208 [00:04<00:03, 24.85it/s, loss=27.813, acc=31.6%, lr=1.1e-04]
Epoch 02/80 [Train]:  59%|█████▉    | 123/208 [00:05<00:03, 24.86it/s, loss=27.813, acc=31.6%, lr=1.1e-04]
Epoch 02/80 [Train]:  59%|█████▉    | 123/208 [00:05<00:03, 24.86it/s, loss=28.669, acc=31.7%, lr=1.1e-04]
Epoch 02/80 [Train]:  59%|█████▉    | 123/208 [00:05<00:03, 24.86it/s, loss=27.277, acc=31.7%, lr=1.1e-04]
Epoch 02/80 [Train]:  59%|█████▉    | 123/208 [00:05<00:03, 24.86it/s, loss=26.661, acc=31.7%, lr=1.1e-04]
Epoch 02/80 [Train]:  61%|██████    | 126/208 [00:05<00:03, 24.84it/s, loss=26.661, acc=31.7%, lr=1.1e-04]
Epoch 02/80 [Train]:  61%|██████    | 126/208 [00:05<00:03, 24.84it/s, loss=26.384, acc=31.7%, lr=1.1e-04]
Epoch 02/80 [Train]:  61%|██████    | 126/208 [00:05<00:03, 24.84it/s, loss=24.143, acc=31.8%, lr=1.1e-04]
Epoch 02/80 [Train]:  61%|██████    | 126/208 [00:05<00:03, 24.84it/s, loss=23.640, acc=31.8%, lr=1.1e-04]
Epoch 02/80 [Train]:  62%|██████▏   | 129/208 [00:05<00:03, 24.25it/s, loss=23.640, acc=31.8%, lr=1.1e-04]
Epoch 02/80 [Train]:  62%|██████▏   | 129/208 [00:05<00:03, 24.25it/s, loss=23.112, acc=31.7%, lr=1.1e-04]
Epoch 02/80 [Train]:  62%|██████▏   | 129/208 [00:05<00:03, 24.25it/s, loss=22.919, acc=31.8%, lr=1.1e-04]
Epoch 02/80 [Train]:  62%|██████▏   | 129/208 [00:05<00:03, 24.25it/s, loss=22.252, acc=31.8%, lr=1.2e-04]
Epoch 02/80 [Train]:  63%|██████▎   | 132/208 [00:05<00:03, 24.04it/s, loss=22.252, acc=31.8%, lr=1.2e-04]
Epoch 02/80 [Train]:  63%|██████▎   | 132/208 [00:05<00:03, 24.04it/s, loss=20.821, acc=31.8%, lr=1.2e-04]
Epoch 02/80 [Train]:  63%|██████▎   | 132/208 [00:05<00:03, 24.04it/s, loss=21.258, acc=31.8%, lr=1.2e-04]
Epoch 02/80 [Train]:  63%|██████▎   | 132/208 [00:05<00:03, 24.04it/s, loss=20.155, acc=31.8%, lr=1.2e-04]
Epoch 02/80 [Train]:  65%|██████▍   | 135/208 [00:05<00:03, 24.01it/s, loss=20.155, acc=31.8%, lr=1.2e-04]
Epoch 02/80 [Train]:  65%|██████▍   | 135/208 [00:05<00:03, 24.01it/s, loss=19.003, acc=31.8%, lr=1.2e-04]
Epoch 02/80 [Train]:  65%|██████▍   | 135/208 [00:05<00:03, 24.01it/s, loss=18.794, acc=31.8%, lr=1.2e-04]
Epoch 02/80 [Train]:  65%|██████▍   | 135/208 [00:05<00:03, 24.01it/s, loss=18.073, acc=31.8%, lr=1.2e-04]
Epoch 02/80 [Train]:  66%|██████▋   | 138/208 [00:05<00:02, 24.33it/s, loss=18.073, acc=31.8%, lr=1.2e-04]
Epoch 02/80 [Train]:  66%|██████▋   | 138/208 [00:05<00:02, 24.33it/s, loss=17.793, acc=31.9%, lr=1.2e-04]
Epoch 02/80 [Train]:  66%|██████▋   | 138/208 [00:05<00:02, 24.33it/s, loss=17.280, acc=32.0%, lr=1.2e-04]
Epoch 02/80 [Train]:  66%|██████▋   | 138/208 [00:05<00:02, 24.33it/s, loss=16.402, acc=32.1%, lr=1.2e-04]
Epoch 02/80 [Train]:  68%|██████▊   | 141/208 [00:05<00:02, 24.33it/s, loss=16.402, acc=32.1%, lr=1.2e-04]
Epoch 02/80 [Train]:  68%|██████▊   | 141/208 [00:05<00:02, 24.33it/s, loss=16.084, acc=32.1%, lr=1.2e-04]
Epoch 02/80 [Train]:  68%|██████▊   | 141/208 [00:05<00:02, 24.33it/s, loss=15.871, acc=32.2%, lr=1.2e-04]
Epoch 02/80 [Train]:  68%|██████▊   | 141/208 [00:05<00:02, 24.33it/s, loss=15.000, acc=32.2%, lr=1.2e-04]
Epoch 02/80 [Train]:  69%|██████▉   | 144/208 [00:05<00:02, 24.45it/s, loss=15.000, acc=32.2%, lr=1.2e-04]
Epoch 02/80 [Train]:  69%|██████▉   | 144/208 [00:05<00:02, 24.45it/s, loss=14.045, acc=32.3%, lr=1.2e-04]
Epoch 02/80 [Train]:  69%|██████▉   | 144/208 [00:05<00:02, 24.45it/s, loss=14.193, acc=32.4%, lr=1.2e-04]
Epoch 02/80 [Train]:  69%|██████▉   | 144/208 [00:05<00:02, 24.45it/s, loss=13.441, acc=32.3%, lr=1.2e-04]
Epoch 02/80 [Train]:  71%|███████   | 147/208 [00:05<00:02, 24.51it/s, loss=13.441, acc=32.3%, lr=1.2e-04]
Epoch 02/80 [Train]:  71%|███████   | 147/208 [00:06<00:02, 24.51it/s, loss=13.033, acc=32.3%, lr=1.2e-04]
Epoch 02/80 [Train]:  71%|███████   | 147/208 [00:06<00:02, 24.51it/s, loss=12.915, acc=32.4%, lr=1.2e-04]
Epoch 02/80 [Train]:  71%|███████   | 147/208 [00:06<00:02, 24.51it/s, loss=12.662, acc=32.5%, lr=1.2e-04]
Epoch 02/80 [Train]:  72%|███████▏  | 150/208 [00:06<00:02, 24.40it/s, loss=12.662, acc=32.5%, lr=1.2e-04]
Epoch 02/80 [Train]:  72%|███████▏  | 150/208 [00:06<00:02, 24.40it/s, loss=12.667, acc=32.4%, lr=1.3e-04]
Epoch 02/80 [Train]:  72%|███████▏  | 150/208 [00:06<00:02, 24.40it/s, loss=11.855, acc=32.5%, lr=1.3e-04]
Epoch 02/80 [Train]:  72%|███████▏  | 150/208 [00:06<00:02, 24.40it/s, loss=11.401, acc=32.5%, lr=1.3e-04]
Epoch 02/80 [Train]:  74%|███████▎  | 153/208 [00:06<00:02, 24.45it/s, loss=11.401, acc=32.5%, lr=1.3e-04]
Epoch 02/80 [Train]:  74%|███████▎  | 153/208 [00:06<00:02, 24.45it/s, loss=10.992, acc=32.5%, lr=1.3e-04]
Epoch 02/80 [Train]:  74%|███████▎  | 153/208 [00:06<00:02, 24.45it/s, loss=10.394, acc=32.6%, lr=1.3e-04]
Epoch 02/80 [Train]:  74%|███████▎  | 153/208 [00:06<00:02, 24.45it/s, loss=10.447, acc=32.7%, lr=1.3e-04]
Epoch 02/80 [Train]:  75%|███████▌  | 156/208 [00:06<00:02, 24.62it/s, loss=10.447, acc=32.7%, lr=1.3e-04]
Epoch 02/80 [Train]:  75%|███████▌  | 156/208 [00:06<00:02, 24.62it/s, loss=10.218, acc=32.7%, lr=1.3e-04]
Epoch 02/80 [Train]:  75%|███████▌  | 156/208 [00:06<00:02, 24.62it/s, loss=9.819, acc=32.7%, lr=1.3e-04] 
Epoch 02/80 [Train]:  75%|███████▌  | 156/208 [00:06<00:02, 24.62it/s, loss=8.973, acc=32.8%, lr=1.3e-04]
Epoch 02/80 [Train]:  76%|███████▋  | 159/208 [00:06<00:01, 24.80it/s, loss=8.973, acc=32.8%, lr=1.3e-04]
Epoch 02/80 [Train]:  76%|███████▋  | 159/208 [00:06<00:01, 24.80it/s, loss=8.913, acc=32.9%, lr=1.3e-04]
Epoch 02/80 [Train]:  76%|███████▋  | 159/208 [00:06<00:01, 24.80it/s, loss=9.077, acc=32.9%, lr=1.3e-04]
Epoch 02/80 [Train]:  76%|███████▋  | 159/208 [00:06<00:01, 24.80it/s, loss=8.790, acc=32.9%, lr=1.3e-04]
Epoch 02/80 [Train]:  78%|███████▊  | 162/208 [00:06<00:01, 24.17it/s, loss=8.790, acc=32.9%, lr=1.3e-04]
Epoch 02/80 [Train]:  78%|███████▊  | 162/208 [00:06<00:01, 24.17it/s, loss=8.001, acc=33.0%, lr=1.3e-04]
Epoch 02/80 [Train]:  78%|███████▊  | 162/208 [00:06<00:01, 24.17it/s, loss=8.676, acc=33.0%, lr=1.3e-04]
Epoch 02/80 [Train]:  78%|███████▊  | 162/208 [00:06<00:01, 24.17it/s, loss=7.845, acc=33.0%, lr=1.3e-04]
Epoch 02/80 [Train]:  79%|███████▉  | 165/208 [00:06<00:01, 24.32it/s, loss=7.845, acc=33.0%, lr=1.3e-04]
Epoch 02/80 [Train]:  79%|███████▉  | 165/208 [00:06<00:01, 24.32it/s, loss=8.059, acc=33.1%, lr=1.3e-04]
Epoch 02/80 [Train]:  79%|███████▉  | 165/208 [00:06<00:01, 24.32it/s, loss=7.681, acc=33.1%, lr=1.3e-04]
Epoch 02/80 [Train]:  79%|███████▉  | 165/208 [00:06<00:01, 24.32it/s, loss=7.961, acc=33.1%, lr=1.3e-04]
Epoch 02/80 [Train]:  81%|████████  | 168/208 [00:06<00:01, 24.37it/s, loss=7.961, acc=33.1%, lr=1.3e-04]
Epoch 02/80 [Train]:  81%|████████  | 168/208 [00:06<00:01, 24.37it/s, loss=7.599, acc=33.1%, lr=1.4e-04]
Epoch 02/80 [Train]:  81%|████████  | 168/208 [00:06<00:01, 24.37it/s, loss=7.040, acc=33.2%, lr=1.4e-04]
Epoch 02/80 [Train]:  81%|████████  | 168/208 [00:06<00:01, 24.37it/s, loss=7.043, acc=33.3%, lr=1.4e-04]
Epoch 02/80 [Train]:  82%|████████▏ | 171/208 [00:06<00:01, 24.56it/s, loss=7.043, acc=33.3%, lr=1.4e-04]
Epoch 02/80 [Train]:  82%|████████▏ | 171/208 [00:07<00:01, 24.56it/s, loss=6.703, acc=33.3%, lr=1.4e-04]
Epoch 02/80 [Train]:  82%|████████▏ | 171/208 [00:07<00:01, 24.56it/s, loss=6.876, acc=33.4%, lr=1.4e-04]
Epoch 02/80 [Train]:  82%|████████▏ | 171/208 [00:07<00:01, 24.56it/s, loss=6.664, acc=33.5%, lr=1.4e-04]
Epoch 02/80 [Train]:  84%|████████▎ | 174/208 [00:07<00:01, 24.50it/s, loss=6.664, acc=33.5%, lr=1.4e-04]
Epoch 02/80 [Train]:  84%|████████▎ | 174/208 [00:07<00:01, 24.50it/s, loss=6.571, acc=33.5%, lr=1.4e-04]
Epoch 02/80 [Train]:  84%|████████▎ | 174/208 [00:07<00:01, 24.50it/s, loss=6.566, acc=33.6%, lr=1.4e-04]
Epoch 02/80 [Train]:  84%|████████▎ | 174/208 [00:07<00:01, 24.50it/s, loss=6.439, acc=33.7%, lr=1.4e-04]
Epoch 02/80 [Train]:  85%|████████▌ | 177/208 [00:07<00:01, 24.68it/s, loss=6.439, acc=33.7%, lr=1.4e-04]
Epoch 02/80 [Train]:  85%|████████▌ | 177/208 [00:07<00:01, 24.68it/s, loss=5.930, acc=33.8%, lr=1.4e-04]
Epoch 02/80 [Train]:  85%|████████▌ | 177/208 [00:07<00:01, 24.68it/s, loss=6.371, acc=33.8%, lr=1.4e-04]
Epoch 02/80 [Train]:  85%|████████▌ | 177/208 [00:07<00:01, 24.68it/s, loss=6.124, acc=33.8%, lr=1.4e-04]
Epoch 02/80 [Train]:  87%|████████▋ | 180/208 [00:07<00:01, 24.63it/s, loss=6.124, acc=33.8%, lr=1.4e-04]
Epoch 02/80 [Train]:  87%|████████▋ | 180/208 [00:07<00:01, 24.63it/s, loss=5.556, acc=34.0%, lr=1.4e-04]
Epoch 02/80 [Train]:  87%|████████▋ | 180/208 [00:07<00:01, 24.63it/s, loss=5.891, acc=34.0%, lr=1.4e-04]
Epoch 02/80 [Train]:  87%|████████▋ | 180/208 [00:07<00:01, 24.63it/s, loss=5.573, acc=34.1%, lr=1.4e-04]
Epoch 02/80 [Train]:  88%|████████▊ | 183/208 [00:07<00:01, 24.74it/s, loss=5.573, acc=34.1%, lr=1.4e-04]
Epoch 02/80 [Train]:  88%|████████▊ | 183/208 [00:07<00:01, 24.74it/s, loss=5.452, acc=34.2%, lr=1.4e-04]
Epoch 02/80 [Train]:  88%|████████▊ | 183/208 [00:07<00:01, 24.74it/s, loss=5.520, acc=34.3%, lr=1.4e-04]
Epoch 02/80 [Train]:  88%|████████▊ | 183/208 [00:07<00:01, 24.74it/s, loss=5.846, acc=34.3%, lr=1.4e-04]
Epoch 02/80 [Train]:  89%|████████▉ | 186/208 [00:07<00:00, 24.82it/s, loss=5.846, acc=34.3%, lr=1.4e-04]
Epoch 02/80 [Train]:  89%|████████▉ | 186/208 [00:07<00:00, 24.82it/s, loss=5.477, acc=34.3%, lr=1.4e-04]
Epoch 02/80 [Train]:  89%|████████▉ | 186/208 [00:07<00:00, 24.82it/s, loss=5.802, acc=34.3%, lr=1.5e-04]
Epoch 02/80 [Train]:  89%|████████▉ | 186/208 [00:07<00:00, 24.82it/s, loss=5.683, acc=34.3%, lr=1.5e-04]
Epoch 02/80 [Train]:  91%|█████████ | 189/208 [00:07<00:00, 24.78it/s, loss=5.683, acc=34.3%, lr=1.5e-04]
Epoch 02/80 [Train]:  91%|█████████ | 189/208 [00:07<00:00, 24.78it/s, loss=5.612, acc=34.3%, lr=1.5e-04]
Epoch 02/80 [Train]:  91%|█████████ | 189/208 [00:07<00:00, 24.78it/s, loss=5.513, acc=34.4%, lr=1.5e-04]
Epoch 02/80 [Train]:  91%|█████████ | 189/208 [00:07<00:00, 24.78it/s, loss=5.823, acc=34.4%, lr=1.5e-04]
Epoch 02/80 [Train]:  92%|█████████▏| 192/208 [00:07<00:00, 24.80it/s, loss=5.823, acc=34.4%, lr=1.5e-04]
Epoch 02/80 [Train]:  92%|█████████▏| 192/208 [00:07<00:00, 24.80it/s, loss=5.602, acc=34.4%, lr=1.5e-04]
Epoch 02/80 [Train]:  92%|█████████▏| 192/208 [00:07<00:00, 24.80it/s, loss=6.353, acc=34.5%, lr=1.5e-04]
Epoch 02/80 [Train]:  92%|█████████▏| 192/208 [00:07<00:00, 24.80it/s, loss=5.892, acc=34.5%, lr=1.5e-04]
Epoch 02/80 [Train]:  94%|█████████▍| 195/208 [00:07<00:00, 24.89it/s, loss=5.892, acc=34.5%, lr=1.5e-04]
Epoch 02/80 [Train]:  94%|█████████▍| 195/208 [00:07<00:00, 24.89it/s, loss=5.795, acc=34.6%, lr=1.5e-04]
Epoch 02/80 [Train]:  94%|█████████▍| 195/208 [00:08<00:00, 24.89it/s, loss=4.867, acc=34.6%, lr=1.5e-04]
Epoch 02/80 [Train]:  94%|█████████▍| 195/208 [00:08<00:00, 24.89it/s, loss=5.589, acc=34.6%, lr=1.5e-04]
Epoch 02/80 [Train]:  95%|█████████▌| 198/208 [00:08<00:00, 24.72it/s, loss=5.589, acc=34.6%, lr=1.5e-04]
Epoch 02/80 [Train]:  95%|█████████▌| 198/208 [00:08<00:00, 24.72it/s, loss=5.208, acc=34.6%, lr=1.5e-04]
Epoch 02/80 [Train]:  95%|█████████▌| 198/208 [00:08<00:00, 24.72it/s, loss=4.869, acc=34.7%, lr=1.5e-04]
Epoch 02/80 [Train]:  95%|█████████▌| 198/208 [00:08<00:00, 24.72it/s, loss=5.132, acc=34.8%, lr=1.5e-04]
Epoch 02/80 [Train]:  97%|█████████▋| 201/208 [00:08<00:00, 24.94it/s, loss=5.132, acc=34.8%, lr=1.5e-04]
Epoch 02/80 [Train]:  97%|█████████▋| 201/208 [00:08<00:00, 24.94it/s, loss=4.963, acc=34.8%, lr=1.5e-04]
Epoch 02/80 [Train]:  97%|█████████▋| 201/208 [00:08<00:00, 24.94it/s, loss=5.279, acc=34.9%, lr=1.5e-04]
Epoch 02/80 [Train]:  97%|█████████▋| 201/208 [00:08<00:00, 24.94it/s, loss=5.074, acc=34.9%, lr=1.5e-04]
Epoch 02/80 [Train]:  98%|█████████▊| 204/208 [00:08<00:00, 25.09it/s, loss=5.074, acc=34.9%, lr=1.5e-04]
Epoch 02/80 [Train]:  98%|█████████▊| 204/208 [00:08<00:00, 25.09it/s, loss=4.926, acc=35.0%, lr=1.5e-04]
Epoch 02/80 [Train]:  98%|█████████▊| 204/208 [00:08<00:00, 25.09it/s, loss=5.398, acc=35.0%, lr=1.6e-04]
Epoch 02/80 [Train]:  98%|█████████▊| 204/208 [00:08<00:00, 25.09it/s, loss=4.520, acc=35.1%, lr=1.6e-04]
Epoch 02/80 [Train]: 100%|█████████▉| 207/208 [00:08<00:00, 25.09it/s, loss=4.520, acc=35.1%, lr=1.6e-04]
Epoch 02/80 [Train]: 100%|█████████▉| 207/208 [00:08<00:00, 25.09it/s, loss=6.226, acc=35.1%, lr=1.6e-04]
Epoch 02/80 [Train]: 100%|██████████| 208/208 [00:08<00:00, 24.65it/s, loss=6.226, acc=35.1%, lr=1.6e-04]

[2026-08-17 01:17:35] [EPOCH 02 SUMMARY]
  Train: Loss = 50.9239 | Top-1 Acc =  35.08%
  Val:   Top-1 Acc =  15.41% | Top-3 =  35.17% | Top-5 =  52.06%
         APL = 11.32 dB | Profile MAE =  3.14 dB (Rank Corr: 0.205)
  Time:  Epoch = 8.4s (Val Eval: 2.1s) | Total Elapsed = 00h:00m:26s | ETA: 00h:17m:31s
  -> [* BEST CHECKPOINT] New highest Val Top-1: 15.41% | Saved to results_rtx5070\checkpoints\best_model_P3_seed42.pt

[2026-08-17 01:17:35] >>> [EPOCH 03/80] Training Started <<<

Epoch 03/80 [Train]:   0%|          | 0/208 [00:00<?, ?it/s]
Epoch 03/80 [Train]:   0%|          | 0/208 [00:00<?, ?it/s, loss=5.548, acc=50.0%, lr=1.6e-04]
Epoch 03/80 [Train]:   0%|          | 0/208 [00:00<?, ?it/s, loss=5.145, acc=45.3%, lr=1.6e-04]
Epoch 03/80 [Train]:   0%|          | 0/208 [00:00<?, ?it/s, loss=5.239, acc=46.9%, lr=1.6e-04]
Epoch 03/80 [Train]:   1%|▏         | 3/208 [00:00<00:08, 24.46it/s, loss=5.239, acc=46.9%, lr=1.6e-04]
Epoch 03/80 [Train]:   1%|▏         | 3/208 [00:00<00:08, 24.46it/s, loss=4.247, acc=48.4%, lr=1.6e-04]
Epoch 03/80 [Train]:   1%|▏         | 3/208 [00:00<00:08, 24.46it/s, loss=5.439, acc=46.9%, lr=1.6e-04]
Epoch 03/80 [Train]:   1%|▏         | 3/208 [00:00<00:08, 24.46it/s, loss=4.576, acc=47.4%, lr=1.6e-04]
Epoch 03/80 [Train]:   3%|▎         | 6/208 [00:00<00:08, 24.94it/s, loss=4.576, acc=47.4%, lr=1.6e-04]
Epoch 03/80 [Train]:   3%|▎         | 6/208 [00:00<00:08, 24.94it/s, loss=5.027, acc=47.5%, lr=1.6e-04]
Epoch 03/80 [Train]:   3%|▎         | 6/208 [00:00<00:08, 24.94it/s, loss=5.436, acc=46.9%, lr=1.6e-04]
Epoch 03/80 [Train]:   3%|▎         | 6/208 [00:00<00:08, 24.94it/s, loss=4.897, acc=47.4%, lr=1.6e-04]
Epoch 03/80 [Train]:   4%|▍         | 9/208 [00:00<00:07, 24.89it/s, loss=4.897, acc=47.4%, lr=1.6e-04]
Epoch 03/80 [Train]:   4%|▍         | 9/208 [00:00<00:07, 24.89it/s, loss=5.593, acc=46.1%, lr=1.6e-04]
Epoch 03/80 [Train]:   4%|▍         | 9/208 [00:00<00:07, 24.89it/s, loss=4.730, acc=46.2%, lr=1.6e-04]
Epoch 03/80 [Train]:   4%|▍         | 9/208 [00:00<00:07, 24.89it/s, loss=4.246, acc=46.4%, lr=1.6e-04]
Epoch 03/80 [Train]:   6%|▌         | 12/208 [00:00<00:07, 24.95it/s, loss=4.246, acc=46.4%, lr=1.6e-04]
Epoch 03/80 [Train]:   6%|▌         | 12/208 [00:00<00:07, 24.95it/s, loss=4.771, acc=46.8%, lr=1.6e-04]
Epoch 03/80 [Train]:   6%|▌         | 12/208 [00:00<00:07, 24.95it/s, loss=5.274, acc=46.8%, lr=1.6e-04]
Epoch 03/80 [Train]:   6%|▌         | 12/208 [00:00<00:07, 24.95it/s, loss=4.439, acc=47.1%, lr=1.6e-04]
Epoch 03/80 [Train]:   7%|▋         | 15/208 [00:00<00:07, 25.06it/s, loss=4.439, acc=47.1%, lr=1.6e-04]
Epoch 03/80 [Train]:   7%|▋         | 15/208 [00:00<00:07, 25.06it/s, loss=5.244, acc=46.7%, lr=1.6e-04]
Epoch 03/80 [Train]:   7%|▋         | 15/208 [00:00<00:07, 25.06it/s, loss=4.900, acc=46.8%, lr=1.7e-04]
Epoch 03/80 [Train]:   7%|▋         | 15/208 [00:00<00:07, 25.06it/s, loss=5.404, acc=46.1%, lr=1.7e-04]
Epoch 03/80 [Train]:   9%|▊         | 18/208 [00:00<00:07, 24.97it/s, loss=5.404, acc=46.1%, lr=1.7e-04]
Epoch 03/80 [Train]:   9%|▊         | 18/208 [00:00<00:07, 24.97it/s, loss=5.173, acc=45.9%, lr=1.7e-04]
Epoch 03/80 [Train]:   9%|▊         | 18/208 [00:00<00:07, 24.97it/s, loss=4.813, acc=46.2%, lr=1.7e-04]
Epoch 03/80 [Train]:   9%|▊         | 18/208 [00:00<00:07, 24.97it/s, loss=4.308, acc=46.9%, lr=1.7e-04]
Epoch 03/80 [Train]:  10%|█         | 21/208 [00:00<00:07, 24.76it/s, loss=4.308, acc=46.9%, lr=1.7e-04]
Epoch 03/80 [Train]:  10%|█         | 21/208 [00:00<00:07, 24.76it/s, loss=5.058, acc=46.7%, lr=1.7e-04]
Epoch 03/80 [Train]:  10%|█         | 21/208 [00:00<00:07, 24.76it/s, loss=4.626, acc=46.5%, lr=1.7e-04]
Epoch 03/80 [Train]:  10%|█         | 21/208 [00:00<00:07, 24.76it/s, loss=4.928, acc=46.4%, lr=1.7e-04]
Epoch 03/80 [Train]:  12%|█▏        | 24/208 [00:00<00:07, 24.77it/s, loss=4.928, acc=46.4%, lr=1.7e-04]
Epoch 03/80 [Train]:  12%|█▏        | 24/208 [00:01<00:07, 24.77it/s, loss=5.582, acc=46.1%, lr=1.7e-04]
Epoch 03/80 [Train]:  12%|█▏        | 24/208 [00:01<00:07, 24.77it/s, loss=5.888, acc=45.4%, lr=1.7e-04]
Epoch 03/80 [Train]:  12%|█▏        | 24/208 [00:01<00:07, 24.77it/s, loss=5.025, acc=45.5%, lr=1.7e-04]
Epoch 03/80 [Train]:  13%|█▎        | 27/208 [00:01<00:07, 24.43it/s, loss=5.025, acc=45.5%, lr=1.7e-04]
Epoch 03/80 [Train]:  13%|█▎        | 27/208 [00:01<00:07, 24.43it/s, loss=5.011, acc=45.4%, lr=1.7e-04]
Epoch 03/80 [Train]:  13%|█▎        | 27/208 [00:01<00:07, 24.43it/s, loss=5.104, acc=45.0%, lr=1.7e-04]
Epoch 03/80 [Train]:  13%|█▎        | 27/208 [00:01<00:07, 24.43it/s, loss=4.932, acc=45.2%, lr=1.7e-04]
Epoch 03/80 [Train]:  14%|█▍        | 30/208 [00:01<00:07, 24.71it/s, loss=4.932, acc=45.2%, lr=1.7e-04]
Epoch 03/80 [Train]:  14%|█▍        | 30/208 [00:01<00:07, 24.71it/s, loss=4.294, acc=45.6%, lr=1.7e-04]
Epoch 03/80 [Train]:  14%|█▍        | 30/208 [00:01<00:07, 24.71it/s, loss=5.176, acc=45.6%, lr=1.7e-04]
Epoch 03/80 [Train]:  14%|█▍        | 30/208 [00:01<00:07, 24.71it/s, loss=4.833, acc=45.5%, lr=1.7e-04]
Epoch 03/80 [Train]:  16%|█▌        | 33/208 [00:01<00:07, 24.90it/s, loss=4.833, acc=45.5%, lr=1.7e-04]
Epoch 03/80 [Train]:  16%|█▌        | 33/208 [00:01<00:07, 24.90it/s, loss=5.344, acc=45.1%, lr=1.7e-04]
Epoch 03/80 [Train]:  16%|█▌        | 33/208 [00:01<00:07, 24.90it/s, loss=4.745, acc=45.0%, lr=1.8e-04]
Epoch 03/80 [Train]:  16%|█▌        | 33/208 [00:01<00:07, 24.90it/s, loss=4.793, acc=44.9%, lr=1.8e-04]
Epoch 03/80 [Train]:  17%|█▋        | 36/208 [00:01<00:06, 24.75it/s, loss=4.793, acc=44.9%, lr=1.8e-04]
Epoch 03/80 [Train]:  17%|█▋        | 36/208 [00:01<00:06, 24.75it/s, loss=4.708, acc=45.0%, lr=1.8e-04]
Epoch 03/80 [Train]:  17%|█▋        | 36/208 [00:01<00:06, 24.75it/s, loss=4.386, acc=45.0%, lr=1.8e-04]
Epoch 03/80 [Train]:  17%|█▋        | 36/208 [00:01<00:06, 24.75it/s, loss=5.056, acc=44.6%, lr=1.8e-04]
Epoch 03/80 [Train]:  19%|█▉        | 39/208 [00:01<00:06, 24.33it/s, loss=5.056, acc=44.6%, lr=1.8e-04]
Epoch 03/80 [Train]:  19%|█▉        | 39/208 [00:01<00:06, 24.33it/s, loss=4.132, acc=44.6%, lr=1.8e-04]
Epoch 03/80 [Train]:  19%|█▉        | 39/208 [00:01<00:06, 24.33it/s, loss=4.254, acc=44.6%, lr=1.8e-04]
Epoch 03/80 [Train]:  19%|█▉        | 39/208 [00:01<00:06, 24.33it/s, loss=4.502, acc=44.5%, lr=1.8e-04]
Epoch 03/80 [Train]:  20%|██        | 42/208 [00:01<00:06, 24.48it/s, loss=4.502, acc=44.5%, lr=1.8e-04]
Epoch 03/80 [Train]:  20%|██        | 42/208 [00:01<00:06, 24.48it/s, loss=4.266, acc=44.5%, lr=1.8e-04]
Epoch 03/80 [Train]:  20%|██        | 42/208 [00:01<00:06, 24.48it/s, loss=5.030, acc=44.8%, lr=1.8e-04]
Epoch 03/80 [Train]:  20%|██        | 42/208 [00:01<00:06, 24.48it/s, loss=5.200, acc=45.0%, lr=1.8e-04]
Epoch 03/80 [Train]:  22%|██▏       | 45/208 [00:01<00:06, 24.70it/s, loss=5.200, acc=45.0%, lr=1.8e-04]
Epoch 03/80 [Train]:  22%|██▏       | 45/208 [00:01<00:06, 24.70it/s, loss=4.603, acc=45.0%, lr=1.8e-04]
Epoch 03/80 [Train]:  22%|██▏       | 45/208 [00:01<00:06, 24.70it/s, loss=4.438, acc=45.2%, lr=1.8e-04]
Epoch 03/80 [Train]:  22%|██▏       | 45/208 [00:01<00:06, 24.70it/s, loss=4.165, acc=45.3%, lr=1.8e-04]
Epoch 03/80 [Train]:  23%|██▎       | 48/208 [00:01<00:06, 24.74it/s, loss=4.165, acc=45.3%, lr=1.8e-04]
Epoch 03/80 [Train]:  23%|██▎       | 48/208 [00:01<00:06, 24.74it/s, loss=4.836, acc=45.3%, lr=1.8e-04]
Epoch 03/80 [Train]:  23%|██▎       | 48/208 [00:02<00:06, 24.74it/s, loss=4.912, acc=45.3%, lr=1.8e-04]
Epoch 03/80 [Train]:  23%|██▎       | 48/208 [00:02<00:06, 24.74it/s, loss=4.373, acc=45.3%, lr=1.8e-04]
Epoch 03/80 [Train]:  25%|██▍       | 51/208 [00:02<00:06, 24.88it/s, loss=4.373, acc=45.3%, lr=1.8e-04]
Epoch 03/80 [Train]:  25%|██▍       | 51/208 [00:02<00:06, 24.88it/s, loss=4.567, acc=45.4%, lr=1.8e-04]
Epoch 03/80 [Train]:  25%|██▍       | 51/208 [00:02<00:06, 24.88it/s, loss=4.908, acc=45.4%, lr=1.8e-04]
Epoch 03/80 [Train]:  25%|██▍       | 51/208 [00:02<00:06, 24.88it/s, loss=4.285, acc=45.6%, lr=1.9e-04]
Epoch 03/80 [Train]:  26%|██▌       | 54/208 [00:02<00:06, 24.98it/s, loss=4.285, acc=45.6%, lr=1.9e-04]
Epoch 03/80 [Train]:  26%|██▌       | 54/208 [00:02<00:06, 24.98it/s, loss=3.795, acc=45.8%, lr=1.9e-04]
Epoch 03/80 [Train]:  26%|██▌       | 54/208 [00:02<00:06, 24.98it/s, loss=5.443, acc=45.8%, lr=1.9e-04]
Epoch 03/80 [Train]:  26%|██▌       | 54/208 [00:02<00:06, 24.98it/s, loss=4.916, acc=45.9%, lr=1.9e-04]
Epoch 03/80 [Train]:  27%|██▋       | 57/208 [00:02<00:06, 24.86it/s, loss=4.916, acc=45.9%, lr=1.9e-04]
Epoch 03/80 [Train]:  27%|██▋       | 57/208 [00:02<00:06, 24.86it/s, loss=4.635, acc=45.8%, lr=1.9e-04]
Epoch 03/80 [Train]:  27%|██▋       | 57/208 [00:02<00:06, 24.86it/s, loss=5.055, acc=45.9%, lr=1.9e-04]
Epoch 03/80 [Train]:  27%|██▋       | 57/208 [00:02<00:06, 24.86it/s, loss=4.324, acc=46.2%, lr=1.9e-04]
Epoch 03/80 [Train]:  29%|██▉       | 60/208 [00:02<00:06, 24.63it/s, loss=4.324, acc=46.2%, lr=1.9e-04]
Epoch 03/80 [Train]:  29%|██▉       | 60/208 [00:02<00:06, 24.63it/s, loss=4.393, acc=46.3%, lr=1.9e-04]
Epoch 03/80 [Train]:  29%|██▉       | 60/208 [00:02<00:06, 24.63it/s, loss=3.820, acc=46.4%, lr=1.9e-04]
Epoch 03/80 [Train]:  29%|██▉       | 60/208 [00:02<00:06, 24.63it/s, loss=4.818, acc=46.4%, lr=1.9e-04]
Epoch 03/80 [Train]:  30%|███       | 63/208 [00:02<00:05, 24.71it/s, loss=4.818, acc=46.4%, lr=1.9e-04]
Epoch 03/80 [Train]:  30%|███       | 63/208 [00:02<00:05, 24.71it/s, loss=4.413, acc=46.5%, lr=1.9e-04]
Epoch 03/80 [Train]:  30%|███       | 63/208 [00:02<00:05, 24.71it/s, loss=4.242, acc=46.6%, lr=1.9e-04]
Epoch 03/80 [Train]:  30%|███       | 63/208 [00:02<00:05, 24.71it/s, loss=4.614, acc=46.6%, lr=1.9e-04]
Epoch 03/80 [Train]:  32%|███▏      | 66/208 [00:02<00:05, 24.84it/s, loss=4.614, acc=46.6%, lr=1.9e-04]
Epoch 03/80 [Train]:  32%|███▏      | 66/208 [00:02<00:05, 24.84it/s, loss=4.277, acc=46.7%, lr=1.9e-04]
Epoch 03/80 [Train]:  32%|███▏      | 66/208 [00:02<00:05, 24.84it/s, loss=4.051, acc=46.9%, lr=1.9e-04]
Epoch 03/80 [Train]:  32%|███▏      | 66/208 [00:02<00:05, 24.84it/s, loss=4.361, acc=46.9%, lr=1.9e-04]
Epoch 03/80 [Train]:  33%|███▎      | 69/208 [00:02<00:05, 24.85it/s, loss=4.361, acc=46.9%, lr=1.9e-04]
Epoch 03/80 [Train]:  33%|███▎      | 69/208 [00:02<00:05, 24.85it/s, loss=4.848, acc=46.9%, lr=1.9e-04]
Epoch 03/80 [Train]:  33%|███▎      | 69/208 [00:02<00:05, 24.85it/s, loss=4.604, acc=46.9%, lr=1.9e-04]
Epoch 03/80 [Train]:  33%|███▎      | 69/208 [00:02<00:05, 24.85it/s, loss=4.573, acc=47.0%, lr=1.9e-04]
Epoch 03/80 [Train]:  35%|███▍      | 72/208 [00:02<00:05, 23.89it/s, loss=4.573, acc=47.0%, lr=1.9e-04]
Epoch 03/80 [Train]:  35%|███▍      | 72/208 [00:02<00:05, 23.89it/s, loss=4.421, acc=47.2%, lr=2.0e-04]
Epoch 03/80 [Train]:  35%|███▍      | 72/208 [00:03<00:05, 23.89it/s, loss=5.128, acc=47.1%, lr=2.0e-04]
Epoch 03/80 [Train]:  35%|███▍      | 72/208 [00:03<00:05, 23.89it/s, loss=4.794, acc=47.1%, lr=2.0e-04]
Epoch 03/80 [Train]:  36%|███▌      | 75/208 [00:03<00:05, 23.85it/s, loss=4.794, acc=47.1%, lr=2.0e-04]
Epoch 03/80 [Train]:  36%|███▌      | 75/208 [00:03<00:05, 23.85it/s, loss=4.531, acc=47.1%, lr=2.0e-04]
Epoch 03/80 [Train]:  36%|███▌      | 75/208 [00:03<00:05, 23.85it/s, loss=4.101, acc=47.1%, lr=2.0e-04]
Epoch 03/80 [Train]:  36%|███▌      | 75/208 [00:03<00:05, 23.85it/s, loss=4.749, acc=47.2%, lr=2.0e-04]
Epoch 03/80 [Train]:  38%|███▊      | 78/208 [00:03<00:05, 24.18it/s, loss=4.749, acc=47.2%, lr=2.0e-04]
Epoch 03/80 [Train]:  38%|███▊      | 78/208 [00:03<00:05, 24.18it/s, loss=4.421, acc=47.4%, lr=2.0e-04]
Epoch 03/80 [Train]:  38%|███▊      | 78/208 [00:03<00:05, 24.18it/s, loss=4.225, acc=47.5%, lr=2.0e-04]
Epoch 03/80 [Train]:  38%|███▊      | 78/208 [00:03<00:05, 24.18it/s, loss=4.077, acc=47.6%, lr=2.0e-04]
Epoch 03/80 [Train]:  39%|███▉      | 81/208 [00:03<00:05, 24.40it/s, loss=4.077, acc=47.6%, lr=2.0e-04]
Epoch 03/80 [Train]:  39%|███▉      | 81/208 [00:03<00:05, 24.40it/s, loss=4.333, acc=47.8%, lr=2.0e-04]
Epoch 03/80 [Train]:  39%|███▉      | 81/208 [00:03<00:05, 24.40it/s, loss=4.631, acc=47.8%, lr=2.0e-04]
Epoch 03/80 [Train]:  39%|███▉      | 81/208 [00:03<00:05, 24.40it/s, loss=4.658, acc=47.9%, lr=2.0e-04]
Epoch 03/80 [Train]:  40%|████      | 84/208 [00:03<00:05, 24.64it/s, loss=4.658, acc=47.9%, lr=2.0e-04]
Epoch 03/80 [Train]:  40%|████      | 84/208 [00:03<00:05, 24.64it/s, loss=4.612, acc=47.9%, lr=2.0e-04]
Epoch 03/80 [Train]:  40%|████      | 84/208 [00:03<00:05, 24.64it/s, loss=4.548, acc=48.0%, lr=2.0e-04]
Epoch 03/80 [Train]:  40%|████      | 84/208 [00:03<00:05, 24.64it/s, loss=5.075, acc=47.9%, lr=2.0e-04]
Epoch 03/80 [Train]:  42%|████▏     | 87/208 [00:03<00:04, 24.77it/s, loss=5.075, acc=47.9%, lr=2.0e-04]
Epoch 03/80 [Train]:  42%|████▏     | 87/208 [00:03<00:04, 24.77it/s, loss=4.113, acc=48.1%, lr=2.0e-04]
Epoch 03/80 [Train]:  42%|████▏     | 87/208 [00:03<00:04, 24.77it/s, loss=3.961, acc=48.1%, lr=2.0e-04]
Epoch 03/80 [Train]:  42%|████▏     | 87/208 [00:03<00:04, 24.77it/s, loss=4.360, acc=48.3%, lr=2.0e-04]
Epoch 03/80 [Train]:  43%|████▎     | 90/208 [00:03<00:04, 24.83it/s, loss=4.360, acc=48.3%, lr=2.0e-04]
Epoch 03/80 [Train]:  43%|████▎     | 90/208 [00:03<00:04, 24.83it/s, loss=4.699, acc=48.2%, lr=2.0e-04]
Epoch 03/80 [Train]:  43%|████▎     | 90/208 [00:03<00:04, 24.83it/s, loss=4.220, acc=48.3%, lr=2.1e-04]
Epoch 03/80 [Train]:  43%|████▎     | 90/208 [00:03<00:04, 24.83it/s, loss=4.375, acc=48.3%, lr=2.1e-04]
Epoch 03/80 [Train]:  45%|████▍     | 93/208 [00:03<00:04, 24.86it/s, loss=4.375, acc=48.3%, lr=2.1e-04]
Epoch 03/80 [Train]:  45%|████▍     | 93/208 [00:03<00:04, 24.86it/s, loss=4.426, acc=48.4%, lr=2.1e-04]
Epoch 03/80 [Train]:  45%|████▍     | 93/208 [00:03<00:04, 24.86it/s, loss=4.490, acc=48.5%, lr=2.1e-04]
Epoch 03/80 [Train]:  45%|████▍     | 93/208 [00:03<00:04, 24.86it/s, loss=4.741, acc=48.5%, lr=2.1e-04]
Epoch 03/80 [Train]:  46%|████▌     | 96/208 [00:03<00:04, 24.97it/s, loss=4.741, acc=48.5%, lr=2.1e-04]
Epoch 03/80 [Train]:  46%|████▌     | 96/208 [00:03<00:04, 24.97it/s, loss=4.718, acc=48.6%, lr=2.1e-04]
Epoch 03/80 [Train]:  46%|████▌     | 96/208 [00:03<00:04, 24.97it/s, loss=3.960, acc=48.6%, lr=2.1e-04]
Epoch 03/80 [Train]:  46%|████▌     | 96/208 [00:04<00:04, 24.97it/s, loss=3.995, acc=48.7%, lr=2.1e-04]
Epoch 03/80 [Train]:  48%|████▊     | 99/208 [00:04<00:04, 24.80it/s, loss=3.995, acc=48.7%, lr=2.1e-04]
Epoch 03/80 [Train]:  48%|████▊     | 99/208 [00:04<00:04, 24.80it/s, loss=4.740, acc=48.8%, lr=2.1e-04]
Epoch 03/80 [Train]:  48%|████▊     | 99/208 [00:04<00:04, 24.80it/s, loss=5.208, acc=48.8%, lr=2.1e-04]
Epoch 03/80 [Train]:  48%|████▊     | 99/208 [00:04<00:04, 24.80it/s, loss=4.685, acc=48.7%, lr=2.1e-04]
Epoch 03/80 [Train]:  49%|████▉     | 102/208 [00:04<00:04, 24.79it/s, loss=4.685, acc=48.7%, lr=2.1e-04]
Epoch 03/80 [Train]:  49%|████▉     | 102/208 [00:04<00:04, 24.79it/s, loss=4.835, acc=48.7%, lr=2.1e-04]
Epoch 03/80 [Train]:  49%|████▉     | 102/208 [00:04<00:04, 24.79it/s, loss=4.341, acc=48.8%, lr=2.1e-04]
Epoch 03/80 [Train]:  49%|████▉     | 102/208 [00:04<00:04, 24.79it/s, loss=4.966, acc=48.9%, lr=2.1e-04]
Epoch 03/80 [Train]:  50%|█████     | 105/208 [00:04<00:04, 24.89it/s, loss=4.966, acc=48.9%, lr=2.1e-04]
Epoch 03/80 [Train]:  50%|█████     | 105/208 [00:04<00:04, 24.89it/s, loss=4.060, acc=48.9%, lr=2.1e-04]
Epoch 03/80 [Train]:  50%|█████     | 105/208 [00:04<00:04, 24.89it/s, loss=4.140, acc=49.0%, lr=2.1e-04]
Epoch 03/80 [Train]:  50%|█████     | 105/208 [00:04<00:04, 24.89it/s, loss=4.664, acc=49.0%, lr=2.1e-04]
Epoch 03/80 [Train]:  52%|█████▏    | 108/208 [00:04<00:04, 24.85it/s, loss=4.664, acc=49.0%, lr=2.1e-04]
Epoch 03/80 [Train]:  52%|█████▏    | 108/208 [00:04<00:04, 24.85it/s, loss=4.029, acc=49.1%, lr=2.1e-04]
Epoch 03/80 [Train]:  52%|█████▏    | 108/208 [00:04<00:04, 24.85it/s, loss=4.684, acc=49.1%, lr=2.1e-04]
Epoch 03/80 [Train]:  52%|█████▏    | 108/208 [00:04<00:04, 24.85it/s, loss=4.283, acc=49.2%, lr=2.1e-04]
Epoch 03/80 [Train]:  53%|█████▎    | 111/208 [00:04<00:03, 24.91it/s, loss=4.283, acc=49.2%, lr=2.1e-04]
Epoch 03/80 [Train]:  53%|█████▎    | 111/208 [00:04<00:03, 24.91it/s, loss=4.643, acc=49.3%, lr=2.2e-04]
Epoch 03/80 [Train]:  53%|█████▎    | 111/208 [00:04<00:03, 24.91it/s, loss=4.099, acc=49.3%, lr=2.2e-04]
Epoch 03/80 [Train]:  53%|█████▎    | 111/208 [00:04<00:03, 24.91it/s, loss=3.676, acc=49.3%, lr=2.2e-04]
Epoch 03/80 [Train]:  55%|█████▍    | 114/208 [00:04<00:03, 24.59it/s, loss=3.676, acc=49.3%, lr=2.2e-04]
Epoch 03/80 [Train]:  55%|█████▍    | 114/208 [00:04<00:03, 24.59it/s, loss=4.305, acc=49.5%, lr=2.2e-04]
Epoch 03/80 [Train]:  55%|█████▍    | 114/208 [00:04<00:03, 24.59it/s, loss=4.262, acc=49.5%, lr=2.2e-04]
Epoch 03/80 [Train]:  55%|█████▍    | 114/208 [00:04<00:03, 24.59it/s, loss=4.759, acc=49.5%, lr=2.2e-04]
Epoch 03/80 [Train]:  56%|█████▋    | 117/208 [00:04<00:03, 24.81it/s, loss=4.759, acc=49.5%, lr=2.2e-04]
Epoch 03/80 [Train]:  56%|█████▋    | 117/208 [00:04<00:03, 24.81it/s, loss=3.784, acc=49.7%, lr=2.2e-04]
Epoch 03/80 [Train]:  56%|█████▋    | 117/208 [00:04<00:03, 24.81it/s, loss=4.218, acc=49.7%, lr=2.2e-04]
Epoch 03/80 [Train]:  56%|█████▋    | 117/208 [00:04<00:03, 24.81it/s, loss=4.465, acc=49.7%, lr=2.2e-04]
Epoch 03/80 [Train]:  58%|█████▊    | 120/208 [00:04<00:03, 23.96it/s, loss=4.465, acc=49.7%, lr=2.2e-04]
Epoch 03/80 [Train]:  58%|█████▊    | 120/208 [00:04<00:03, 23.96it/s, loss=4.218, acc=49.7%, lr=2.2e-04]
Epoch 03/80 [Train]:  58%|█████▊    | 120/208 [00:04<00:03, 23.96it/s, loss=3.936, acc=49.8%, lr=2.2e-04]
Epoch 03/80 [Train]:  58%|█████▊    | 120/208 [00:04<00:03, 23.96it/s, loss=3.760, acc=49.9%, lr=2.2e-04]
Epoch 03/80 [Train]:  59%|█████▉    | 123/208 [00:04<00:03, 24.18it/s, loss=3.760, acc=49.9%, lr=2.2e-04]
Epoch 03/80 [Train]:  59%|█████▉    | 123/208 [00:05<00:03, 24.18it/s, loss=4.224, acc=50.0%, lr=2.2e-04]
Epoch 03/80 [Train]:  59%|█████▉    | 123/208 [00:05<00:03, 24.18it/s, loss=4.331, acc=50.1%, lr=2.2e-04]
Epoch 03/80 [Train]:  59%|█████▉    | 123/208 [00:05<00:03, 24.18it/s, loss=4.211, acc=50.1%, lr=2.2e-04]
Epoch 03/80 [Train]:  61%|██████    | 126/208 [00:05<00:03, 24.53it/s, loss=4.211, acc=50.1%, lr=2.2e-04]
Epoch 03/80 [Train]:  61%|██████    | 126/208 [00:05<00:03, 24.53it/s, loss=4.469, acc=50.2%, lr=2.2e-04]
Epoch 03/80 [Train]:  61%|██████    | 126/208 [00:05<00:03, 24.53it/s, loss=4.887, acc=50.1%, lr=2.2e-04]
Epoch 03/80 [Train]:  61%|██████    | 126/208 [00:05<00:03, 24.53it/s, loss=4.298, acc=50.2%, lr=2.2e-04]
Epoch 03/80 [Train]:  62%|██████▏   | 129/208 [00:05<00:03, 24.70it/s, loss=4.298, acc=50.2%, lr=2.2e-04]
Epoch 03/80 [Train]:  62%|██████▏   | 129/208 [00:05<00:03, 24.70it/s, loss=4.525, acc=50.1%, lr=2.2e-04]
Epoch 03/80 [Train]:  62%|██████▏   | 129/208 [00:05<00:03, 24.70it/s, loss=3.922, acc=50.2%, lr=2.2e-04]
Epoch 03/80 [Train]:  62%|██████▏   | 129/208 [00:05<00:03, 24.70it/s, loss=3.857, acc=50.3%, lr=2.3e-04]
Epoch 03/80 [Train]:  63%|██████▎   | 132/208 [00:05<00:03, 24.73it/s, loss=3.857, acc=50.3%, lr=2.3e-04]
Epoch 03/80 [Train]:  63%|██████▎   | 132/208 [00:05<00:03, 24.73it/s, loss=3.272, acc=50.4%, lr=2.3e-04]
Epoch 03/80 [Train]:  63%|██████▎   | 132/208 [00:05<00:03, 24.73it/s, loss=3.880, acc=50.5%, lr=2.3e-04]
Epoch 03/80 [Train]:  63%|██████▎   | 132/208 [00:05<00:03, 24.73it/s, loss=4.032, acc=50.5%, lr=2.3e-04]
Epoch 03/80 [Train]:  65%|██████▍   | 135/208 [00:05<00:02, 24.75it/s, loss=4.032, acc=50.5%, lr=2.3e-04]
Epoch 03/80 [Train]:  65%|██████▍   | 135/208 [00:05<00:02, 24.75it/s, loss=4.218, acc=50.5%, lr=2.3e-04]
Epoch 03/80 [Train]:  65%|██████▍   | 135/208 [00:05<00:02, 24.75it/s, loss=4.224, acc=50.6%, lr=2.3e-04]
Epoch 03/80 [Train]:  65%|██████▍   | 135/208 [00:05<00:02, 24.75it/s, loss=4.083, acc=50.7%, lr=2.3e-04]
Epoch 03/80 [Train]:  66%|██████▋   | 138/208 [00:05<00:02, 24.88it/s, loss=4.083, acc=50.7%, lr=2.3e-04]
Epoch 03/80 [Train]:  66%|██████▋   | 138/208 [00:05<00:02, 24.88it/s, loss=4.120, acc=50.8%, lr=2.3e-04]
Epoch 03/80 [Train]:  66%|██████▋   | 138/208 [00:05<00:02, 24.88it/s, loss=5.131, acc=50.7%, lr=2.3e-04]
Epoch 03/80 [Train]:  66%|██████▋   | 138/208 [00:05<00:02, 24.88it/s, loss=3.737, acc=50.8%, lr=2.3e-04]
Epoch 03/80 [Train]:  68%|██████▊   | 141/208 [00:05<00:02, 24.89it/s, loss=3.737, acc=50.8%, lr=2.3e-04]
Epoch 03/80 [Train]:  68%|██████▊   | 141/208 [00:05<00:02, 24.89it/s, loss=4.146, acc=50.8%, lr=2.3e-04]
Epoch 03/80 [Train]:  68%|██████▊   | 141/208 [00:05<00:02, 24.89it/s, loss=4.713, acc=50.8%, lr=2.3e-04]
Epoch 03/80 [Train]:  68%|██████▊   | 141/208 [00:05<00:02, 24.89it/s, loss=4.439, acc=50.9%, lr=2.3e-04]
Epoch 03/80 [Train]:  69%|██████▉   | 144/208 [00:05<00:02, 24.75it/s, loss=4.439, acc=50.9%, lr=2.3e-04]
Epoch 03/80 [Train]:  69%|██████▉   | 144/208 [00:05<00:02, 24.75it/s, loss=4.362, acc=51.0%, lr=2.3e-04]
Epoch 03/80 [Train]:  69%|██████▉   | 144/208 [00:05<00:02, 24.75it/s, loss=4.395, acc=51.0%, lr=2.3e-04]
Epoch 03/80 [Train]:  69%|██████▉   | 144/208 [00:05<00:02, 24.75it/s, loss=3.929, acc=51.0%, lr=2.3e-04]
Epoch 03/80 [Train]:  71%|███████   | 147/208 [00:05<00:02, 24.60it/s, loss=3.929, acc=51.0%, lr=2.3e-04]
Epoch 03/80 [Train]:  71%|███████   | 147/208 [00:05<00:02, 24.60it/s, loss=3.974, acc=51.1%, lr=2.3e-04]
Epoch 03/80 [Train]:  71%|███████   | 147/208 [00:06<00:02, 24.60it/s, loss=4.282, acc=51.1%, lr=2.3e-04]
Epoch 03/80 [Train]:  71%|███████   | 147/208 [00:06<00:02, 24.60it/s, loss=4.330, acc=51.2%, lr=2.3e-04]
Epoch 03/80 [Train]:  72%|███████▏  | 150/208 [00:06<00:02, 24.50it/s, loss=4.330, acc=51.2%, lr=2.3e-04]
Epoch 03/80 [Train]:  72%|███████▏  | 150/208 [00:06<00:02, 24.50it/s, loss=4.593, acc=51.2%, lr=2.3e-04]
Epoch 03/80 [Train]:  72%|███████▏  | 150/208 [00:06<00:02, 24.50it/s, loss=3.935, acc=51.3%, lr=2.3e-04]
Epoch 03/80 [Train]:  72%|███████▏  | 150/208 [00:06<00:02, 24.50it/s, loss=4.197, acc=51.3%, lr=2.3e-04]
Epoch 03/80 [Train]:  74%|███████▎  | 153/208 [00:06<00:02, 24.56it/s, loss=4.197, acc=51.3%, lr=2.3e-04]
Epoch 03/80 [Train]:  74%|███████▎  | 153/208 [00:06<00:02, 24.56it/s, loss=4.299, acc=51.3%, lr=2.4e-04]
Epoch 03/80 [Train]:  74%|███████▎  | 153/208 [00:06<00:02, 24.56it/s, loss=3.974, acc=51.4%, lr=2.4e-04]
Epoch 03/80 [Train]:  74%|███████▎  | 153/208 [00:06<00:02, 24.56it/s, loss=3.856, acc=51.5%, lr=2.4e-04]
Epoch 03/80 [Train]:  75%|███████▌  | 156/208 [00:06<00:02, 24.65it/s, loss=3.856, acc=51.5%, lr=2.4e-04]
Epoch 03/80 [Train]:  75%|███████▌  | 156/208 [00:06<00:02, 24.65it/s, loss=3.760, acc=51.5%, lr=2.4e-04]
Epoch 03/80 [Train]:  75%|███████▌  | 156/208 [00:06<00:02, 24.65it/s, loss=3.776, acc=51.6%, lr=2.4e-04]
Epoch 03/80 [Train]:  75%|███████▌  | 156/208 [00:06<00:02, 24.65it/s, loss=3.885, acc=51.6%, lr=2.4e-04]
Epoch 03/80 [Train]:  76%|███████▋  | 159/208 [00:06<00:01, 24.67it/s, loss=3.885, acc=51.6%, lr=2.4e-04]
Epoch 03/80 [Train]:  76%|███████▋  | 159/208 [00:06<00:01, 24.67it/s, loss=3.870, acc=51.6%, lr=2.4e-04]
Epoch 03/80 [Train]:  76%|███████▋  | 159/208 [00:06<00:01, 24.67it/s, loss=4.253, acc=51.6%, lr=2.4e-04]
Epoch 03/80 [Train]:  76%|███████▋  | 159/208 [00:06<00:01, 24.67it/s, loss=4.517, acc=51.6%, lr=2.4e-04]
Epoch 03/80 [Train]:  78%|███████▊  | 162/208 [00:06<00:01, 24.76it/s, loss=4.517, acc=51.6%, lr=2.4e-04]
Epoch 03/80 [Train]:  78%|███████▊  | 162/208 [00:06<00:01, 24.76it/s, loss=4.120, acc=51.6%, lr=2.4e-04]
Epoch 03/80 [Train]:  78%|███████▊  | 162/208 [00:06<00:01, 24.76it/s, loss=3.672, acc=51.7%, lr=2.4e-04]
Epoch 03/80 [Train]:  78%|███████▊  | 162/208 [00:06<00:01, 24.76it/s, loss=4.270, acc=51.6%, lr=2.4e-04]
Epoch 03/80 [Train]:  79%|███████▉  | 165/208 [00:06<00:01, 24.09it/s, loss=4.270, acc=51.6%, lr=2.4e-04]
Epoch 03/80 [Train]:  79%|███████▉  | 165/208 [00:06<00:01, 24.09it/s, loss=3.577, acc=51.7%, lr=2.4e-04]
Epoch 03/80 [Train]:  79%|███████▉  | 165/208 [00:06<00:01, 24.09it/s, loss=3.688, acc=51.8%, lr=2.4e-04]
Epoch 03/80 [Train]:  79%|███████▉  | 165/208 [00:06<00:01, 24.09it/s, loss=4.389, acc=51.8%, lr=2.4e-04]
Epoch 03/80 [Train]:  81%|████████  | 168/208 [00:06<00:01, 24.30it/s, loss=4.389, acc=51.8%, lr=2.4e-04]
Epoch 03/80 [Train]:  81%|████████  | 168/208 [00:06<00:01, 24.30it/s, loss=3.850, acc=51.9%, lr=2.4e-04]
Epoch 03/80 [Train]:  81%|████████  | 168/208 [00:06<00:01, 24.30it/s, loss=4.352, acc=51.9%, lr=2.4e-04]
Epoch 03/80 [Train]:  81%|████████  | 168/208 [00:06<00:01, 24.30it/s, loss=4.214, acc=51.9%, lr=2.4e-04]
Epoch 03/80 [Train]:  82%|████████▏ | 171/208 [00:06<00:01, 24.36it/s, loss=4.214, acc=51.9%, lr=2.4e-04]
Epoch 03/80 [Train]:  82%|████████▏ | 171/208 [00:06<00:01, 24.36it/s, loss=3.987, acc=52.0%, lr=2.4e-04]
Epoch 03/80 [Train]:  82%|████████▏ | 171/208 [00:07<00:01, 24.36it/s, loss=3.793, acc=52.0%, lr=2.4e-04]
Epoch 03/80 [Train]:  82%|████████▏ | 171/208 [00:07<00:01, 24.36it/s, loss=3.907, acc=52.1%, lr=2.4e-04]
Epoch 03/80 [Train]:  84%|████████▎ | 174/208 [00:07<00:01, 24.31it/s, loss=3.907, acc=52.1%, lr=2.4e-04]
Epoch 03/80 [Train]:  84%|████████▎ | 174/208 [00:07<00:01, 24.31it/s, loss=4.244, acc=52.1%, lr=2.4e-04]
Epoch 03/80 [Train]:  84%|████████▎ | 174/208 [00:07<00:01, 24.31it/s, loss=4.828, acc=52.1%, lr=2.5e-04]
Epoch 03/80 [Train]:  84%|████████▎ | 174/208 [00:07<00:01, 24.31it/s, loss=4.580, acc=52.1%, lr=2.5e-04]
Epoch 03/80 [Train]:  85%|████████▌ | 177/208 [00:07<00:01, 24.34it/s, loss=4.580, acc=52.1%, lr=2.5e-04]
Epoch 03/80 [Train]:  85%|████████▌ | 177/208 [00:07<00:01, 24.34it/s, loss=4.083, acc=52.1%, lr=2.5e-04]
Epoch 03/80 [Train]:  85%|████████▌ | 177/208 [00:07<00:01, 24.34it/s, loss=3.885, acc=52.1%, lr=2.5e-04]
Epoch 03/80 [Train]:  85%|████████▌ | 177/208 [00:07<00:01, 24.34it/s, loss=4.220, acc=52.1%, lr=2.5e-04]
Epoch 03/80 [Train]:  87%|████████▋ | 180/208 [00:07<00:01, 24.13it/s, loss=4.220, acc=52.1%, lr=2.5e-04]
Epoch 03/80 [Train]:  87%|████████▋ | 180/208 [00:07<00:01, 24.13it/s, loss=4.042, acc=52.2%, lr=2.5e-04]
Epoch 03/80 [Train]:  87%|████████▋ | 180/208 [00:07<00:01, 24.13it/s, loss=4.665, acc=52.2%, lr=2.5e-04]
Epoch 03/80 [Train]:  87%|████████▋ | 180/208 [00:07<00:01, 24.13it/s, loss=4.601, acc=52.2%, lr=2.5e-04]
Epoch 03/80 [Train]:  88%|████████▊ | 183/208 [00:07<00:01, 23.65it/s, loss=4.601, acc=52.2%, lr=2.5e-04]
Epoch 03/80 [Train]:  88%|████████▊ | 183/208 [00:07<00:01, 23.65it/s, loss=4.505, acc=52.2%, lr=2.5e-04]
Epoch 03/80 [Train]:  88%|████████▊ | 183/208 [00:07<00:01, 23.65it/s, loss=3.795, acc=52.2%, lr=2.5e-04]
Epoch 03/80 [Train]:  88%|████████▊ | 183/208 [00:07<00:01, 23.65it/s, loss=4.174, acc=52.2%, lr=2.5e-04]
Epoch 03/80 [Train]:  89%|████████▉ | 186/208 [00:07<00:00, 23.50it/s, loss=4.174, acc=52.2%, lr=2.5e-04]
Epoch 03/80 [Train]:  89%|████████▉ | 186/208 [00:07<00:00, 23.50it/s, loss=3.825, acc=52.3%, lr=2.5e-04]
Epoch 03/80 [Train]:  89%|████████▉ | 186/208 [00:07<00:00, 23.50it/s, loss=3.645, acc=52.3%, lr=2.5e-04]
Epoch 03/80 [Train]:  89%|████████▉ | 186/208 [00:07<00:00, 23.50it/s, loss=4.245, acc=52.3%, lr=2.5e-04]
Epoch 03/80 [Train]:  91%|█████████ | 189/208 [00:07<00:00, 23.90it/s, loss=4.245, acc=52.3%, lr=2.5e-04]
Epoch 03/80 [Train]:  91%|█████████ | 189/208 [00:07<00:00, 23.90it/s, loss=3.399, acc=52.4%, lr=2.5e-04]
Epoch 03/80 [Train]:  91%|█████████ | 189/208 [00:07<00:00, 23.90it/s, loss=4.218, acc=52.4%, lr=2.5e-04]
Epoch 03/80 [Train]:  91%|█████████ | 189/208 [00:07<00:00, 23.90it/s, loss=3.704, acc=52.5%, lr=2.5e-04]
Epoch 03/80 [Train]:  92%|█████████▏| 192/208 [00:07<00:00, 24.28it/s, loss=3.704, acc=52.5%, lr=2.5e-04]
Epoch 03/80 [Train]:  92%|█████████▏| 192/208 [00:07<00:00, 24.28it/s, loss=4.229, acc=52.5%, lr=2.5e-04]
Epoch 03/80 [Train]:  92%|█████████▏| 192/208 [00:07<00:00, 24.28it/s, loss=3.606, acc=52.6%, lr=2.5e-04]
Epoch 03/80 [Train]:  92%|█████████▏| 192/208 [00:07<00:00, 24.28it/s, loss=4.002, acc=52.6%, lr=2.5e-04]
Epoch 03/80 [Train]:  94%|█████████▍| 195/208 [00:07<00:00, 23.84it/s, loss=4.002, acc=52.6%, lr=2.5e-04]
Epoch 03/80 [Train]:  94%|█████████▍| 195/208 [00:07<00:00, 23.84it/s, loss=3.577, acc=52.7%, lr=2.5e-04]
Epoch 03/80 [Train]:  94%|█████████▍| 195/208 [00:08<00:00, 23.84it/s, loss=3.719, acc=52.8%, lr=2.5e-04]
Epoch 03/80 [Train]:  94%|█████████▍| 195/208 [00:08<00:00, 23.84it/s, loss=4.012, acc=52.8%, lr=2.5e-04]
Epoch 03/80 [Train]:  95%|█████████▌| 198/208 [00:08<00:00, 22.91it/s, loss=4.012, acc=52.8%, lr=2.5e-04]
Epoch 03/80 [Train]:  95%|█████████▌| 198/208 [00:08<00:00, 22.91it/s, loss=3.948, acc=52.8%, lr=2.5e-04]
Epoch 03/80 [Train]:  95%|█████████▌| 198/208 [00:08<00:00, 22.91it/s, loss=4.168, acc=52.9%, lr=2.5e-04]
Epoch 03/80 [Train]:  95%|█████████▌| 198/208 [00:08<00:00, 22.91it/s, loss=3.571, acc=52.9%, lr=2.6e-04]
Epoch 03/80 [Train]:  97%|█████████▋| 201/208 [00:08<00:00, 23.31it/s, loss=3.571, acc=52.9%, lr=2.6e-04]
Epoch 03/80 [Train]:  97%|█████████▋| 201/208 [00:08<00:00, 23.31it/s, loss=4.005, acc=53.0%, lr=2.6e-04]
Epoch 03/80 [Train]:  97%|█████████▋| 201/208 [00:08<00:00, 23.31it/s, loss=4.587, acc=53.0%, lr=2.6e-04]
Epoch 03/80 [Train]:  97%|█████████▋| 201/208 [00:08<00:00, 23.31it/s, loss=3.901, acc=53.0%, lr=2.6e-04]
Epoch 03/80 [Train]:  98%|█████████▊| 204/208 [00:08<00:00, 23.62it/s, loss=3.901, acc=53.0%, lr=2.6e-04]
Epoch 03/80 [Train]:  98%|█████████▊| 204/208 [00:08<00:00, 23.62it/s, loss=4.408, acc=53.0%, lr=2.6e-04]
Epoch 03/80 [Train]:  98%|█████████▊| 204/208 [00:08<00:00, 23.62it/s, loss=4.648, acc=53.0%, lr=2.6e-04]
Epoch 03/80 [Train]:  98%|█████████▊| 204/208 [00:08<00:00, 23.62it/s, loss=4.533, acc=53.1%, lr=2.6e-04]
Epoch 03/80 [Train]: 100%|█████████▉| 207/208 [00:08<00:00, 23.94it/s, loss=4.533, acc=53.1%, lr=2.6e-04]
Epoch 03/80 [Train]: 100%|█████████▉| 207/208 [00:08<00:00, 23.94it/s, loss=3.426, acc=53.1%, lr=2.6e-04]
Epoch 03/80 [Train]: 100%|██████████| 208/208 [00:08<00:00, 24.52it/s, loss=3.426, acc=53.1%, lr=2.6e-04]

[2026-08-17 01:17:46] [EPOCH 03 SUMMARY]
  Train: Loss = 4.4194 | Top-1 Acc =  53.08%
  Val:   Top-1 Acc =  10.88% | Top-3 =  28.50% | Top-5 =  36.79%
         APL = 12.83 dB | Profile MAE =  2.90 dB (Rank Corr: 0.300)
  Time:  Epoch = 8.5s (Val Eval: 2.2s) | Total Elapsed = 00h:00m:35s | ETA: 00h:15m:09s
  -> [INFO] No improvement for 1/12 epochs (Best: 15.41%)

[2026-08-17 01:17:46] >>> [EPOCH 04/80] Training Started <<<

Epoch 04/80 [Train]:   0%|          | 0/208 [00:00<?, ?it/s]
Epoch 04/80 [Train]:   0%|          | 0/208 [00:00<?, ?it/s, loss=3.665, acc=65.6%, lr=2.6e-04]
Epoch 04/80 [Train]:   0%|          | 0/208 [00:00<?, ?it/s, loss=3.909, acc=66.4%, lr=2.6e-04]
Epoch 04/80 [Train]:   0%|          | 0/208 [00:00<?, ?it/s, loss=4.126, acc=65.1%, lr=2.6e-04]
Epoch 04/80 [Train]:   1%|▏         | 3/208 [00:00<00:08, 24.67it/s, loss=4.126, acc=65.1%, lr=2.6e-04]
Epoch 04/80 [Train]:   1%|▏         | 3/208 [00:00<00:08, 24.67it/s, loss=3.562, acc=63.3%, lr=2.6e-04]
Epoch 04/80 [Train]:   1%|▏         | 3/208 [00:00<00:08, 24.67it/s, loss=4.573, acc=60.0%, lr=2.6e-04]
Epoch 04/80 [Train]:   1%|▏         | 3/208 [00:00<00:08, 24.67it/s, loss=4.210, acc=59.1%, lr=2.6e-04]
Epoch 04/80 [Train]:   3%|▎         | 6/208 [00:00<00:07, 25.27it/s, loss=4.210, acc=59.1%, lr=2.6e-04]
Epoch 04/80 [Train]:   3%|▎         | 6/208 [00:00<00:07, 25.27it/s, loss=3.592, acc=60.7%, lr=2.6e-04]
Epoch 04/80 [Train]:   3%|▎         | 6/208 [00:00<00:07, 25.27it/s, loss=3.878, acc=60.0%, lr=2.6e-04]
Epoch 04/80 [Train]:   3%|▎         | 6/208 [00:00<00:07, 25.27it/s, loss=4.395, acc=60.2%, lr=2.6e-04]
Epoch 04/80 [Train]:   4%|▍         | 9/208 [00:00<00:07, 25.08it/s, loss=4.395, acc=60.2%, lr=2.6e-04]
Epoch 04/80 [Train]:   4%|▍         | 9/208 [00:00<00:07, 25.08it/s, loss=4.184, acc=59.4%, lr=2.6e-04]
Epoch 04/80 [Train]:   4%|▍         | 9/208 [00:00<00:07, 25.08it/s, loss=3.402, acc=59.7%, lr=2.6e-04]
Epoch 04/80 [Train]:   4%|▍         | 9/208 [00:00<00:07, 25.08it/s, loss=3.888, acc=60.4%, lr=2.6e-04]
Epoch 04/80 [Train]:   6%|▌         | 12/208 [00:00<00:07, 24.65it/s, loss=3.888, acc=60.4%, lr=2.6e-04]
Epoch 04/80 [Train]:   6%|▌         | 12/208 [00:00<00:07, 24.65it/s, loss=3.835, acc=61.2%, lr=2.6e-04]
Epoch 04/80 [Train]:   6%|▌         | 12/208 [00:00<00:07, 24.65it/s, loss=3.741, acc=61.4%, lr=2.6e-04]
Epoch 04/80 [Train]:   6%|▌         | 12/208 [00:00<00:07, 24.65it/s, loss=3.574, acc=61.7%, lr=2.6e-04]
Epoch 04/80 [Train]:   7%|▋         | 15/208 [00:00<00:07, 24.86it/s, loss=3.574, acc=61.7%, lr=2.6e-04]
Epoch 04/80 [Train]:   7%|▋         | 15/208 [00:00<00:07, 24.86it/s, loss=3.879, acc=62.1%, lr=2.6e-04]
Epoch 04/80 [Train]:   7%|▋         | 15/208 [00:00<00:07, 24.86it/s, loss=4.389, acc=61.9%, lr=2.6e-04]
Epoch 04/80 [Train]:   7%|▋         | 15/208 [00:00<00:07, 24.86it/s, loss=3.443, acc=62.1%, lr=2.6e-04]
Epoch 04/80 [Train]:   9%|▊         | 18/208 [00:00<00:07, 24.64it/s, loss=3.443, acc=62.1%, lr=2.6e-04]
Epoch 04/80 [Train]:   9%|▊         | 18/208 [00:00<00:07, 24.64it/s, loss=3.853, acc=61.9%, lr=2.7e-04]
Epoch 04/80 [Train]:   9%|▊         | 18/208 [00:00<00:07, 24.64it/s, loss=3.157, acc=62.5%, lr=2.7e-04]
Epoch 04/80 [Train]:   9%|▊         | 18/208 [00:00<00:07, 24.64it/s, loss=3.905, acc=62.6%, lr=2.7e-04]
Epoch 04/80 [Train]:  10%|█         | 21/208 [00:00<00:07, 24.19it/s, loss=3.905, acc=62.6%, lr=2.7e-04]
Epoch 04/80 [Train]:  10%|█         | 21/208 [00:00<00:07, 24.19it/s, loss=4.085, acc=62.5%, lr=2.7e-04]
Epoch 04/80 [Train]:  10%|█         | 21/208 [00:00<00:07, 24.19it/s, loss=3.657, acc=62.2%, lr=2.7e-04]
Epoch 04/80 [Train]:  10%|█         | 21/208 [00:00<00:07, 24.19it/s, loss=3.546, acc=62.2%, lr=2.7e-04]
Epoch 04/80 [Train]:  12%|█▏        | 24/208 [00:00<00:07, 24.33it/s, loss=3.546, acc=62.2%, lr=2.7e-04]
Epoch 04/80 [Train]:  12%|█▏        | 24/208 [00:01<00:07, 24.33it/s, loss=3.332, acc=62.4%, lr=2.7e-04]
Epoch 04/80 [Train]:  12%|█▏        | 24/208 [00:01<00:07, 24.33it/s, loss=3.455, acc=62.6%, lr=2.7e-04]
Epoch 04/80 [Train]:  12%|█▏        | 24/208 [00:01<00:07, 24.33it/s, loss=3.932, acc=62.3%, lr=2.7e-04]
Epoch 04/80 [Train]:  13%|█▎        | 27/208 [00:01<00:07, 24.50it/s, loss=3.932, acc=62.3%, lr=2.7e-04]
Epoch 04/80 [Train]:  13%|█▎        | 27/208 [00:01<00:07, 24.50it/s, loss=3.009, acc=62.8%, lr=2.7e-04]
Epoch 04/80 [Train]:  13%|█▎        | 27/208 [00:01<00:07, 24.50it/s, loss=4.004, acc=62.8%, lr=2.7e-04]
Epoch 04/80 [Train]:  13%|█▎        | 27/208 [00:01<00:07, 24.50it/s, loss=3.590, acc=62.6%, lr=2.7e-04]
Epoch 04/80 [Train]:  14%|█▍        | 30/208 [00:01<00:07, 24.63it/s, loss=3.590, acc=62.6%, lr=2.7e-04]
Epoch 04/80 [Train]:  14%|█▍        | 30/208 [00:01<00:07, 24.63it/s, loss=4.129, acc=62.6%, lr=2.7e-04]
Epoch 04/80 [Train]:  14%|█▍        | 30/208 [00:01<00:07, 24.63it/s, loss=3.780, acc=62.7%, lr=2.7e-04]
Epoch 04/80 [Train]:  14%|█▍        | 30/208 [00:01<00:07, 24.63it/s, loss=3.657, acc=62.6%, lr=2.7e-04]
Epoch 04/80 [Train]:  16%|█▌        | 33/208 [00:01<00:07, 24.70it/s, loss=3.657, acc=62.6%, lr=2.7e-04]
Epoch 04/80 [Train]:  16%|█▌        | 33/208 [00:01<00:07, 24.70it/s, loss=3.727, acc=62.6%, lr=2.7e-04]
Epoch 04/80 [Train]:  16%|█▌        | 33/208 [00:01<00:07, 24.70it/s, loss=4.970, acc=62.3%, lr=2.7e-04]
Epoch 04/80 [Train]:  16%|█▌        | 33/208 [00:01<00:07, 24.70it/s, loss=3.967, acc=62.2%, lr=2.7e-04]
Epoch 04/80 [Train]:  17%|█▋        | 36/208 [00:01<00:06, 24.74it/s, loss=3.967, acc=62.2%, lr=2.7e-04]
Epoch 04/80 [Train]:  17%|█▋        | 36/208 [00:01<00:06, 24.74it/s, loss=3.690, acc=62.3%, lr=2.7e-04]
Epoch 04/80 [Train]:  17%|█▋        | 36/208 [00:01<00:06, 24.74it/s, loss=3.688, acc=62.5%, lr=2.7e-04]
Epoch 04/80 [Train]:  17%|█▋        | 36/208 [00:01<00:06, 24.74it/s, loss=4.005, acc=62.5%, lr=2.7e-04]
Epoch 04/80 [Train]:  19%|█▉        | 39/208 [00:01<00:06, 24.72it/s, loss=4.005, acc=62.5%, lr=2.7e-04]
Epoch 04/80 [Train]:  19%|█▉        | 39/208 [00:01<00:06, 24.72it/s, loss=4.346, acc=62.1%, lr=2.7e-04]
Epoch 04/80 [Train]:  19%|█▉        | 39/208 [00:01<00:06, 24.72it/s, loss=3.724, acc=62.0%, lr=2.7e-04]
Epoch 04/80 [Train]:  19%|█▉        | 39/208 [00:01<00:06, 24.72it/s, loss=3.454, acc=61.8%, lr=2.7e-04]
Epoch 04/80 [Train]:  20%|██        | 42/208 [00:01<00:06, 23.89it/s, loss=3.454, acc=61.8%, lr=2.7e-04]
Epoch 04/80 [Train]:  20%|██        | 42/208 [00:01<00:06, 23.89it/s, loss=3.661, acc=62.0%, lr=2.7e-04]
Epoch 04/80 [Train]:  20%|██        | 42/208 [00:01<00:06, 23.89it/s, loss=3.216, acc=62.0%, lr=2.7e-04]
Epoch 04/80 [Train]:  20%|██        | 42/208 [00:01<00:06, 23.89it/s, loss=3.184, acc=62.2%, lr=2.7e-04]
Epoch 04/80 [Train]:  22%|██▏       | 45/208 [00:01<00:06, 24.26it/s, loss=3.184, acc=62.2%, lr=2.7e-04]
Epoch 04/80 [Train]:  22%|██▏       | 45/208 [00:01<00:06, 24.26it/s, loss=3.406, acc=62.4%, lr=2.7e-04]
Epoch 04/80 [Train]:  22%|██▏       | 45/208 [00:01<00:06, 24.26it/s, loss=3.831, acc=62.4%, lr=2.7e-04]
Epoch 04/80 [Train]:  22%|██▏       | 45/208 [00:01<00:06, 24.26it/s, loss=4.393, acc=62.0%, lr=2.7e-04]
Epoch 04/80 [Train]:  23%|██▎       | 48/208 [00:01<00:06, 24.44it/s, loss=4.393, acc=62.0%, lr=2.7e-04]
Epoch 04/80 [Train]:  23%|██▎       | 48/208 [00:01<00:06, 24.44it/s, loss=3.526, acc=62.3%, lr=2.8e-04]
Epoch 04/80 [Train]:  23%|██▎       | 48/208 [00:02<00:06, 24.44it/s, loss=4.156, acc=62.0%, lr=2.8e-04]
Epoch 04/80 [Train]:  23%|██▎       | 48/208 [00:02<00:06, 24.44it/s, loss=3.785, acc=61.9%, lr=2.8e-04]
Epoch 04/80 [Train]:  25%|██▍       | 51/208 [00:02<00:06, 24.56it/s, loss=3.785, acc=61.9%, lr=2.8e-04]
Epoch 04/80 [Train]:  25%|██▍       | 51/208 [00:02<00:06, 24.56it/s, loss=3.473, acc=61.8%, lr=2.8e-04]
Epoch 04/80 [Train]:  25%|██▍       | 51/208 [00:02<00:06, 24.56it/s, loss=3.414, acc=61.8%, lr=2.8e-04]
Epoch 04/80 [Train]:  25%|██▍       | 51/208 [00:02<00:06, 24.56it/s, loss=2.993, acc=61.9%, lr=2.8e-04]
Epoch 04/80 [Train]:  26%|██▌       | 54/208 [00:02<00:06, 24.53it/s, loss=2.993, acc=61.9%, lr=2.8e-04]
Epoch 04/80 [Train]:  26%|██▌       | 54/208 [00:02<00:06, 24.53it/s, loss=3.926, acc=61.7%, lr=2.8e-04]
Epoch 04/80 [Train]:  26%|██▌       | 54/208 [00:02<00:06, 24.53it/s, loss=4.033, acc=61.6%, lr=2.8e-04]
Epoch 04/80 [Train]:  26%|██▌       | 54/208 [00:02<00:06, 24.53it/s, loss=2.800, acc=61.8%, lr=2.8e-04]
Epoch 04/80 [Train]:  27%|██▋       | 57/208 [00:02<00:06, 24.69it/s, loss=2.800, acc=61.8%, lr=2.8e-04]
Epoch 04/80 [Train]:  27%|██▋       | 57/208 [00:02<00:06, 24.69it/s, loss=2.886, acc=62.0%, lr=2.8e-04]
Epoch 04/80 [Train]:  27%|██▋       | 57/208 [00:02<00:06, 24.69it/s, loss=2.497, acc=62.2%, lr=2.8e-04]
Epoch 04/80 [Train]:  27%|██▋       | 57/208 [00:02<00:06, 24.69it/s, loss=3.375, acc=62.2%, lr=2.8e-04]
Epoch 04/80 [Train]:  29%|██▉       | 60/208 [00:02<00:05, 24.86it/s, loss=3.375, acc=62.2%, lr=2.8e-04]
Epoch 04/80 [Train]:  29%|██▉       | 60/208 [00:02<00:05, 24.86it/s, loss=3.181, acc=62.1%, lr=2.8e-04]
Epoch 04/80 [Train]:  29%|██▉       | 60/208 [00:02<00:05, 24.86it/s, loss=3.472, acc=62.2%, lr=2.8e-04]
Epoch 04/80 [Train]:  29%|██▉       | 60/208 [00:02<00:05, 24.86it/s, loss=3.670, acc=62.1%, lr=2.8e-04]
Epoch 04/80 [Train]:  30%|███       | 63/208 [00:02<00:05, 24.44it/s, loss=3.670, acc=62.1%, lr=2.8e-04]
Epoch 04/80 [Train]:  30%|███       | 63/208 [00:02<00:05, 24.44it/s, loss=3.289, acc=62.0%, lr=2.8e-04]
Epoch 04/80 [Train]:  30%|███       | 63/208 [00:02<00:05, 24.44it/s, loss=3.159, acc=62.1%, lr=2.8e-04]
Epoch 04/80 [Train]:  30%|███       | 63/208 [00:02<00:05, 24.44it/s, loss=3.563, acc=62.1%, lr=2.8e-04]
Epoch 04/80 [Train]:  32%|███▏      | 66/208 [00:02<00:05, 24.60it/s, loss=3.563, acc=62.1%, lr=2.8e-04]
Epoch 04/80 [Train]:  32%|███▏      | 66/208 [00:02<00:05, 24.60it/s, loss=3.100, acc=62.2%, lr=2.8e-04]
Epoch 04/80 [Train]:  32%|███▏      | 66/208 [00:02<00:05, 24.60it/s, loss=3.153, acc=62.3%, lr=2.8e-04]
Epoch 04/80 [Train]:  32%|███▏      | 66/208 [00:02<00:05, 24.60it/s, loss=3.335, acc=62.3%, lr=2.8e-04]
Epoch 04/80 [Train]:  33%|███▎      | 69/208 [00:02<00:05, 24.53it/s, loss=3.335, acc=62.3%, lr=2.8e-04]
Epoch 04/80 [Train]:  33%|███▎      | 69/208 [00:02<00:05, 24.53it/s, loss=3.371, acc=62.3%, lr=2.8e-04]
Epoch 04/80 [Train]:  33%|███▎      | 69/208 [00:02<00:05, 24.53it/s, loss=3.519, acc=62.4%, lr=2.8e-04]
Epoch 04/80 [Train]:  33%|███▎      | 69/208 [00:02<00:05, 24.53it/s, loss=2.972, acc=62.3%, lr=2.8e-04]
Epoch 04/80 [Train]:  35%|███▍      | 72/208 [00:02<00:05, 24.70it/s, loss=2.972, acc=62.3%, lr=2.8e-04]
Epoch 04/80 [Train]:  35%|███▍      | 72/208 [00:02<00:05, 24.70it/s, loss=3.303, acc=62.3%, lr=2.8e-04]
Epoch 04/80 [Train]:  35%|███▍      | 72/208 [00:03<00:05, 24.70it/s, loss=3.341, acc=62.3%, lr=2.8e-04]
Epoch 04/80 [Train]:  35%|███▍      | 72/208 [00:03<00:05, 24.70it/s, loss=3.442, acc=62.4%, lr=2.8e-04]
Epoch 04/80 [Train]:  36%|███▌      | 75/208 [00:03<00:05, 24.80it/s, loss=3.442, acc=62.4%, lr=2.8e-04]
Epoch 04/80 [Train]:  36%|███▌      | 75/208 [00:03<00:05, 24.80it/s, loss=3.248, acc=62.4%, lr=2.8e-04]
Epoch 04/80 [Train]:  36%|███▌      | 75/208 [00:03<00:05, 24.80it/s, loss=2.813, acc=62.5%, lr=2.8e-04]
Epoch 04/80 [Train]:  36%|███▌      | 75/208 [00:03<00:05, 24.80it/s, loss=3.170, acc=62.5%, lr=2.8e-04]
Epoch 04/80 [Train]:  38%|███▊      | 78/208 [00:03<00:05, 24.74it/s, loss=3.170, acc=62.5%, lr=2.8e-04]
Epoch 04/80 [Train]:  38%|███▊      | 78/208 [00:03<00:05, 24.74it/s, loss=3.917, acc=62.5%, lr=2.8e-04]
Epoch 04/80 [Train]:  38%|███▊      | 78/208 [00:03<00:05, 24.74it/s, loss=3.510, acc=62.4%, lr=2.8e-04]
Epoch 04/80 [Train]:  38%|███▊      | 78/208 [00:03<00:05, 24.74it/s, loss=3.312, acc=62.4%, lr=2.8e-04]
Epoch 04/80 [Train]:  39%|███▉      | 81/208 [00:03<00:05, 24.80it/s, loss=3.312, acc=62.4%, lr=2.8e-04]
Epoch 04/80 [Train]:  39%|███▉      | 81/208 [00:03<00:05, 24.80it/s, loss=2.763, acc=62.5%, lr=2.8e-04]
Epoch 04/80 [Train]:  39%|███▉      | 81/208 [00:03<00:05, 24.80it/s, loss=2.756, acc=62.6%, lr=2.8e-04]
Epoch 04/80 [Train]:  39%|███▉      | 81/208 [00:03<00:05, 24.80it/s, loss=3.026, acc=62.6%, lr=2.8e-04]
Epoch 04/80 [Train]:  40%|████      | 84/208 [00:03<00:04, 24.89it/s, loss=3.026, acc=62.6%, lr=2.8e-04]
Epoch 04/80 [Train]:  40%|████      | 84/208 [00:03<00:04, 24.89it/s, loss=2.649, acc=62.7%, lr=2.8e-04]
Epoch 04/80 [Train]:  40%|████      | 84/208 [00:03<00:04, 24.89it/s, loss=3.047, acc=62.7%, lr=2.9e-04]
Epoch 04/80 [Train]:  40%|████      | 84/208 [00:03<00:04, 24.89it/s, loss=3.206, acc=62.7%, lr=2.9e-04]
Epoch 04/80 [Train]:  42%|████▏     | 87/208 [00:03<00:04, 24.88it/s, loss=3.206, acc=62.7%, lr=2.9e-04]
Epoch 04/80 [Train]:  42%|████▏     | 87/208 [00:03<00:04, 24.88it/s, loss=2.689, acc=62.9%, lr=2.9e-04]
Epoch 04/80 [Train]:  42%|████▏     | 87/208 [00:03<00:04, 24.88it/s, loss=2.480, acc=63.0%, lr=2.9e-04]
Epoch 04/80 [Train]:  42%|████▏     | 87/208 [00:03<00:04, 24.88it/s, loss=3.389, acc=62.8%, lr=2.9e-04]
Epoch 04/80 [Train]:  43%|████▎     | 90/208 [00:03<00:04, 24.55it/s, loss=3.389, acc=62.8%, lr=2.9e-04]
Epoch 04/80 [Train]:  43%|████▎     | 90/208 [00:03<00:04, 24.55it/s, loss=2.725, acc=62.8%, lr=2.9e-04]
Epoch 04/80 [Train]:  43%|████▎     | 90/208 [00:03<00:04, 24.55it/s, loss=3.171, acc=62.8%, lr=2.9e-04]
Epoch 04/80 [Train]:  43%|████▎     | 90/208 [00:03<00:04, 24.55it/s, loss=3.242, acc=62.7%, lr=2.9e-04]
Epoch 04/80 [Train]:  45%|████▍     | 93/208 [00:03<00:04, 24.69it/s, loss=3.242, acc=62.7%, lr=2.9e-04]
Epoch 04/80 [Train]:  45%|████▍     | 93/208 [00:03<00:04, 24.69it/s, loss=3.037, acc=62.7%, lr=2.9e-04]
Epoch 04/80 [Train]:  45%|████▍     | 93/208 [00:03<00:04, 24.69it/s, loss=3.014, acc=62.8%, lr=2.9e-04]
Epoch 04/80 [Train]:  45%|████▍     | 93/208 [00:03<00:04, 24.69it/s, loss=2.553, acc=62.8%, lr=2.9e-04]
Epoch 04/80 [Train]:  46%|████▌     | 96/208 [00:03<00:04, 24.94it/s, loss=2.553, acc=62.8%, lr=2.9e-04]
Epoch 04/80 [Train]:  46%|████▌     | 96/208 [00:03<00:04, 24.94it/s, loss=2.973, acc=62.8%, lr=2.9e-04]
Epoch 04/80 [Train]:  46%|████▌     | 96/208 [00:03<00:04, 24.94it/s, loss=2.562, acc=62.9%, lr=2.9e-04]
Epoch 04/80 [Train]:  46%|████▌     | 96/208 [00:04<00:04, 24.94it/s, loss=2.748, acc=62.9%, lr=2.9e-04]
Epoch 04/80 [Train]:  48%|████▊     | 99/208 [00:04<00:04, 24.51it/s, loss=2.748, acc=62.9%, lr=2.9e-04]
Epoch 04/80 [Train]:  48%|████▊     | 99/208 [00:04<00:04, 24.51it/s, loss=2.624, acc=62.9%, lr=2.9e-04]
Epoch 04/80 [Train]:  48%|████▊     | 99/208 [00:04<00:04, 24.51it/s, loss=3.193, acc=62.8%, lr=2.9e-04]
Epoch 04/80 [Train]:  48%|████▊     | 99/208 [00:04<00:04, 24.51it/s, loss=2.121, acc=63.0%, lr=2.9e-04]
Epoch 04/80 [Train]:  49%|████▉     | 102/208 [00:04<00:04, 24.71it/s, loss=2.121, acc=63.0%, lr=2.9e-04]
Epoch 04/80 [Train]:  49%|████▉     | 102/208 [00:04<00:04, 24.71it/s, loss=2.655, acc=63.0%, lr=2.9e-04]
Epoch 04/80 [Train]:  49%|████▉     | 102/208 [00:04<00:04, 24.71it/s, loss=3.030, acc=62.9%, lr=2.9e-04]
Epoch 04/80 [Train]:  49%|████▉     | 102/208 [00:04<00:04, 24.71it/s, loss=2.622, acc=62.9%, lr=2.9e-04]
Epoch 04/80 [Train]:  50%|█████     | 105/208 [00:04<00:04, 24.65it/s, loss=2.622, acc=62.9%, lr=2.9e-04]
Epoch 04/80 [Train]:  50%|█████     | 105/208 [00:04<00:04, 24.65it/s, loss=2.906, acc=62.8%, lr=2.9e-04]
Epoch 04/80 [Train]:  50%|█████     | 105/208 [00:04<00:04, 24.65it/s, loss=3.016, acc=62.8%, lr=2.9e-04]
Epoch 04/80 [Train]:  50%|█████     | 105/208 [00:04<00:04, 24.65it/s, loss=2.631, acc=62.8%, lr=2.9e-04]
Epoch 04/80 [Train]:  52%|█████▏    | 108/208 [00:04<00:04, 24.62it/s, loss=2.631, acc=62.8%, lr=2.9e-04]
Epoch 04/80 [Train]:  52%|█████▏    | 108/208 [00:04<00:04, 24.62it/s, loss=2.516, acc=62.7%, lr=2.9e-04]
Epoch 04/80 [Train]:  52%|█████▏    | 108/208 [00:04<00:04, 24.62it/s, loss=2.464, acc=62.8%, lr=2.9e-04]
Epoch 04/80 [Train]:  52%|█████▏    | 108/208 [00:04<00:04, 24.62it/s, loss=2.628, acc=62.9%, lr=2.9e-04]
Epoch 04/80 [Train]:  53%|█████▎    | 111/208 [00:04<00:03, 24.87it/s, loss=2.628, acc=62.9%, lr=2.9e-04]
Epoch 04/80 [Train]:  53%|█████▎    | 111/208 [00:04<00:03, 24.87it/s, loss=2.475, acc=62.9%, lr=2.9e-04]
Epoch 04/80 [Train]:  53%|█████▎    | 111/208 [00:04<00:03, 24.87it/s, loss=2.257, acc=63.0%, lr=2.9e-04]
Epoch 04/80 [Train]:  53%|█████▎    | 111/208 [00:04<00:03, 24.87it/s, loss=2.853, acc=63.0%, lr=2.9e-04]
Epoch 04/80 [Train]:  55%|█████▍    | 114/208 [00:04<00:03, 24.33it/s, loss=2.853, acc=63.0%, lr=2.9e-04]
Epoch 04/80 [Train]:  55%|█████▍    | 114/208 [00:04<00:03, 24.33it/s, loss=3.082, acc=63.1%, lr=2.9e-04]
Epoch 04/80 [Train]:  55%|█████▍    | 114/208 [00:04<00:03, 24.33it/s, loss=3.038, acc=63.1%, lr=2.9e-04]
Epoch 04/80 [Train]:  55%|█████▍    | 114/208 [00:04<00:03, 24.33it/s, loss=3.037, acc=63.0%, lr=2.9e-04]
Epoch 04/80 [Train]:  56%|█████▋    | 117/208 [00:04<00:03, 24.53it/s, loss=3.037, acc=63.0%, lr=2.9e-04]
Epoch 04/80 [Train]:  56%|█████▋    | 117/208 [00:04<00:03, 24.53it/s, loss=2.527, acc=63.0%, lr=2.9e-04]
Epoch 04/80 [Train]:  56%|█████▋    | 117/208 [00:04<00:03, 24.53it/s, loss=2.813, acc=63.0%, lr=2.9e-04]
Epoch 04/80 [Train]:  56%|█████▋    | 117/208 [00:04<00:03, 24.53it/s, loss=2.162, acc=63.0%, lr=2.9e-04]
Epoch 04/80 [Train]:  58%|█████▊    | 120/208 [00:04<00:03, 24.65it/s, loss=2.162, acc=63.0%, lr=2.9e-04]
Epoch 04/80 [Train]:  58%|█████▊    | 120/208 [00:04<00:03, 24.65it/s, loss=2.870, acc=63.1%, lr=2.9e-04]
Epoch 04/80 [Train]:  58%|█████▊    | 120/208 [00:04<00:03, 24.65it/s, loss=2.361, acc=63.1%, lr=2.9e-04]
Epoch 04/80 [Train]:  58%|█████▊    | 120/208 [00:04<00:03, 24.65it/s, loss=2.585, acc=63.1%, lr=2.9e-04]
Epoch 04/80 [Train]:  59%|█████▉    | 123/208 [00:04<00:03, 24.68it/s, loss=2.585, acc=63.1%, lr=2.9e-04]
Epoch 04/80 [Train]:  59%|█████▉    | 123/208 [00:05<00:03, 24.68it/s, loss=2.635, acc=63.0%, lr=2.9e-04]
Epoch 04/80 [Train]:  59%|█████▉    | 123/208 [00:05<00:03, 24.68it/s, loss=2.626, acc=63.0%, lr=2.9e-04]
Epoch 04/80 [Train]:  59%|█████▉    | 123/208 [00:05<00:03, 24.68it/s, loss=2.991, acc=63.0%, lr=2.9e-04]
Epoch 04/80 [Train]:  61%|██████    | 126/208 [00:05<00:03, 24.26it/s, loss=2.991, acc=63.0%, lr=2.9e-04]
Epoch 04/80 [Train]:  61%|██████    | 126/208 [00:05<00:03, 24.26it/s, loss=2.333, acc=63.1%, lr=2.9e-04]
Epoch 04/80 [Train]:  61%|██████    | 126/208 [00:05<00:03, 24.26it/s, loss=2.861, acc=63.1%, lr=2.9e-04]
Epoch 04/80 [Train]:  61%|██████    | 126/208 [00:05<00:03, 24.26it/s, loss=3.319, acc=63.1%, lr=2.9e-04]
Epoch 04/80 [Train]:  62%|██████▏   | 129/208 [00:05<00:03, 24.55it/s, loss=3.319, acc=63.1%, lr=2.9e-04]
Epoch 04/80 [Train]:  62%|██████▏   | 129/208 [00:05<00:03, 24.55it/s, loss=2.306, acc=63.0%, lr=2.9e-04]
Epoch 04/80 [Train]:  62%|██████▏   | 129/208 [00:05<00:03, 24.55it/s, loss=2.655, acc=63.0%, lr=2.9e-04]
Epoch 04/80 [Train]:  62%|██████▏   | 129/208 [00:05<00:03, 24.55it/s, loss=2.806, acc=63.0%, lr=2.9e-04]
Epoch 04/80 [Train]:  63%|██████▎   | 132/208 [00:05<00:03, 24.60it/s, loss=2.806, acc=63.0%, lr=2.9e-04]
Epoch 04/80 [Train]:  63%|██████▎   | 132/208 [00:05<00:03, 24.60it/s, loss=2.231, acc=63.1%, lr=2.9e-04]
Epoch 04/80 [Train]:  63%|██████▎   | 132/208 [00:05<00:03, 24.60it/s, loss=2.314, acc=63.1%, lr=2.9e-04]
Epoch 04/80 [Train]:  63%|██████▎   | 132/208 [00:05<00:03, 24.60it/s, loss=2.944, acc=63.1%, lr=2.9e-04]
Epoch 04/80 [Train]:  65%|██████▍   | 135/208 [00:05<00:02, 24.71it/s, loss=2.944, acc=63.1%, lr=2.9e-04]
Epoch 04/80 [Train]:  65%|██████▍   | 135/208 [00:05<00:02, 24.71it/s, loss=2.596, acc=63.1%, lr=2.9e-04]
Epoch 04/80 [Train]:  65%|██████▍   | 135/208 [00:05<00:02, 24.71it/s, loss=2.458, acc=63.1%, lr=2.9e-04]
Epoch 04/80 [Train]:  65%|██████▍   | 135/208 [00:05<00:02, 24.71it/s, loss=2.119, acc=63.1%, lr=3.0e-04]
Epoch 04/80 [Train]:  66%|██████▋   | 138/208 [00:05<00:02, 24.82it/s, loss=2.119, acc=63.1%, lr=3.0e-04]
Epoch 04/80 [Train]:  66%|██████▋   | 138/208 [00:05<00:02, 24.82it/s, loss=3.038, acc=63.1%, lr=3.0e-04]
Epoch 04/80 [Train]:  66%|██████▋   | 138/208 [00:05<00:02, 24.82it/s, loss=3.124, acc=63.0%, lr=3.0e-04]
Epoch 04/80 [Train]:  66%|██████▋   | 138/208 [00:05<00:02, 24.82it/s, loss=2.350, acc=63.0%, lr=3.0e-04]
Epoch 04/80 [Train]:  68%|██████▊   | 141/208 [00:05<00:02, 24.83it/s, loss=2.350, acc=63.0%, lr=3.0e-04]
Epoch 04/80 [Train]:  68%|██████▊   | 141/208 [00:05<00:02, 24.83it/s, loss=2.843, acc=62.9%, lr=3.0e-04]
Epoch 04/80 [Train]:  68%|██████▊   | 141/208 [00:05<00:02, 24.83it/s, loss=2.263, acc=62.9%, lr=3.0e-04]
Epoch 04/80 [Train]:  68%|██████▊   | 141/208 [00:05<00:02, 24.83it/s, loss=2.482, acc=62.9%, lr=3.0e-04]
Epoch 04/80 [Train]:  69%|██████▉   | 144/208 [00:05<00:02, 24.82it/s, loss=2.482, acc=62.9%, lr=3.0e-04]
Epoch 04/80 [Train]:  69%|██████▉   | 144/208 [00:05<00:02, 24.82it/s, loss=2.717, acc=62.9%, lr=3.0e-04]
Epoch 04/80 [Train]:  69%|██████▉   | 144/208 [00:05<00:02, 24.82it/s, loss=2.203, acc=63.0%, lr=3.0e-04]
Epoch 04/80 [Train]:  69%|██████▉   | 144/208 [00:05<00:02, 24.82it/s, loss=2.568, acc=63.0%, lr=3.0e-04]
Epoch 04/80 [Train]:  71%|███████   | 147/208 [00:05<00:02, 24.58it/s, loss=2.568, acc=63.0%, lr=3.0e-04]
Epoch 04/80 [Train]:  71%|███████   | 147/208 [00:06<00:02, 24.58it/s, loss=2.569, acc=63.0%, lr=3.0e-04]
Epoch 04/80 [Train]:  71%|███████   | 147/208 [00:06<00:02, 24.58it/s, loss=2.531, acc=63.0%, lr=3.0e-04]
Epoch 04/80 [Train]:  71%|███████   | 147/208 [00:06<00:02, 24.58it/s, loss=2.527, acc=63.0%, lr=3.0e-04]
Epoch 04/80 [Train]:  72%|███████▏  | 150/208 [00:06<00:02, 24.40it/s, loss=2.527, acc=63.0%, lr=3.0e-04]
Epoch 04/80 [Train]:  72%|███████▏  | 150/208 [00:06<00:02, 24.40it/s, loss=2.536, acc=63.0%, lr=3.0e-04]
Epoch 04/80 [Train]:  72%|███████▏  | 150/208 [00:06<00:02, 24.40it/s, loss=2.444, acc=63.0%, lr=3.0e-04]
Epoch 04/80 [Train]:  72%|███████▏  | 150/208 [00:06<00:02, 24.40it/s, loss=2.381, acc=63.0%, lr=3.0e-04]
Epoch 04/80 [Train]:  74%|███████▎  | 153/208 [00:06<00:02, 24.40it/s, loss=2.381, acc=63.0%, lr=3.0e-04]
Epoch 04/80 [Train]:  74%|███████▎  | 153/208 [00:06<00:02, 24.40it/s, loss=2.549, acc=63.0%, lr=3.0e-04]
Epoch 04/80 [Train]:  74%|███████▎  | 153/208 [00:06<00:02, 24.40it/s, loss=2.445, acc=63.1%, lr=3.0e-04]
Epoch 04/80 [Train]:  74%|███████▎  | 153/208 [00:06<00:02, 24.40it/s, loss=2.338, acc=63.1%, lr=3.0e-04]
Epoch 04/80 [Train]:  75%|███████▌  | 156/208 [00:06<00:02, 24.62it/s, loss=2.338, acc=63.1%, lr=3.0e-04]
Epoch 04/80 [Train]:  75%|███████▌  | 156/208 [00:06<00:02, 24.62it/s, loss=2.575, acc=63.1%, lr=3.0e-04]
Epoch 04/80 [Train]:  75%|███████▌  | 156/208 [00:06<00:02, 24.62it/s, loss=2.317, acc=63.1%, lr=3.0e-04]
Epoch 04/80 [Train]:  75%|███████▌  | 156/208 [00:06<00:02, 24.62it/s, loss=2.172, acc=63.1%, lr=3.0e-04]
Epoch 04/80 [Train]:  76%|███████▋  | 159/208 [00:06<00:01, 24.54it/s, loss=2.172, acc=63.1%, lr=3.0e-04]
Epoch 04/80 [Train]:  76%|███████▋  | 159/208 [00:06<00:01, 24.54it/s, loss=2.912, acc=63.1%, lr=3.0e-04]
Epoch 04/80 [Train]:  76%|███████▋  | 159/208 [00:06<00:01, 24.54it/s, loss=2.083, acc=63.2%, lr=3.0e-04]
Epoch 04/80 [Train]:  76%|███████▋  | 159/208 [00:06<00:01, 24.54it/s, loss=2.237, acc=63.2%, lr=3.0e-04]
Epoch 04/80 [Train]:  78%|███████▊  | 162/208 [00:06<00:01, 24.20it/s, loss=2.237, acc=63.2%, lr=3.0e-04]
Epoch 04/80 [Train]:  78%|███████▊  | 162/208 [00:06<00:01, 24.20it/s, loss=2.588, acc=63.2%, lr=3.0e-04]
Epoch 04/80 [Train]:  78%|███████▊  | 162/208 [00:06<00:01, 24.20it/s, loss=2.667, acc=63.2%, lr=3.0e-04]
Epoch 04/80 [Train]:  78%|███████▊  | 162/208 [00:06<00:01, 24.20it/s, loss=2.792, acc=63.2%, lr=3.0e-04]
Epoch 04/80 [Train]:  79%|███████▉  | 165/208 [00:06<00:01, 24.53it/s, loss=2.792, acc=63.2%, lr=3.0e-04]
Epoch 04/80 [Train]:  79%|███████▉  | 165/208 [00:06<00:01, 24.53it/s, loss=2.153, acc=63.2%, lr=3.0e-04]
Epoch 04/80 [Train]:  79%|███████▉  | 165/208 [00:06<00:01, 24.53it/s, loss=2.750, acc=63.2%, lr=3.0e-04]
Epoch 04/80 [Train]:  79%|███████▉  | 165/208 [00:06<00:01, 24.53it/s, loss=2.570, acc=63.2%, lr=3.0e-04]
Epoch 04/80 [Train]:  81%|████████  | 168/208 [00:06<00:01, 24.63it/s, loss=2.570, acc=63.2%, lr=3.0e-04]
Epoch 04/80 [Train]:  81%|████████  | 168/208 [00:06<00:01, 24.63it/s, loss=2.605, acc=63.2%, lr=3.0e-04]
Epoch 04/80 [Train]:  81%|████████  | 168/208 [00:06<00:01, 24.63it/s, loss=3.107, acc=63.2%, lr=3.0e-04]
Epoch 04/80 [Train]:  81%|████████  | 168/208 [00:06<00:01, 24.63it/s, loss=2.304, acc=63.2%, lr=3.0e-04]
Epoch 04/80 [Train]:  82%|████████▏ | 171/208 [00:06<00:01, 24.46it/s, loss=2.304, acc=63.2%, lr=3.0e-04]
Epoch 04/80 [Train]:  82%|████████▏ | 171/208 [00:06<00:01, 24.46it/s, loss=1.988, acc=63.2%, lr=3.0e-04]
Epoch 04/80 [Train]:  82%|████████▏ | 171/208 [00:07<00:01, 24.46it/s, loss=2.677, acc=63.2%, lr=3.0e-04]
Epoch 04/80 [Train]:  82%|████████▏ | 171/208 [00:07<00:01, 24.46it/s, loss=2.269, acc=63.2%, lr=3.0e-04]
Epoch 04/80 [Train]:  84%|████████▎ | 174/208 [00:07<00:01, 24.62it/s, loss=2.269, acc=63.2%, lr=3.0e-04]
Epoch 04/80 [Train]:  84%|████████▎ | 174/208 [00:07<00:01, 24.62it/s, loss=2.335, acc=63.2%, lr=3.0e-04]
Epoch 04/80 [Train]:  84%|████████▎ | 174/208 [00:07<00:01, 24.62it/s, loss=2.359, acc=63.2%, lr=3.0e-04]
Epoch 04/80 [Train]:  84%|████████▎ | 174/208 [00:07<00:01, 24.62it/s, loss=2.304, acc=63.3%, lr=3.0e-04]
Epoch 04/80 [Train]:  85%|████████▌ | 177/208 [00:07<00:01, 24.56it/s, loss=2.304, acc=63.3%, lr=3.0e-04]
Epoch 04/80 [Train]:  85%|████████▌ | 177/208 [00:07<00:01, 24.56it/s, loss=2.566, acc=63.3%, lr=3.0e-04]
Epoch 04/80 [Train]:  85%|████████▌ | 177/208 [00:07<00:01, 24.56it/s, loss=2.220, acc=63.3%, lr=3.0e-04]
Epoch 04/80 [Train]:  85%|████████▌ | 177/208 [00:07<00:01, 24.56it/s, loss=2.520, acc=63.3%, lr=3.0e-04]
Epoch 04/80 [Train]:  87%|████████▋ | 180/208 [00:07<00:01, 24.82it/s, loss=2.520, acc=63.3%, lr=3.0e-04]
Epoch 04/80 [Train]:  87%|████████▋ | 180/208 [00:07<00:01, 24.82it/s, loss=2.589, acc=63.4%, lr=3.0e-04]
Epoch 04/80 [Train]:  87%|████████▋ | 180/208 [00:07<00:01, 24.82it/s, loss=2.835, acc=63.3%, lr=3.0e-04]
Epoch 04/80 [Train]:  87%|████████▋ | 180/208 [00:07<00:01, 24.82it/s, loss=2.379, acc=63.4%, lr=3.0e-04]
Epoch 04/80 [Train]:  88%|████████▊ | 183/208 [00:07<00:01, 24.80it/s, loss=2.379, acc=63.4%, lr=3.0e-04]
Epoch 04/80 [Train]:  88%|████████▊ | 183/208 [00:07<00:01, 24.80it/s, loss=2.196, acc=63.4%, lr=3.0e-04]
Epoch 04/80 [Train]:  88%|████████▊ | 183/208 [00:07<00:01, 24.80it/s, loss=3.361, acc=63.3%, lr=3.0e-04]
Epoch 04/80 [Train]:  88%|████████▊ | 183/208 [00:07<00:01, 24.80it/s, loss=2.415, acc=63.3%, lr=3.0e-04]
Epoch 04/80 [Train]:  89%|████████▉ | 186/208 [00:07<00:00, 24.75it/s, loss=2.415, acc=63.3%, lr=3.0e-04]
Epoch 04/80 [Train]:  89%|████████▉ | 186/208 [00:07<00:00, 24.75it/s, loss=2.665, acc=63.4%, lr=3.0e-04]
Epoch 04/80 [Train]:  89%|████████▉ | 186/208 [00:07<00:00, 24.75it/s, loss=2.357, acc=63.4%, lr=3.0e-04]
Epoch 04/80 [Train]:  89%|████████▉ | 186/208 [00:07<00:00, 24.75it/s, loss=2.727, acc=63.4%, lr=3.0e-04]
Epoch 04/80 [Train]:  91%|█████████ | 189/208 [00:07<00:00, 24.83it/s, loss=2.727, acc=63.4%, lr=3.0e-04]
Epoch 04/80 [Train]:  91%|█████████ | 189/208 [00:07<00:00, 24.83it/s, loss=2.567, acc=63.4%, lr=3.0e-04]
Epoch 04/80 [Train]:  91%|█████████ | 189/208 [00:07<00:00, 24.83it/s, loss=2.471, acc=63.4%, lr=3.0e-04]
Epoch 04/80 [Train]:  91%|█████████ | 189/208 [00:07<00:00, 24.83it/s, loss=2.661, acc=63.5%, lr=3.0e-04]
Epoch 04/80 [Train]:  92%|█████████▏| 192/208 [00:07<00:00, 24.94it/s, loss=2.661, acc=63.5%, lr=3.0e-04]
Epoch 04/80 [Train]:  92%|█████████▏| 192/208 [00:07<00:00, 24.94it/s, loss=2.192, acc=63.5%, lr=3.0e-04]
Epoch 04/80 [Train]:  92%|█████████▏| 192/208 [00:07<00:00, 24.94it/s, loss=2.719, acc=63.5%, lr=3.0e-04]
Epoch 04/80 [Train]:  92%|█████████▏| 192/208 [00:07<00:00, 24.94it/s, loss=2.434, acc=63.5%, lr=3.0e-04]
Epoch 04/80 [Train]:  94%|█████████▍| 195/208 [00:07<00:00, 25.12it/s, loss=2.434, acc=63.5%, lr=3.0e-04]
Epoch 04/80 [Train]:  94%|█████████▍| 195/208 [00:07<00:00, 25.12it/s, loss=1.922, acc=63.5%, lr=3.0e-04]
Epoch 04/80 [Train]:  94%|█████████▍| 195/208 [00:07<00:00, 25.12it/s, loss=2.497, acc=63.5%, lr=3.0e-04]
Epoch 04/80 [Train]:  94%|█████████▍| 195/208 [00:08<00:00, 25.12it/s, loss=2.102, acc=63.6%, lr=3.0e-04]
Epoch 04/80 [Train]:  95%|█████████▌| 198/208 [00:08<00:00, 25.01it/s, loss=2.102, acc=63.6%, lr=3.0e-04]
Epoch 04/80 [Train]:  95%|█████████▌| 198/208 [00:08<00:00, 25.01it/s, loss=2.845, acc=63.5%, lr=3.0e-04]
Epoch 04/80 [Train]:  95%|█████████▌| 198/208 [00:08<00:00, 25.01it/s, loss=2.174, acc=63.6%, lr=3.0e-04]
Epoch 04/80 [Train]:  95%|█████████▌| 198/208 [00:08<00:00, 25.01it/s, loss=2.328, acc=63.6%, lr=3.0e-04]
Epoch 04/80 [Train]:  97%|█████████▋| 201/208 [00:08<00:00, 24.93it/s, loss=2.328, acc=63.6%, lr=3.0e-04]
Epoch 04/80 [Train]:  97%|█████████▋| 201/208 [00:08<00:00, 24.93it/s, loss=2.514, acc=63.6%, lr=3.0e-04]
Epoch 04/80 [Train]:  97%|█████████▋| 201/208 [00:08<00:00, 24.93it/s, loss=2.714, acc=63.6%, lr=3.0e-04]
Epoch 04/80 [Train]:  97%|█████████▋| 201/208 [00:08<00:00, 24.93it/s, loss=2.498, acc=63.6%, lr=3.0e-04]
Epoch 04/80 [Train]:  98%|█████████▊| 204/208 [00:08<00:00, 25.07it/s, loss=2.498, acc=63.6%, lr=3.0e-04]
Epoch 04/80 [Train]:  98%|█████████▊| 204/208 [00:08<00:00, 25.07it/s, loss=2.410, acc=63.6%, lr=3.0e-04]
Epoch 04/80 [Train]:  98%|█████████▊| 204/208 [00:08<00:00, 25.07it/s, loss=2.185, acc=63.6%, lr=3.0e-04]
Epoch 04/80 [Train]:  98%|█████████▊| 204/208 [00:08<00:00, 25.07it/s, loss=2.315, acc=63.6%, lr=3.0e-04]
Epoch 04/80 [Train]: 100%|█████████▉| 207/208 [00:08<00:00, 24.81it/s, loss=2.315, acc=63.6%, lr=3.0e-04]
Epoch 04/80 [Train]: 100%|█████████▉| 207/208 [00:08<00:00, 24.81it/s, loss=2.268, acc=63.6%, lr=3.0e-04]
Epoch 04/80 [Train]: 100%|██████████| 208/208 [00:08<00:00, 24.72it/s, loss=2.268, acc=63.6%, lr=3.0e-04]

[2026-08-17 01:17:56] [EPOCH 04 SUMMARY]
  Train: Loss = 2.9995 | Top-1 Acc =  63.62%
  Val:   Top-1 Acc =   7.34% | Top-3 =  24.18% | Top-5 =  34.30%
         APL = 13.10 dB | Profile MAE =  2.95 dB (Rank Corr: 0.339)
  Time:  Epoch = 8.4s (Val Eval: 2.1s) | Total Elapsed = 00h:00m:43s | ETA: 00h:13m:53s
  -> [INFO] No improvement for 2/12 epochs (Best: 15.41%)

[2026-08-17 01:17:56] >>> [EPOCH 05/80] Training Started <<<

Epoch 05/80 [Train]:   0%|          | 0/208 [00:00<?, ?it/s]
Epoch 05/80 [Train]:   0%|          | 0/208 [00:00<?, ?it/s, loss=2.519, acc=70.3%, lr=3.0e-04]
Epoch 05/80 [Train]:   0%|          | 0/208 [00:00<?, ?it/s, loss=2.081, acc=69.5%, lr=3.0e-04]
Epoch 05/80 [Train]:   0%|          | 0/208 [00:00<?, ?it/s, loss=2.256, acc=70.3%, lr=3.0e-04]
Epoch 05/80 [Train]:   1%|▏         | 3/208 [00:00<00:08, 24.45it/s, loss=2.256, acc=70.3%, lr=3.0e-04]
Epoch 05/80 [Train]:   1%|▏         | 3/208 [00:00<00:08, 24.45it/s, loss=2.255, acc=68.8%, lr=3.0e-04]
Epoch 05/80 [Train]:   1%|▏         | 3/208 [00:00<00:08, 24.45it/s, loss=2.151, acc=68.8%, lr=3.0e-04]
Epoch 05/80 [Train]:   1%|▏         | 3/208 [00:00<00:08, 24.45it/s, loss=2.319, acc=68.5%, lr=3.0e-04]
Epoch 05/80 [Train]:   3%|▎         | 6/208 [00:00<00:08, 24.96it/s, loss=2.319, acc=68.5%, lr=3.0e-04]
Epoch 05/80 [Train]:   3%|▎         | 6/208 [00:00<00:08, 24.96it/s, loss=2.642, acc=68.8%, lr=3.0e-04]
Epoch 05/80 [Train]:   3%|▎         | 6/208 [00:00<00:08, 24.96it/s, loss=2.537, acc=68.0%, lr=3.0e-04]
Epoch 05/80 [Train]:   3%|▎         | 6/208 [00:00<00:08, 24.96it/s, loss=2.525, acc=67.5%, lr=3.0e-04]
Epoch 05/80 [Train]:   4%|▍         | 9/208 [00:00<00:07, 25.02it/s, loss=2.525, acc=67.5%, lr=3.0e-04]
Epoch 05/80 [Train]:   4%|▍         | 9/208 [00:00<00:07, 25.02it/s, loss=2.407, acc=66.9%, lr=3.0e-04]
Epoch 05/80 [Train]:   4%|▍         | 9/208 [00:00<00:07, 25.02it/s, loss=2.289, acc=66.9%, lr=3.0e-04]
Epoch 05/80 [Train]:   4%|▍         | 9/208 [00:00<00:07, 25.02it/s, loss=1.915, acc=68.0%, lr=3.0e-04]
Epoch 05/80 [Train]:   6%|▌         | 12/208 [00:00<00:07, 24.98it/s, loss=1.915, acc=68.0%, lr=3.0e-04]
Epoch 05/80 [Train]:   6%|▌         | 12/208 [00:00<00:07, 24.98it/s, loss=2.376, acc=67.8%, lr=3.0e-04]
Epoch 05/80 [Train]:   6%|▌         | 12/208 [00:00<00:07, 24.98it/s, loss=2.037, acc=68.3%, lr=3.0e-04]
Epoch 05/80 [Train]:   6%|▌         | 12/208 [00:00<00:07, 24.98it/s, loss=2.673, acc=67.7%, lr=3.0e-04]
Epoch 05/80 [Train]:   7%|▋         | 15/208 [00:00<00:07, 24.84it/s, loss=2.673, acc=67.7%, lr=3.0e-04]
Epoch 05/80 [Train]:   7%|▋         | 15/208 [00:00<00:07, 24.84it/s, loss=2.432, acc=67.4%, lr=3.0e-04]
Epoch 05/80 [Train]:   7%|▋         | 15/208 [00:00<00:07, 24.84it/s, loss=1.810, acc=68.0%, lr=3.0e-04]
Epoch 05/80 [Train]:   7%|▋         | 15/208 [00:00<00:07, 24.84it/s, loss=2.485, acc=68.1%, lr=3.0e-04]
Epoch 05/80 [Train]:   9%|▊         | 18/208 [00:00<00:07, 24.78it/s, loss=2.485, acc=68.1%, lr=3.0e-04]
Epoch 05/80 [Train]:   9%|▊         | 18/208 [00:00<00:07, 24.78it/s, loss=1.991, acc=68.0%, lr=3.0e-04]
Epoch 05/80 [Train]:   9%|▊         | 18/208 [00:00<00:07, 24.78it/s, loss=1.846, acc=68.2%, lr=3.0e-04]
Epoch 05/80 [Train]:   9%|▊         | 18/208 [00:00<00:07, 24.78it/s, loss=2.286, acc=68.0%, lr=3.0e-04]
Epoch 05/80 [Train]:  10%|█         | 21/208 [00:00<00:07, 24.86it/s, loss=2.286, acc=68.0%, lr=3.0e-04]
Epoch 05/80 [Train]:  10%|█         | 21/208 [00:00<00:07, 24.86it/s, loss=2.107, acc=68.1%, lr=3.0e-04]
Epoch 05/80 [Train]:  10%|█         | 21/208 [00:00<00:07, 24.86it/s, loss=1.751, acc=68.5%, lr=3.0e-04]
Epoch 05/80 [Train]:  10%|█         | 21/208 [00:00<00:07, 24.86it/s, loss=2.361, acc=68.8%, lr=3.0e-04]
Epoch 05/80 [Train]:  12%|█▏        | 24/208 [00:00<00:07, 24.93it/s, loss=2.361, acc=68.8%, lr=3.0e-04]
Epoch 05/80 [Train]:  12%|█▏        | 24/208 [00:01<00:07, 24.93it/s, loss=2.177, acc=68.8%, lr=3.0e-04]
Epoch 05/80 [Train]:  12%|█▏        | 24/208 [00:01<00:07, 24.93it/s, loss=2.305, acc=68.9%, lr=3.0e-04]
Epoch 05/80 [Train]:  12%|█▏        | 24/208 [00:01<00:07, 24.93it/s, loss=2.400, acc=68.9%, lr=3.0e-04]
Epoch 05/80 [Train]:  13%|█▎        | 27/208 [00:01<00:07, 24.96it/s, loss=2.400, acc=68.9%, lr=3.0e-04]
Epoch 05/80 [Train]:  13%|█▎        | 27/208 [00:01<00:07, 24.96it/s, loss=2.108, acc=69.0%, lr=3.0e-04]
Epoch 05/80 [Train]:  13%|█▎        | 27/208 [00:01<00:07, 24.96it/s, loss=2.646, acc=68.9%, lr=3.0e-04]
Epoch 05/80 [Train]:  13%|█▎        | 27/208 [00:01<00:07, 24.96it/s, loss=2.643, acc=68.8%, lr=3.0e-04]
Epoch 05/80 [Train]:  14%|█▍        | 30/208 [00:01<00:07, 24.99it/s, loss=2.643, acc=68.8%, lr=3.0e-04]
Epoch 05/80 [Train]:  14%|█▍        | 30/208 [00:01<00:07, 24.99it/s, loss=2.265, acc=69.0%, lr=3.0e-04]
Epoch 05/80 [Train]:  14%|█▍        | 30/208 [00:01<00:07, 24.99it/s, loss=2.281, acc=68.9%, lr=3.0e-04]
Epoch 05/80 [Train]:  14%|█▍        | 30/208 [00:01<00:07, 24.99it/s, loss=1.789, acc=69.2%, lr=3.0e-04]
Epoch 05/80 [Train]:  16%|█▌        | 33/208 [00:01<00:07, 24.73it/s, loss=1.789, acc=69.2%, lr=3.0e-04]
Epoch 05/80 [Train]:  16%|█▌        | 33/208 [00:01<00:07, 24.73it/s, loss=2.486, acc=69.2%, lr=3.0e-04]
Epoch 05/80 [Train]:  16%|█▌        | 33/208 [00:01<00:07, 24.73it/s, loss=1.976, acc=69.4%, lr=3.0e-04]
Epoch 05/80 [Train]:  16%|█▌        | 33/208 [00:01<00:07, 24.73it/s, loss=2.321, acc=69.4%, lr=3.0e-04]
Epoch 05/80 [Train]:  17%|█▋        | 36/208 [00:01<00:07, 24.57it/s, loss=2.321, acc=69.4%, lr=3.0e-04]
Epoch 05/80 [Train]:  17%|█▋        | 36/208 [00:01<00:07, 24.57it/s, loss=2.598, acc=69.3%, lr=3.0e-04]
Epoch 05/80 [Train]:  17%|█▋        | 36/208 [00:01<00:07, 24.57it/s, loss=2.042, acc=69.5%, lr=3.0e-04]
Epoch 05/80 [Train]:  17%|█▋        | 36/208 [00:01<00:07, 24.57it/s, loss=2.885, acc=69.4%, lr=3.0e-04]
Epoch 05/80 [Train]:  19%|█▉        | 39/208 [00:01<00:06, 24.65it/s, loss=2.885, acc=69.4%, lr=3.0e-04]
Epoch 05/80 [Train]:  19%|█▉        | 39/208 [00:01<00:06, 24.65it/s, loss=2.081, acc=69.3%, lr=3.0e-04]
Epoch 05/80 [Train]:  19%|█▉        | 39/208 [00:01<00:06, 24.65it/s, loss=1.826, acc=69.4%, lr=3.0e-04]
Epoch 05/80 [Train]:  19%|█▉        | 39/208 [00:01<00:06, 24.65it/s, loss=2.363, acc=69.3%, lr=3.0e-04]
Epoch 05/80 [Train]:  20%|██        | 42/208 [00:01<00:06, 24.71it/s, loss=2.363, acc=69.3%, lr=3.0e-04]
Epoch 05/80 [Train]:  20%|██        | 42/208 [00:01<00:06, 24.71it/s, loss=1.956, acc=69.5%, lr=3.0e-04]
Epoch 05/80 [Train]:  20%|██        | 42/208 [00:01<00:06, 24.71it/s, loss=1.885, acc=69.5%, lr=3.0e-04]
Epoch 05/80 [Train]:  20%|██        | 42/208 [00:01<00:06, 24.71it/s, loss=1.992, acc=69.5%, lr=3.0e-04]
Epoch 05/80 [Train]:  22%|██▏       | 45/208 [00:01<00:06, 24.73it/s, loss=1.992, acc=69.5%, lr=3.0e-04]
Epoch 05/80 [Train]:  22%|██▏       | 45/208 [00:01<00:06, 24.73it/s, loss=2.107, acc=69.4%, lr=3.0e-04]
Epoch 05/80 [Train]:  22%|██▏       | 45/208 [00:01<00:06, 24.73it/s, loss=2.383, acc=69.4%, lr=3.0e-04]
Epoch 05/80 [Train]:  22%|██▏       | 45/208 [00:01<00:06, 24.73it/s, loss=2.586, acc=69.3%, lr=3.0e-04]
Epoch 05/80 [Train]:  23%|██▎       | 48/208 [00:01<00:06, 24.90it/s, loss=2.586, acc=69.3%, lr=3.0e-04]
Epoch 05/80 [Train]:  23%|██▎       | 48/208 [00:01<00:06, 24.90it/s, loss=1.585, acc=69.5%, lr=3.0e-04]
Epoch 05/80 [Train]:  23%|██▎       | 48/208 [00:02<00:06, 24.90it/s, loss=2.094, acc=69.7%, lr=3.0e-04]
Epoch 05/80 [Train]:  23%|██▎       | 48/208 [00:02<00:06, 24.90it/s, loss=2.350, acc=69.6%, lr=3.0e-04]
Epoch 05/80 [Train]:  25%|██▍       | 51/208 [00:02<00:06, 24.94it/s, loss=2.350, acc=69.6%, lr=3.0e-04]
Epoch 05/80 [Train]:  25%|██▍       | 51/208 [00:02<00:06, 24.94it/s, loss=2.101, acc=69.6%, lr=3.0e-04]
Epoch 05/80 [Train]:  25%|██▍       | 51/208 [00:02<00:06, 24.94it/s, loss=1.965, acc=69.6%, lr=3.0e-04]
Epoch 05/80 [Train]:  25%|██▍       | 51/208 [00:02<00:06, 24.94it/s, loss=2.370, acc=69.5%, lr=3.0e-04]
Epoch 05/80 [Train]:  26%|██▌       | 54/208 [00:02<00:06, 24.95it/s, loss=2.370, acc=69.5%, lr=3.0e-04]
Epoch 05/80 [Train]:  26%|██▌       | 54/208 [00:02<00:06, 24.95it/s, loss=2.300, acc=69.4%, lr=3.0e-04]
Epoch 05/80 [Train]:  26%|██▌       | 54/208 [00:02<00:06, 24.95it/s, loss=1.889, acc=69.5%, lr=3.0e-04]
Epoch 05/80 [Train]:  26%|██▌       | 54/208 [00:02<00:06, 24.95it/s, loss=1.946, acc=69.5%, lr=3.0e-04]
Epoch 05/80 [Train]:  27%|██▋       | 57/208 [00:02<00:06, 25.03it/s, loss=1.946, acc=69.5%, lr=3.0e-04]
Epoch 05/80 [Train]:  27%|██▋       | 57/208 [00:02<00:06, 25.03it/s, loss=2.088, acc=69.5%, lr=3.0e-04]
Epoch 05/80 [Train]:  27%|██▋       | 57/208 [00:02<00:06, 25.03it/s, loss=1.885, acc=69.4%, lr=3.0e-04]
Epoch 05/80 [Train]:  27%|██▋       | 57/208 [00:02<00:06, 25.03it/s, loss=2.142, acc=69.5%, lr=3.0e-04]
Epoch 05/80 [Train]:  29%|██▉       | 60/208 [00:02<00:05, 25.04it/s, loss=2.142, acc=69.5%, lr=3.0e-04]
Epoch 05/80 [Train]:  29%|██▉       | 60/208 [00:02<00:05, 25.04it/s, loss=1.880, acc=69.5%, lr=3.0e-04]
Epoch 05/80 [Train]:  29%|██▉       | 60/208 [00:02<00:05, 25.04it/s, loss=1.813, acc=69.6%, lr=3.0e-04]
Epoch 05/80 [Train]:  29%|██▉       | 60/208 [00:02<00:05, 25.04it/s, loss=1.968, acc=69.5%, lr=3.0e-04]
Epoch 05/80 [Train]:  30%|███       | 63/208 [00:02<00:05, 24.91it/s, loss=1.968, acc=69.5%, lr=3.0e-04]
Epoch 05/80 [Train]:  30%|███       | 63/208 [00:02<00:05, 24.91it/s, loss=1.895, acc=69.6%, lr=3.0e-04]
Epoch 05/80 [Train]:  30%|███       | 63/208 [00:02<00:05, 24.91it/s, loss=1.953, acc=69.6%, lr=3.0e-04]
Epoch 05/80 [Train]:  30%|███       | 63/208 [00:02<00:05, 24.91it/s, loss=2.502, acc=69.5%, lr=3.0e-04]
Epoch 05/80 [Train]:  32%|███▏      | 66/208 [00:02<00:05, 24.97it/s, loss=2.502, acc=69.5%, lr=3.0e-04]
Epoch 05/80 [Train]:  32%|███▏      | 66/208 [00:02<00:05, 24.97it/s, loss=2.242, acc=69.5%, lr=3.0e-04]
Epoch 05/80 [Train]:  32%|███▏      | 66/208 [00:02<00:05, 24.97it/s, loss=2.905, acc=69.5%, lr=3.0e-04]
Epoch 05/80 [Train]:  32%|███▏      | 66/208 [00:02<00:05, 24.97it/s, loss=2.114, acc=69.6%, lr=3.0e-04]
Epoch 05/80 [Train]:  33%|███▎      | 69/208 [00:02<00:05, 24.89it/s, loss=2.114, acc=69.6%, lr=3.0e-04]
Epoch 05/80 [Train]:  33%|███▎      | 69/208 [00:02<00:05, 24.89it/s, loss=2.743, acc=69.4%, lr=3.0e-04]
Epoch 05/80 [Train]:  33%|███▎      | 69/208 [00:02<00:05, 24.89it/s, loss=2.685, acc=69.3%, lr=3.0e-04]
Epoch 05/80 [Train]:  33%|███▎      | 69/208 [00:02<00:05, 24.89it/s, loss=2.161, acc=69.3%, lr=3.0e-04]
Epoch 05/80 [Train]:  35%|███▍      | 72/208 [00:02<00:05, 24.70it/s, loss=2.161, acc=69.3%, lr=3.0e-04]
Epoch 05/80 [Train]:  35%|███▍      | 72/208 [00:02<00:05, 24.70it/s, loss=2.094, acc=69.3%, lr=3.0e-04]
Epoch 05/80 [Train]:  35%|███▍      | 72/208 [00:02<00:05, 24.70it/s, loss=2.391, acc=69.3%, lr=3.0e-04]
Epoch 05/80 [Train]:  35%|███▍      | 72/208 [00:03<00:05, 24.70it/s, loss=2.078, acc=69.3%, lr=3.0e-04]
Epoch 05/80 [Train]:  36%|███▌      | 75/208 [00:03<00:05, 24.74it/s, loss=2.078, acc=69.3%, lr=3.0e-04]
Epoch 05/80 [Train]:  36%|███▌      | 75/208 [00:03<00:05, 24.74it/s, loss=2.590, acc=69.3%, lr=3.0e-04]
Epoch 05/80 [Train]:  36%|███▌      | 75/208 [00:03<00:05, 24.74it/s, loss=1.634, acc=69.4%, lr=3.0e-04]
Epoch 05/80 [Train]:  36%|███▌      | 75/208 [00:03<00:05, 24.74it/s, loss=2.060, acc=69.5%, lr=3.0e-04]
Epoch 05/80 [Train]:  38%|███▊      | 78/208 [00:03<00:05, 24.90it/s, loss=2.060, acc=69.5%, lr=3.0e-04]
Epoch 05/80 [Train]:  38%|███▊      | 78/208 [00:03<00:05, 24.90it/s, loss=1.852, acc=69.4%, lr=3.0e-04]
Epoch 05/80 [Train]:  38%|███▊      | 78/208 [00:03<00:05, 24.90it/s, loss=2.212, acc=69.5%, lr=3.0e-04]
Epoch 05/80 [Train]:  38%|███▊      | 78/208 [00:03<00:05, 24.90it/s, loss=1.755, acc=69.6%, lr=3.0e-04]
Epoch 05/80 [Train]:  39%|███▉      | 81/208 [00:03<00:05, 24.65it/s, loss=1.755, acc=69.6%, lr=3.0e-04]
Epoch 05/80 [Train]:  39%|███▉      | 81/208 [00:03<00:05, 24.65it/s, loss=2.157, acc=69.6%, lr=3.0e-04]
Epoch 05/80 [Train]:  39%|███▉      | 81/208 [00:03<00:05, 24.65it/s, loss=1.640, acc=69.6%, lr=3.0e-04]
Epoch 05/80 [Train]:  39%|███▉      | 81/208 [00:03<00:05, 24.65it/s, loss=2.152, acc=69.6%, lr=3.0e-04]
Epoch 05/80 [Train]:  40%|████      | 84/208 [00:03<00:05, 24.69it/s, loss=2.152, acc=69.6%, lr=3.0e-04]
Epoch 05/80 [Train]:  40%|████      | 84/208 [00:03<00:05, 24.69it/s, loss=2.315, acc=69.5%, lr=3.0e-04]
Epoch 05/80 [Train]:  40%|████      | 84/208 [00:03<00:05, 24.69it/s, loss=2.550, acc=69.4%, lr=3.0e-04]
Epoch 05/80 [Train]:  40%|████      | 84/208 [00:03<00:05, 24.69it/s, loss=2.157, acc=69.4%, lr=3.0e-04]
Epoch 05/80 [Train]:  42%|████▏     | 87/208 [00:03<00:04, 24.72it/s, loss=2.157, acc=69.4%, lr=3.0e-04]
Epoch 05/80 [Train]:  42%|████▏     | 87/208 [00:03<00:04, 24.72it/s, loss=2.104, acc=69.4%, lr=3.0e-04]
Epoch 05/80 [Train]:  42%|████▏     | 87/208 [00:03<00:04, 24.72it/s, loss=1.901, acc=69.4%, lr=3.0e-04]
Epoch 05/80 [Train]:  42%|████▏     | 87/208 [00:03<00:04, 24.72it/s, loss=2.078, acc=69.4%, lr=3.0e-04]
Epoch 05/80 [Train]:  43%|████▎     | 90/208 [00:03<00:04, 24.92it/s, loss=2.078, acc=69.4%, lr=3.0e-04]
Epoch 05/80 [Train]:  43%|████▎     | 90/208 [00:03<00:04, 24.92it/s, loss=2.074, acc=69.4%, lr=3.0e-04]
Epoch 05/80 [Train]:  43%|████▎     | 90/208 [00:03<00:04, 24.92it/s, loss=2.119, acc=69.3%, lr=3.0e-04]
Epoch 05/80 [Train]:  43%|████▎     | 90/208 [00:03<00:04, 24.92it/s, loss=2.209, acc=69.2%, lr=3.0e-04]
Epoch 05/80 [Train]:  45%|████▍     | 93/208 [00:03<00:04, 24.92it/s, loss=2.209, acc=69.2%, lr=3.0e-04]
Epoch 05/80 [Train]:  45%|████▍     | 93/208 [00:03<00:04, 24.92it/s, loss=1.867, acc=69.3%, lr=3.0e-04]
Epoch 05/80 [Train]:  45%|████▍     | 93/208 [00:03<00:04, 24.92it/s, loss=2.425, acc=69.3%, lr=3.0e-04]
Epoch 05/80 [Train]:  45%|████▍     | 93/208 [00:03<00:04, 24.92it/s, loss=2.233, acc=69.3%, lr=3.0e-04]
Epoch 05/80 [Train]:  46%|████▌     | 96/208 [00:03<00:04, 24.88it/s, loss=2.233, acc=69.3%, lr=3.0e-04]
Epoch 05/80 [Train]:  46%|████▌     | 96/208 [00:03<00:04, 24.88it/s, loss=2.042, acc=69.3%, lr=3.0e-04]
Epoch 05/80 [Train]:  46%|████▌     | 96/208 [00:03<00:04, 24.88it/s, loss=2.328, acc=69.3%, lr=3.0e-04]
Epoch 05/80 [Train]:  46%|████▌     | 96/208 [00:03<00:04, 24.88it/s, loss=2.304, acc=69.2%, lr=3.0e-04]
Epoch 05/80 [Train]:  48%|████▊     | 99/208 [00:03<00:04, 24.85it/s, loss=2.304, acc=69.2%, lr=3.0e-04]
Epoch 05/80 [Train]:  48%|████▊     | 99/208 [00:04<00:04, 24.85it/s, loss=1.797, acc=69.3%, lr=3.0e-04]
Epoch 05/80 [Train]:  48%|████▊     | 99/208 [00:04<00:04, 24.85it/s, loss=2.585, acc=69.1%, lr=3.0e-04]
Epoch 05/80 [Train]:  48%|████▊     | 99/208 [00:04<00:04, 24.85it/s, loss=2.410, acc=69.0%, lr=3.0e-04]
Epoch 05/80 [Train]:  49%|████▉     | 102/208 [00:04<00:04, 24.44it/s, loss=2.410, acc=69.0%, lr=3.0e-04]
Epoch 05/80 [Train]:  49%|████▉     | 102/208 [00:04<00:04, 24.44it/s, loss=2.249, acc=69.0%, lr=3.0e-04]
Epoch 05/80 [Train]:  49%|████▉     | 102/208 [00:04<00:04, 24.44it/s, loss=1.681, acc=69.0%, lr=3.0e-04]
Epoch 05/80 [Train]:  49%|████▉     | 102/208 [00:04<00:04, 24.44it/s, loss=2.285, acc=69.0%, lr=3.0e-04]
Epoch 05/80 [Train]:  50%|█████     | 105/208 [00:04<00:04, 24.41it/s, loss=2.285, acc=69.0%, lr=3.0e-04]
Epoch 05/80 [Train]:  50%|█████     | 105/208 [00:04<00:04, 24.41it/s, loss=1.862, acc=69.0%, lr=3.0e-04]
Epoch 05/80 [Train]:  50%|█████     | 105/208 [00:04<00:04, 24.41it/s, loss=2.493, acc=69.0%, lr=3.0e-04]
Epoch 05/80 [Train]:  50%|█████     | 105/208 [00:04<00:04, 24.41it/s, loss=2.135, acc=69.0%, lr=3.0e-04]
Epoch 05/80 [Train]:  52%|█████▏    | 108/208 [00:04<00:04, 24.61it/s, loss=2.135, acc=69.0%, lr=3.0e-04]
Epoch 05/80 [Train]:  52%|█████▏    | 108/208 [00:04<00:04, 24.61it/s, loss=2.344, acc=68.9%, lr=3.0e-04]
Epoch 05/80 [Train]:  52%|█████▏    | 108/208 [00:04<00:04, 24.61it/s, loss=1.886, acc=68.8%, lr=3.0e-04]
Epoch 05/80 [Train]:  52%|█████▏    | 108/208 [00:04<00:04, 24.61it/s, loss=1.710, acc=68.9%, lr=3.0e-04]
Epoch 05/80 [Train]:  53%|█████▎    | 111/208 [00:04<00:03, 24.34it/s, loss=1.710, acc=68.9%, lr=3.0e-04]
Epoch 05/80 [Train]:  53%|█████▎    | 111/208 [00:04<00:03, 24.34it/s, loss=2.302, acc=68.9%, lr=3.0e-04]
Epoch 05/80 [Train]:  53%|█████▎    | 111/208 [00:04<00:03, 24.34it/s, loss=1.892, acc=68.9%, lr=3.0e-04]
Epoch 05/80 [Train]:  53%|█████▎    | 111/208 [00:04<00:03, 24.34it/s, loss=2.485, acc=68.8%, lr=3.0e-04]
Epoch 05/80 [Train]:  55%|█████▍    | 114/208 [00:04<00:03, 24.58it/s, loss=2.485, acc=68.8%, lr=3.0e-04]
Epoch 05/80 [Train]:  55%|█████▍    | 114/208 [00:04<00:03, 24.58it/s, loss=2.141, acc=68.9%, lr=3.0e-04]
Epoch 05/80 [Train]:  55%|█████▍    | 114/208 [00:04<00:03, 24.58it/s, loss=2.055, acc=68.9%, lr=3.0e-04]
Epoch 05/80 [Train]:  55%|█████▍    | 114/208 [00:04<00:03, 24.58it/s, loss=1.973, acc=68.9%, lr=3.0e-04]
Epoch 05/80 [Train]:  56%|█████▋    | 117/208 [00:04<00:03, 24.49it/s, loss=1.973, acc=68.9%, lr=3.0e-04]
Epoch 05/80 [Train]:  56%|█████▋    | 117/208 [00:04<00:03, 24.49it/s, loss=2.072, acc=68.9%, lr=3.0e-04]
Epoch 05/80 [Train]:  56%|█████▋    | 117/208 [00:04<00:03, 24.49it/s, loss=2.264, acc=68.9%, lr=3.0e-04]
Epoch 05/80 [Train]:  56%|█████▋    | 117/208 [00:04<00:03, 24.49it/s, loss=2.113, acc=68.9%, lr=3.0e-04]
Epoch 05/80 [Train]:  58%|█████▊    | 120/208 [00:04<00:03, 24.68it/s, loss=2.113, acc=68.9%, lr=3.0e-04]
Epoch 05/80 [Train]:  58%|█████▊    | 120/208 [00:04<00:03, 24.68it/s, loss=1.910, acc=68.8%, lr=3.0e-04]
Epoch 05/80 [Train]:  58%|█████▊    | 120/208 [00:04<00:03, 24.68it/s, loss=2.048, acc=68.7%, lr=3.0e-04]
Epoch 05/80 [Train]:  58%|█████▊    | 120/208 [00:04<00:03, 24.68it/s, loss=2.241, acc=68.7%, lr=3.0e-04]
Epoch 05/80 [Train]:  59%|█████▉    | 123/208 [00:04<00:03, 24.53it/s, loss=2.241, acc=68.7%, lr=3.0e-04]
Epoch 05/80 [Train]:  59%|█████▉    | 123/208 [00:05<00:03, 24.53it/s, loss=2.275, acc=68.7%, lr=3.0e-04]
Epoch 05/80 [Train]:  59%|█████▉    | 123/208 [00:05<00:03, 24.53it/s, loss=1.701, acc=68.7%, lr=3.0e-04]
Epoch 05/80 [Train]:  59%|█████▉    | 123/208 [00:05<00:03, 24.53it/s, loss=1.936, acc=68.6%, lr=3.0e-04]
Epoch 05/80 [Train]:  61%|██████    | 126/208 [00:05<00:03, 24.66it/s, loss=1.936, acc=68.6%, lr=3.0e-04]
Epoch 05/80 [Train]:  61%|██████    | 126/208 [00:05<00:03, 24.66it/s, loss=1.960, acc=68.6%, lr=3.0e-04]
Epoch 05/80 [Train]:  61%|██████    | 126/208 [00:05<00:03, 24.66it/s, loss=1.999, acc=68.6%, lr=3.0e-04]
Epoch 05/80 [Train]:  61%|██████    | 126/208 [00:05<00:03, 24.66it/s, loss=1.706, acc=68.7%, lr=3.0e-04]
Epoch 05/80 [Train]:  62%|██████▏   | 129/208 [00:05<00:03, 24.77it/s, loss=1.706, acc=68.7%, lr=3.0e-04]
Epoch 05/80 [Train]:  62%|██████▏   | 129/208 [00:05<00:03, 24.77it/s, loss=1.840, acc=68.7%, lr=3.0e-04]
Epoch 05/80 [Train]:  62%|██████▏   | 129/208 [00:05<00:03, 24.77it/s, loss=2.126, acc=68.7%, lr=3.0e-04]
Epoch 05/80 [Train]:  62%|██████▏   | 129/208 [00:05<00:03, 24.77it/s, loss=2.123, acc=68.6%, lr=3.0e-04]
Epoch 05/80 [Train]:  63%|██████▎   | 132/208 [00:05<00:03, 24.92it/s, loss=2.123, acc=68.6%, lr=3.0e-04]
Epoch 05/80 [Train]:  63%|██████▎   | 132/208 [00:05<00:03, 24.92it/s, loss=1.957, acc=68.7%, lr=3.0e-04]
Epoch 05/80 [Train]:  63%|██████▎   | 132/208 [00:05<00:03, 24.92it/s, loss=2.376, acc=68.6%, lr=3.0e-04]
Epoch 05/80 [Train]:  63%|██████▎   | 132/208 [00:05<00:03, 24.92it/s, loss=2.525, acc=68.6%, lr=3.0e-04]
Epoch 05/80 [Train]:  65%|██████▍   | 135/208 [00:05<00:02, 25.07it/s, loss=2.525, acc=68.6%, lr=3.0e-04]
Epoch 05/80 [Train]:  65%|██████▍   | 135/208 [00:05<00:02, 25.07it/s, loss=1.787, acc=68.6%, lr=3.0e-04]
Epoch 05/80 [Train]:  65%|██████▍   | 135/208 [00:05<00:02, 25.07it/s, loss=1.930, acc=68.5%, lr=3.0e-04]
Epoch 05/80 [Train]:  65%|██████▍   | 135/208 [00:05<00:02, 25.07it/s, loss=1.918, acc=68.6%, lr=3.0e-04]
Epoch 05/80 [Train]:  66%|██████▋   | 138/208 [00:05<00:02, 25.08it/s, loss=1.918, acc=68.6%, lr=3.0e-04]
Epoch 05/80 [Train]:  66%|██████▋   | 138/208 [00:05<00:02, 25.08it/s, loss=2.023, acc=68.5%, lr=3.0e-04]
Epoch 05/80 [Train]:  66%|██████▋   | 138/208 [00:05<00:02, 25.08it/s, loss=2.461, acc=68.6%, lr=3.0e-04]
Epoch 05/80 [Train]:  66%|██████▋   | 138/208 [00:05<00:02, 25.08it/s, loss=1.733, acc=68.6%, lr=3.0e-04]
Epoch 05/80 [Train]:  68%|██████▊   | 141/208 [00:05<00:02, 24.99it/s, loss=1.733, acc=68.6%, lr=3.0e-04]
Epoch 05/80 [Train]:  68%|██████▊   | 141/208 [00:05<00:02, 24.99it/s, loss=1.661, acc=68.7%, lr=3.0e-04]
Epoch 05/80 [Train]:  68%|██████▊   | 141/208 [00:05<00:02, 24.99it/s, loss=2.095, acc=68.7%, lr=3.0e-04]
Epoch 05/80 [Train]:  68%|██████▊   | 141/208 [00:05<00:02, 24.99it/s, loss=2.326, acc=68.6%, lr=3.0e-04]
Epoch 05/80 [Train]:  69%|██████▉   | 144/208 [00:05<00:02, 25.10it/s, loss=2.326, acc=68.6%, lr=3.0e-04]
Epoch 05/80 [Train]:  69%|██████▉   | 144/208 [00:05<00:02, 25.10it/s, loss=1.926, acc=68.7%, lr=3.0e-04]
Epoch 05/80 [Train]:  69%|██████▉   | 144/208 [00:05<00:02, 25.10it/s, loss=2.025, acc=68.7%, lr=3.0e-04]
Epoch 05/80 [Train]:  69%|██████▉   | 144/208 [00:05<00:02, 25.10it/s, loss=2.487, acc=68.6%, lr=3.0e-04]
Epoch 05/80 [Train]:  71%|███████   | 147/208 [00:05<00:02, 24.94it/s, loss=2.487, acc=68.6%, lr=3.0e-04]
Epoch 05/80 [Train]:  71%|███████   | 147/208 [00:05<00:02, 24.94it/s, loss=1.842, acc=68.6%, lr=3.0e-04]
Epoch 05/80 [Train]:  71%|███████   | 147/208 [00:06<00:02, 24.94it/s, loss=2.010, acc=68.6%, lr=3.0e-04]
Epoch 05/80 [Train]:  71%|███████   | 147/208 [00:06<00:02, 24.94it/s, loss=2.085, acc=68.6%, lr=3.0e-04]
Epoch 05/80 [Train]:  72%|███████▏  | 150/208 [00:06<00:02, 24.94it/s, loss=2.085, acc=68.6%, lr=3.0e-04]
Epoch 05/80 [Train]:  72%|███████▏  | 150/208 [00:06<00:02, 24.94it/s, loss=2.024, acc=68.6%, lr=3.0e-04]
Epoch 05/80 [Train]:  72%|███████▏  | 150/208 [00:06<00:02, 24.94it/s, loss=2.134, acc=68.7%, lr=3.0e-04]
Epoch 05/80 [Train]:  72%|███████▏  | 150/208 [00:06<00:02, 24.94it/s, loss=2.036, acc=68.7%, lr=3.0e-04]
Epoch 05/80 [Train]:  74%|███████▎  | 153/208 [00:06<00:02, 25.02it/s, loss=2.036, acc=68.7%, lr=3.0e-04]
Epoch 05/80 [Train]:  74%|███████▎  | 153/208 [00:06<00:02, 25.02it/s, loss=2.553, acc=68.6%, lr=3.0e-04]
Epoch 05/80 [Train]:  74%|███████▎  | 153/208 [00:06<00:02, 25.02it/s, loss=2.107, acc=68.6%, lr=3.0e-04]
Epoch 05/80 [Train]:  74%|███████▎  | 153/208 [00:06<00:02, 25.02it/s, loss=2.113, acc=68.6%, lr=3.0e-04]
Epoch 05/80 [Train]:  75%|███████▌  | 156/208 [00:06<00:02, 24.70it/s, loss=2.113, acc=68.6%, lr=3.0e-04]
Epoch 05/80 [Train]:  75%|███████▌  | 156/208 [00:06<00:02, 24.70it/s, loss=2.258, acc=68.6%, lr=3.0e-04]
Epoch 05/80 [Train]:  75%|███████▌  | 156/208 [00:06<00:02, 24.70it/s, loss=2.038, acc=68.6%, lr=3.0e-04]
Epoch 05/80 [Train]:  75%|███████▌  | 156/208 [00:06<00:02, 24.70it/s, loss=2.308, acc=68.6%, lr=3.0e-04]
Epoch 05/80 [Train]:  76%|███████▋  | 159/208 [00:06<00:01, 24.75it/s, loss=2.308, acc=68.6%, lr=3.0e-04]
Epoch 05/80 [Train]:  76%|███████▋  | 159/208 [00:06<00:01, 24.75it/s, loss=2.231, acc=68.5%, lr=3.0e-04]
Epoch 05/80 [Train]:  76%|███████▋  | 159/208 [00:06<00:01, 24.75it/s, loss=1.753, acc=68.5%, lr=3.0e-04]
Epoch 05/80 [Train]:  76%|███████▋  | 159/208 [00:06<00:01, 24.75it/s, loss=1.906, acc=68.5%, lr=3.0e-04]
Epoch 05/80 [Train]:  78%|███████▊  | 162/208 [00:06<00:01, 24.84it/s, loss=1.906, acc=68.5%, lr=3.0e-04]
Epoch 05/80 [Train]:  78%|███████▊  | 162/208 [00:06<00:01, 24.84it/s, loss=2.326, acc=68.6%, lr=3.0e-04]
Epoch 05/80 [Train]:  78%|███████▊  | 162/208 [00:06<00:01, 24.84it/s, loss=1.968, acc=68.6%, lr=3.0e-04]
Epoch 05/80 [Train]:  78%|███████▊  | 162/208 [00:06<00:01, 24.84it/s, loss=1.684, acc=68.6%, lr=3.0e-04]
Epoch 05/80 [Train]:  79%|███████▉  | 165/208 [00:06<00:01, 24.79it/s, loss=1.684, acc=68.6%, lr=3.0e-04]
Epoch 05/80 [Train]:  79%|███████▉  | 165/208 [00:06<00:01, 24.79it/s, loss=2.129, acc=68.6%, lr=3.0e-04]
Epoch 05/80 [Train]:  79%|███████▉  | 165/208 [00:06<00:01, 24.79it/s, loss=1.802, acc=68.7%, lr=3.0e-04]
Epoch 05/80 [Train]:  79%|███████▉  | 165/208 [00:06<00:01, 24.79it/s, loss=2.122, acc=68.7%, lr=3.0e-04]
Epoch 05/80 [Train]:  81%|████████  | 168/208 [00:06<00:01, 24.99it/s, loss=2.122, acc=68.7%, lr=3.0e-04]
Epoch 05/80 [Train]:  81%|████████  | 168/208 [00:06<00:01, 24.99it/s, loss=1.797, acc=68.7%, lr=3.0e-04]
Epoch 05/80 [Train]:  81%|████████  | 168/208 [00:06<00:01, 24.99it/s, loss=2.094, acc=68.7%, lr=3.0e-04]
Epoch 05/80 [Train]:  81%|████████  | 168/208 [00:06<00:01, 24.99it/s, loss=1.838, acc=68.7%, lr=3.0e-04]
Epoch 05/80 [Train]:  82%|████████▏ | 171/208 [00:06<00:01, 24.99it/s, loss=1.838, acc=68.7%, lr=3.0e-04]
Epoch 05/80 [Train]:  82%|████████▏ | 171/208 [00:06<00:01, 24.99it/s, loss=2.112, acc=68.7%, lr=3.0e-04]
Epoch 05/80 [Train]:  82%|████████▏ | 171/208 [00:06<00:01, 24.99it/s, loss=1.896, acc=68.7%, lr=3.0e-04]
Epoch 05/80 [Train]:  82%|████████▏ | 171/208 [00:07<00:01, 24.99it/s, loss=2.068, acc=68.7%, lr=3.0e-04]
Epoch 05/80 [Train]:  84%|████████▎ | 174/208 [00:07<00:01, 24.47it/s, loss=2.068, acc=68.7%, lr=3.0e-04]
Epoch 05/80 [Train]:  84%|████████▎ | 174/208 [00:07<00:01, 24.47it/s, loss=1.863, acc=68.7%, lr=3.0e-04]
Epoch 05/80 [Train]:  84%|████████▎ | 174/208 [00:07<00:01, 24.47it/s, loss=2.481, acc=68.7%, lr=3.0e-04]
Epoch 05/80 [Train]:  84%|████████▎ | 174/208 [00:07<00:01, 24.47it/s, loss=2.721, acc=68.6%, lr=3.0e-04]
Epoch 05/80 [Train]:  85%|████████▌ | 177/208 [00:07<00:01, 24.69it/s, loss=2.721, acc=68.6%, lr=3.0e-04]
Epoch 05/80 [Train]:  85%|████████▌ | 177/208 [00:07<00:01, 24.69it/s, loss=2.248, acc=68.7%, lr=3.0e-04]
Epoch 05/80 [Train]:  85%|████████▌ | 177/208 [00:07<00:01, 24.69it/s, loss=2.311, acc=68.7%, lr=3.0e-04]
Epoch 05/80 [Train]:  85%|████████▌ | 177/208 [00:07<00:01, 24.69it/s, loss=1.844, acc=68.7%, lr=3.0e-04]
Epoch 05/80 [Train]:  87%|████████▋ | 180/208 [00:07<00:01, 24.63it/s, loss=1.844, acc=68.7%, lr=3.0e-04]
Epoch 05/80 [Train]:  87%|████████▋ | 180/208 [00:07<00:01, 24.63it/s, loss=1.683, acc=68.8%, lr=3.0e-04]
Epoch 05/80 [Train]:  87%|████████▋ | 180/208 [00:07<00:01, 24.63it/s, loss=2.100, acc=68.7%, lr=3.0e-04]
Epoch 05/80 [Train]:  87%|████████▋ | 180/208 [00:07<00:01, 24.63it/s, loss=1.853, acc=68.8%, lr=3.0e-04]
Epoch 05/80 [Train]:  88%|████████▊ | 183/208 [00:07<00:01, 24.79it/s, loss=1.853, acc=68.8%, lr=3.0e-04]
Epoch 05/80 [Train]:  88%|████████▊ | 183/208 [00:07<00:01, 24.79it/s, loss=2.624, acc=68.7%, lr=3.0e-04]
Epoch 05/80 [Train]:  88%|████████▊ | 183/208 [00:07<00:01, 24.79it/s, loss=1.731, acc=68.8%, lr=3.0e-04]
Epoch 05/80 [Train]:  88%|████████▊ | 183/208 [00:07<00:01, 24.79it/s, loss=1.896, acc=68.8%, lr=3.0e-04]
Epoch 05/80 [Train]:  89%|████████▉ | 186/208 [00:07<00:00, 24.89it/s, loss=1.896, acc=68.8%, lr=3.0e-04]
Epoch 05/80 [Train]:  89%|████████▉ | 186/208 [00:07<00:00, 24.89it/s, loss=1.989, acc=68.8%, lr=3.0e-04]
Epoch 05/80 [Train]:  89%|████████▉ | 186/208 [00:07<00:00, 24.89it/s, loss=1.887, acc=68.8%, lr=3.0e-04]
Epoch 05/80 [Train]:  89%|████████▉ | 186/208 [00:07<00:00, 24.89it/s, loss=1.812, acc=68.8%, lr=3.0e-04]
Epoch 05/80 [Train]:  91%|█████████ | 189/208 [00:07<00:00, 24.91it/s, loss=1.812, acc=68.8%, lr=3.0e-04]
Epoch 05/80 [Train]:  91%|█████████ | 189/208 [00:07<00:00, 24.91it/s, loss=1.732, acc=68.8%, lr=3.0e-04]
Epoch 05/80 [Train]:  91%|█████████ | 189/208 [00:07<00:00, 24.91it/s, loss=1.995, acc=68.8%, lr=3.0e-04]
Epoch 05/80 [Train]:  91%|█████████ | 189/208 [00:07<00:00, 24.91it/s, loss=2.283, acc=68.8%, lr=3.0e-04]
Epoch 05/80 [Train]:  92%|█████████▏| 192/208 [00:07<00:00, 25.01it/s, loss=2.283, acc=68.8%, lr=3.0e-04]
Epoch 05/80 [Train]:  92%|█████████▏| 192/208 [00:07<00:00, 25.01it/s, loss=1.783, acc=68.8%, lr=3.0e-04]
Epoch 05/80 [Train]:  92%|█████████▏| 192/208 [00:07<00:00, 25.01it/s, loss=1.923, acc=68.8%, lr=3.0e-04]
Epoch 05/80 [Train]:  92%|█████████▏| 192/208 [00:07<00:00, 25.01it/s, loss=2.310, acc=68.8%, lr=3.0e-04]
Epoch 05/80 [Train]:  94%|█████████▍| 195/208 [00:07<00:00, 24.63it/s, loss=2.310, acc=68.8%, lr=3.0e-04]
Epoch 05/80 [Train]:  94%|█████████▍| 195/208 [00:07<00:00, 24.63it/s, loss=2.306, acc=68.7%, lr=3.0e-04]
Epoch 05/80 [Train]:  94%|█████████▍| 195/208 [00:07<00:00, 24.63it/s, loss=2.397, acc=68.7%, lr=3.0e-04]
Epoch 05/80 [Train]:  94%|█████████▍| 195/208 [00:07<00:00, 24.63it/s, loss=2.094, acc=68.7%, lr=3.0e-04]
Epoch 05/80 [Train]:  95%|█████████▌| 198/208 [00:07<00:00, 24.67it/s, loss=2.094, acc=68.7%, lr=3.0e-04]
Epoch 05/80 [Train]:  95%|█████████▌| 198/208 [00:08<00:00, 24.67it/s, loss=2.184, acc=68.7%, lr=3.0e-04]
Epoch 05/80 [Train]:  95%|█████████▌| 198/208 [00:08<00:00, 24.67it/s, loss=2.182, acc=68.7%, lr=3.0e-04]
Epoch 05/80 [Train]:  95%|█████████▌| 198/208 [00:08<00:00, 24.67it/s, loss=2.095, acc=68.7%, lr=3.0e-04]
Epoch 05/80 [Train]:  97%|█████████▋| 201/208 [00:08<00:00, 24.79it/s, loss=2.095, acc=68.7%, lr=3.0e-04]
Epoch 05/80 [Train]:  97%|█████████▋| 201/208 [00:08<00:00, 24.79it/s, loss=1.730, acc=68.7%, lr=3.0e-04]
Epoch 05/80 [Train]:  97%|█████████▋| 201/208 [00:08<00:00, 24.79it/s, loss=2.020, acc=68.7%, lr=3.0e-04]
Epoch 05/80 [Train]:  97%|█████████▋| 201/208 [00:08<00:00, 24.79it/s, loss=1.625, acc=68.8%, lr=3.0e-04]
Epoch 05/80 [Train]:  98%|█████████▊| 204/208 [00:08<00:00, 24.72it/s, loss=1.625, acc=68.8%, lr=3.0e-04]
Epoch 05/80 [Train]:  98%|█████████▊| 204/208 [00:08<00:00, 24.72it/s, loss=1.818, acc=68.8%, lr=3.0e-04]
Epoch 05/80 [Train]:  98%|█████████▊| 204/208 [00:08<00:00, 24.72it/s, loss=2.207, acc=68.8%, lr=3.0e-04]
Epoch 05/80 [Train]:  98%|█████████▊| 204/208 [00:08<00:00, 24.72it/s, loss=2.345, acc=68.7%, lr=3.0e-04]
Epoch 05/80 [Train]: 100%|█████████▉| 207/208 [00:08<00:00, 24.04it/s, loss=2.345, acc=68.7%, lr=3.0e-04]
Epoch 05/80 [Train]: 100%|█████████▉| 207/208 [00:08<00:00, 24.04it/s, loss=1.755, acc=68.7%, lr=3.0e-04]
Epoch 05/80 [Train]: 100%|██████████| 208/208 [00:08<00:00, 24.81it/s, loss=1.755, acc=68.7%, lr=3.0e-04]

[2026-08-17 01:18:07] [EPOCH 05 SUMMARY]
  Train: Loss = 2.1262 | Top-1 Acc =  68.73%
  Val:   Top-1 Acc =  10.61% | Top-3 =  28.83% | Top-5 =  38.27%
         APL = 12.00 dB | Profile MAE =  2.68 dB (Rank Corr: 0.360)
  Time:  Epoch = 8.4s (Val Eval: 2.1s) | Total Elapsed = 00h:00m:52s | ETA: 00h:13m:03s
  -> [INFO] No improvement for 3/12 epochs (Best: 15.41%)

[2026-08-17 01:18:07] >>> [EPOCH 06/80] Training Started <<<

Epoch 06/80 [Train]:   0%|          | 0/208 [00:00<?, ?it/s]
Epoch 06/80 [Train]:   0%|          | 0/208 [00:00<?, ?it/s, loss=1.732, acc=78.1%, lr=3.0e-04]
Epoch 06/80 [Train]:   0%|          | 0/208 [00:00<?, ?it/s, loss=1.840, acc=75.0%, lr=3.0e-04]
Epoch 06/80 [Train]:   0%|          | 0/208 [00:00<?, ?it/s, loss=1.935, acc=74.5%, lr=3.0e-04]
Epoch 06/80 [Train]:   1%|▏         | 3/208 [00:00<00:08, 24.28it/s, loss=1.935, acc=74.5%, lr=3.0e-04]
Epoch 06/80 [Train]:   1%|▏         | 3/208 [00:00<00:08, 24.28it/s, loss=2.083, acc=71.1%, lr=3.0e-04]
Epoch 06/80 [Train]:   1%|▏         | 3/208 [00:00<00:08, 24.28it/s, loss=2.063, acc=70.6%, lr=3.0e-04]
Epoch 06/80 [Train]:   1%|▏         | 3/208 [00:00<00:08, 24.28it/s, loss=2.106, acc=70.1%, lr=3.0e-04]
Epoch 06/80 [Train]:   3%|▎         | 6/208 [00:00<00:08, 22.98it/s, loss=2.106, acc=70.1%, lr=3.0e-04]
Epoch 06/80 [Train]:   3%|▎         | 6/208 [00:00<00:08, 22.98it/s, loss=2.203, acc=69.0%, lr=3.0e-04]
Epoch 06/80 [Train]:   3%|▎         | 6/208 [00:00<00:08, 22.98it/s, loss=2.455, acc=68.8%, lr=3.0e-04]
Epoch 06/80 [Train]:   3%|▎         | 6/208 [00:00<00:08, 22.98it/s, loss=1.872, acc=68.6%, lr=3.0e-04]
Epoch 06/80 [Train]:   4%|▍         | 9/208 [00:00<00:08, 23.45it/s, loss=1.872, acc=68.6%, lr=3.0e-04]
Epoch 06/80 [Train]:   4%|▍         | 9/208 [00:00<00:08, 23.45it/s, loss=2.197, acc=68.0%, lr=3.0e-04]
Epoch 06/80 [Train]:   4%|▍         | 9/208 [00:00<00:08, 23.45it/s, loss=1.770, acc=68.3%, lr=3.0e-04]
Epoch 06/80 [Train]:   4%|▍         | 9/208 [00:00<00:08, 23.45it/s, loss=1.803, acc=68.6%, lr=3.0e-04]
Epoch 06/80 [Train]:   6%|▌         | 12/208 [00:00<00:08, 23.58it/s, loss=1.803, acc=68.6%, lr=3.0e-04]
Epoch 06/80 [Train]:   6%|▌         | 12/208 [00:00<00:08, 23.58it/s, loss=2.078, acc=68.9%, lr=3.0e-04]
Epoch 06/80 [Train]:   6%|▌         | 12/208 [00:00<00:08, 23.58it/s, loss=1.721, acc=68.8%, lr=3.0e-04]
Epoch 06/80 [Train]:   6%|▌         | 12/208 [00:00<00:08, 23.58it/s, loss=1.643, acc=69.4%, lr=3.0e-04]
Epoch 06/80 [Train]:   7%|▋         | 15/208 [00:00<00:08, 23.45it/s, loss=1.643, acc=69.4%, lr=3.0e-04]
Epoch 06/80 [Train]:   7%|▋         | 15/208 [00:00<00:08, 23.45it/s, loss=2.049, acc=69.1%, lr=3.0e-04]
Epoch 06/80 [Train]:   7%|▋         | 15/208 [00:00<00:08, 23.45it/s, loss=1.734, acc=69.3%, lr=3.0e-04]
Epoch 06/80 [Train]:   7%|▋         | 15/208 [00:00<00:08, 23.45it/s, loss=1.964, acc=69.5%, lr=3.0e-04]
Epoch 06/80 [Train]:   9%|▊         | 18/208 [00:00<00:07, 23.93it/s, loss=1.964, acc=69.5%, lr=3.0e-04]
Epoch 06/80 [Train]:   9%|▊         | 18/208 [00:00<00:07, 23.93it/s, loss=1.539, acc=69.9%, lr=3.0e-04]
Epoch 06/80 [Train]:   9%|▊         | 18/208 [00:00<00:07, 23.93it/s, loss=1.332, acc=70.8%, lr=3.0e-04]
Epoch 06/80 [Train]:   9%|▊         | 18/208 [00:00<00:07, 23.93it/s, loss=1.502, acc=71.4%, lr=3.0e-04]
Epoch 06/80 [Train]:  10%|█         | 21/208 [00:00<00:07, 24.33it/s, loss=1.502, acc=71.4%, lr=3.0e-04]
Epoch 06/80 [Train]:  10%|█         | 21/208 [00:00<00:07, 24.33it/s, loss=2.161, acc=70.9%, lr=3.0e-04]
Epoch 06/80 [Train]:  10%|█         | 21/208 [00:00<00:07, 24.33it/s, loss=2.170, acc=70.9%, lr=3.0e-04]
Epoch 06/80 [Train]:  10%|█         | 21/208 [00:01<00:07, 24.33it/s, loss=2.116, acc=70.6%, lr=3.0e-04]
Epoch 06/80 [Train]:  12%|█▏        | 24/208 [00:01<00:07, 24.04it/s, loss=2.116, acc=70.6%, lr=3.0e-04]
Epoch 06/80 [Train]:  12%|█▏        | 24/208 [00:01<00:07, 24.04it/s, loss=1.627, acc=70.4%, lr=3.0e-04]
Epoch 06/80 [Train]:  12%|█▏        | 24/208 [00:01<00:07, 24.04it/s, loss=1.505, acc=70.8%, lr=3.0e-04]
Epoch 06/80 [Train]:  12%|█▏        | 24/208 [00:01<00:07, 24.04it/s, loss=1.933, acc=70.9%, lr=3.0e-04]
Epoch 06/80 [Train]:  13%|█▎        | 27/208 [00:01<00:07, 24.33it/s, loss=1.933, acc=70.9%, lr=3.0e-04]
Epoch 06/80 [Train]:  13%|█▎        | 27/208 [00:01<00:07, 24.33it/s, loss=2.175, acc=70.9%, lr=3.0e-04]
Epoch 06/80 [Train]:  13%|█▎        | 27/208 [00:01<00:07, 24.33it/s, loss=2.068, acc=70.7%, lr=3.0e-04]
Epoch 06/80 [Train]:  13%|█▎        | 27/208 [00:01<00:07, 24.33it/s, loss=2.198, acc=70.4%, lr=3.0e-04]
Epoch 06/80 [Train]:  14%|█▍        | 30/208 [00:01<00:07, 24.42it/s, loss=2.198, acc=70.4%, lr=3.0e-04]
Epoch 06/80 [Train]:  14%|█▍        | 30/208 [00:01<00:07, 24.42it/s, loss=1.597, acc=70.5%, lr=3.0e-04]
Epoch 06/80 [Train]:  14%|█▍        | 30/208 [00:01<00:07, 24.42it/s, loss=1.329, acc=70.9%, lr=3.0e-04]
Epoch 06/80 [Train]:  14%|█▍        | 30/208 [00:01<00:07, 24.42it/s, loss=1.756, acc=71.3%, lr=3.0e-04]
Epoch 06/80 [Train]:  16%|█▌        | 33/208 [00:01<00:07, 24.60it/s, loss=1.756, acc=71.3%, lr=3.0e-04]
Epoch 06/80 [Train]:  16%|█▌        | 33/208 [00:01<00:07, 24.60it/s, loss=2.029, acc=71.2%, lr=3.0e-04]
Epoch 06/80 [Train]:  16%|█▌        | 33/208 [00:01<00:07, 24.60it/s, loss=2.179, acc=70.8%, lr=3.0e-04]
Epoch 06/80 [Train]:  16%|█▌        | 33/208 [00:01<00:07, 24.60it/s, loss=1.874, acc=70.7%, lr=3.0e-04]
Epoch 06/80 [Train]:  17%|█▋        | 36/208 [00:01<00:06, 24.75it/s, loss=1.874, acc=70.7%, lr=3.0e-04]
Epoch 06/80 [Train]:  17%|█▋        | 36/208 [00:01<00:06, 24.75it/s, loss=1.686, acc=70.9%, lr=3.0e-04]
Epoch 06/80 [Train]:  17%|█▋        | 36/208 [00:01<00:06, 24.75it/s, loss=1.839, acc=70.7%, lr=3.0e-04]
Epoch 06/80 [Train]:  17%|█▋        | 36/208 [00:01<00:06, 24.75it/s, loss=2.383, acc=70.4%, lr=3.0e-04]
Epoch 06/80 [Train]:  19%|█▉        | 39/208 [00:01<00:06, 24.93it/s, loss=2.383, acc=70.4%, lr=3.0e-04]
Epoch 06/80 [Train]:  19%|█▉        | 39/208 [00:01<00:06, 24.93it/s, loss=1.643, acc=70.6%, lr=3.0e-04]
Epoch 06/80 [Train]:  19%|█▉        | 39/208 [00:01<00:06, 24.93it/s, loss=1.754, acc=70.5%, lr=3.0e-04]
Epoch 06/80 [Train]:  19%|█▉        | 39/208 [00:01<00:06, 24.93it/s, loss=2.072, acc=70.5%, lr=3.0e-04]
Epoch 06/80 [Train]:  20%|██        | 42/208 [00:01<00:06, 24.36it/s, loss=2.072, acc=70.5%, lr=3.0e-04]
Epoch 06/80 [Train]:  20%|██        | 42/208 [00:01<00:06, 24.36it/s, loss=1.940, acc=70.5%, lr=3.0e-04]
Epoch 06/80 [Train]:  20%|██        | 42/208 [00:01<00:06, 24.36it/s, loss=2.253, acc=70.6%, lr=3.0e-04]
Epoch 06/80 [Train]:  20%|██        | 42/208 [00:01<00:06, 24.36it/s, loss=1.995, acc=70.6%, lr=3.0e-04]
Epoch 06/80 [Train]:  22%|██▏       | 45/208 [00:01<00:06, 24.44it/s, loss=1.995, acc=70.6%, lr=3.0e-04]
Epoch 06/80 [Train]:  22%|██▏       | 45/208 [00:01<00:06, 24.44it/s, loss=1.684, acc=70.7%, lr=3.0e-04]
Epoch 06/80 [Train]:  22%|██▏       | 45/208 [00:01<00:06, 24.44it/s, loss=2.270, acc=70.4%, lr=3.0e-04]
Epoch 06/80 [Train]:  22%|██▏       | 45/208 [00:01<00:06, 24.44it/s, loss=1.963, acc=70.6%, lr=3.0e-04]
Epoch 06/80 [Train]:  23%|██▎       | 48/208 [00:01<00:06, 24.59it/s, loss=1.963, acc=70.6%, lr=3.0e-04]
Epoch 06/80 [Train]:  23%|██▎       | 48/208 [00:02<00:06, 24.59it/s, loss=1.707, acc=70.6%, lr=3.0e-04]
Epoch 06/80 [Train]:  23%|██▎       | 48/208 [00:02<00:06, 24.59it/s, loss=1.992, acc=70.7%, lr=3.0e-04]
Epoch 06/80 [Train]:  23%|██▎       | 48/208 [00:02<00:06, 24.59it/s, loss=1.889, acc=70.8%, lr=3.0e-04]
Epoch 06/80 [Train]:  25%|██▍       | 51/208 [00:02<00:06, 24.14it/s, loss=1.889, acc=70.8%, lr=3.0e-04]
Epoch 06/80 [Train]:  25%|██▍       | 51/208 [00:02<00:06, 24.14it/s, loss=2.035, acc=70.8%, lr=3.0e-04]
Epoch 06/80 [Train]:  25%|██▍       | 51/208 [00:02<00:06, 24.14it/s, loss=2.092, acc=70.7%, lr=3.0e-04]
Epoch 06/80 [Train]:  25%|██▍       | 51/208 [00:02<00:06, 24.14it/s, loss=1.798, acc=70.6%, lr=3.0e-04]
Epoch 06/80 [Train]:  26%|██▌       | 54/208 [00:02<00:06, 24.36it/s, loss=1.798, acc=70.6%, lr=3.0e-04]
Epoch 06/80 [Train]:  26%|██▌       | 54/208 [00:02<00:06, 24.36it/s, loss=1.533, acc=70.7%, lr=3.0e-04]
Epoch 06/80 [Train]:  26%|██▌       | 54/208 [00:02<00:06, 24.36it/s, loss=2.019, acc=70.8%, lr=3.0e-04]
Epoch 06/80 [Train]:  26%|██▌       | 54/208 [00:02<00:06, 24.36it/s, loss=1.859, acc=70.7%, lr=3.0e-04]
Epoch 06/80 [Train]:  27%|██▋       | 57/208 [00:02<00:06, 24.46it/s, loss=1.859, acc=70.7%, lr=3.0e-04]
Epoch 06/80 [Train]:  27%|██▋       | 57/208 [00:02<00:06, 24.46it/s, loss=2.102, acc=70.7%, lr=3.0e-04]
Epoch 06/80 [Train]:  27%|██▋       | 57/208 [00:02<00:06, 24.46it/s, loss=1.995, acc=70.6%, lr=3.0e-04]
Epoch 06/80 [Train]:  27%|██▋       | 57/208 [00:02<00:06, 24.46it/s, loss=2.216, acc=70.5%, lr=3.0e-04]
Epoch 06/80 [Train]:  29%|██▉       | 60/208 [00:02<00:05, 24.78it/s, loss=2.216, acc=70.5%, lr=3.0e-04]
Epoch 06/80 [Train]:  29%|██▉       | 60/208 [00:02<00:05, 24.78it/s, loss=1.962, acc=70.5%, lr=3.0e-04]
Epoch 06/80 [Train]:  29%|██▉       | 60/208 [00:02<00:05, 24.78it/s, loss=1.780, acc=70.5%, lr=3.0e-04]
Epoch 06/80 [Train]:  29%|██▉       | 60/208 [00:02<00:05, 24.78it/s, loss=1.937, acc=70.6%, lr=3.0e-04]
Epoch 06/80 [Train]:  30%|███       | 63/208 [00:02<00:05, 24.96it/s, loss=1.937, acc=70.6%, lr=3.0e-04]
Epoch 06/80 [Train]:  30%|███       | 63/208 [00:02<00:05, 24.96it/s, loss=1.932, acc=70.5%, lr=3.0e-04]
Epoch 06/80 [Train]:  30%|███       | 63/208 [00:02<00:05, 24.96it/s, loss=1.914, acc=70.6%, lr=3.0e-04]
Epoch 06/80 [Train]:  30%|███       | 63/208 [00:02<00:05, 24.96it/s, loss=1.455, acc=70.7%, lr=3.0e-04]
Epoch 06/80 [Train]:  32%|███▏      | 66/208 [00:02<00:05, 24.85it/s, loss=1.455, acc=70.7%, lr=3.0e-04]
Epoch 06/80 [Train]:  32%|███▏      | 66/208 [00:02<00:05, 24.85it/s, loss=1.517, acc=70.7%, lr=3.0e-04]
Epoch 06/80 [Train]:  32%|███▏      | 66/208 [00:02<00:05, 24.85it/s, loss=2.112, acc=70.7%, lr=3.0e-04]
Epoch 06/80 [Train]:  32%|███▏      | 66/208 [00:02<00:05, 24.85it/s, loss=2.064, acc=70.5%, lr=3.0e-04]
Epoch 06/80 [Train]:  33%|███▎      | 69/208 [00:02<00:05, 24.78it/s, loss=2.064, acc=70.5%, lr=3.0e-04]
Epoch 06/80 [Train]:  33%|███▎      | 69/208 [00:02<00:05, 24.78it/s, loss=1.828, acc=70.6%, lr=3.0e-04]
Epoch 06/80 [Train]:  33%|███▎      | 69/208 [00:02<00:05, 24.78it/s, loss=1.614, acc=70.7%, lr=3.0e-04]
Epoch 06/80 [Train]:  33%|███▎      | 69/208 [00:02<00:05, 24.78it/s, loss=2.224, acc=70.6%, lr=3.0e-04]
Epoch 06/80 [Train]:  35%|███▍      | 72/208 [00:02<00:05, 24.82it/s, loss=2.224, acc=70.6%, lr=3.0e-04]
Epoch 06/80 [Train]:  35%|███▍      | 72/208 [00:02<00:05, 24.82it/s, loss=2.254, acc=70.5%, lr=3.0e-04]
Epoch 06/80 [Train]:  35%|███▍      | 72/208 [00:03<00:05, 24.82it/s, loss=1.945, acc=70.5%, lr=3.0e-04]
Epoch 06/80 [Train]:  35%|███▍      | 72/208 [00:03<00:05, 24.82it/s, loss=2.141, acc=70.6%, lr=3.0e-04]
Epoch 06/80 [Train]:  36%|███▌      | 75/208 [00:03<00:05, 24.66it/s, loss=2.141, acc=70.6%, lr=3.0e-04]
Epoch 06/80 [Train]:  36%|███▌      | 75/208 [00:03<00:05, 24.66it/s, loss=1.732, acc=70.6%, lr=3.0e-04]
Epoch 06/80 [Train]:  36%|███▌      | 75/208 [00:03<00:05, 24.66it/s, loss=2.030, acc=70.6%, lr=3.0e-04]
Epoch 06/80 [Train]:  36%|███▌      | 75/208 [00:03<00:05, 24.66it/s, loss=1.959, acc=70.5%, lr=3.0e-04]
Epoch 06/80 [Train]:  38%|███▊      | 78/208 [00:03<00:05, 24.68it/s, loss=1.959, acc=70.5%, lr=3.0e-04]
Epoch 06/80 [Train]:  38%|███▊      | 78/208 [00:03<00:05, 24.68it/s, loss=2.278, acc=70.5%, lr=3.0e-04]
Epoch 06/80 [Train]:  38%|███▊      | 78/208 [00:03<00:05, 24.68it/s, loss=1.872, acc=70.4%, lr=3.0e-04]
Epoch 06/80 [Train]:  38%|███▊      | 78/208 [00:03<00:05, 24.68it/s, loss=1.945, acc=70.4%, lr=3.0e-04]
Epoch 06/80 [Train]:  39%|███▉      | 81/208 [00:03<00:05, 24.67it/s, loss=1.945, acc=70.4%, lr=3.0e-04]
Epoch 06/80 [Train]:  39%|███▉      | 81/208 [00:03<00:05, 24.67it/s, loss=2.505, acc=70.4%, lr=3.0e-04]
Epoch 06/80 [Train]:  39%|███▉      | 81/208 [00:03<00:05, 24.67it/s, loss=1.733, acc=70.4%, lr=3.0e-04]
Epoch 06/80 [Train]:  39%|███▉      | 81/208 [00:03<00:05, 24.67it/s, loss=1.804, acc=70.5%, lr=3.0e-04]
Epoch 06/80 [Train]:  40%|████      | 84/208 [00:03<00:05, 24.61it/s, loss=1.804, acc=70.5%, lr=3.0e-04]
Epoch 06/80 [Train]:  40%|████      | 84/208 [00:03<00:05, 24.61it/s, loss=1.814, acc=70.4%, lr=3.0e-04]
Epoch 06/80 [Train]:  40%|████      | 84/208 [00:03<00:05, 24.61it/s, loss=2.050, acc=70.4%, lr=3.0e-04]
Epoch 06/80 [Train]:  40%|████      | 84/208 [00:03<00:05, 24.61it/s, loss=1.502, acc=70.5%, lr=3.0e-04]
Epoch 06/80 [Train]:  42%|████▏     | 87/208 [00:03<00:04, 24.67it/s, loss=1.502, acc=70.5%, lr=3.0e-04]
Epoch 06/80 [Train]:  42%|████▏     | 87/208 [00:03<00:04, 24.67it/s, loss=1.785, acc=70.4%, lr=3.0e-04]
Epoch 06/80 [Train]:  42%|████▏     | 87/208 [00:03<00:04, 24.67it/s, loss=2.342, acc=70.4%, lr=3.0e-04]
Epoch 06/80 [Train]:  42%|████▏     | 87/208 [00:03<00:04, 24.67it/s, loss=1.469, acc=70.5%, lr=3.0e-04]
Epoch 06/80 [Train]:  43%|████▎     | 90/208 [00:03<00:04, 24.17it/s, loss=1.469, acc=70.5%, lr=3.0e-04]
Epoch 06/80 [Train]:  43%|████▎     | 90/208 [00:03<00:04, 24.17it/s, loss=1.747, acc=70.5%, lr=3.0e-04]
Epoch 06/80 [Train]:  43%|████▎     | 90/208 [00:03<00:04, 24.17it/s, loss=1.599, acc=70.5%, lr=3.0e-04]
Epoch 06/80 [Train]:  43%|████▎     | 90/208 [00:03<00:04, 24.17it/s, loss=2.041, acc=70.5%, lr=3.0e-04]
Epoch 06/80 [Train]:  45%|████▍     | 93/208 [00:03<00:04, 24.42it/s, loss=2.041, acc=70.5%, lr=3.0e-04]
Epoch 06/80 [Train]:  45%|████▍     | 93/208 [00:03<00:04, 24.42it/s, loss=1.788, acc=70.5%, lr=3.0e-04]
Epoch 06/80 [Train]:  45%|████▍     | 93/208 [00:03<00:04, 24.42it/s, loss=1.493, acc=70.6%, lr=3.0e-04]
Epoch 06/80 [Train]:  45%|████▍     | 93/208 [00:03<00:04, 24.42it/s, loss=1.453, acc=70.6%, lr=3.0e-04]
Epoch 06/80 [Train]:  46%|████▌     | 96/208 [00:03<00:04, 24.60it/s, loss=1.453, acc=70.6%, lr=3.0e-04]
Epoch 06/80 [Train]:  46%|████▌     | 96/208 [00:03<00:04, 24.60it/s, loss=2.119, acc=70.6%, lr=3.0e-04]
Epoch 06/80 [Train]:  46%|████▌     | 96/208 [00:04<00:04, 24.60it/s, loss=1.828, acc=70.6%, lr=3.0e-04]
Epoch 06/80 [Train]:  46%|████▌     | 96/208 [00:04<00:04, 24.60it/s, loss=1.711, acc=70.6%, lr=3.0e-04]
Epoch 06/80 [Train]:  48%|████▊     | 99/208 [00:04<00:04, 24.76it/s, loss=1.711, acc=70.6%, lr=3.0e-04]
Epoch 06/80 [Train]:  48%|████▊     | 99/208 [00:04<00:04, 24.76it/s, loss=1.869, acc=70.6%, lr=3.0e-04]
Epoch 06/80 [Train]:  48%|████▊     | 99/208 [00:04<00:04, 24.76it/s, loss=1.927, acc=70.5%, lr=3.0e-04]
Epoch 06/80 [Train]:  48%|████▊     | 99/208 [00:04<00:04, 24.76it/s, loss=1.665, acc=70.5%, lr=3.0e-04]
Epoch 06/80 [Train]:  49%|████▉     | 102/208 [00:04<00:04, 24.78it/s, loss=1.665, acc=70.5%, lr=3.0e-04]
Epoch 06/80 [Train]:  49%|████▉     | 102/208 [00:04<00:04, 24.78it/s, loss=1.873, acc=70.5%, lr=3.0e-04]
Epoch 06/80 [Train]:  49%|████▉     | 102/208 [00:04<00:04, 24.78it/s, loss=1.711, acc=70.5%, lr=3.0e-04]
Epoch 06/80 [Train]:  49%|████▉     | 102/208 [00:04<00:04, 24.78it/s, loss=2.355, acc=70.5%, lr=3.0e-04]
Epoch 06/80 [Train]:  50%|█████     | 105/208 [00:04<00:04, 24.96it/s, loss=2.355, acc=70.5%, lr=3.0e-04]
Epoch 06/80 [Train]:  50%|█████     | 105/208 [00:04<00:04, 24.96it/s, loss=1.716, acc=70.4%, lr=3.0e-04]
Epoch 06/80 [Train]:  50%|█████     | 105/208 [00:04<00:04, 24.96it/s, loss=1.859, acc=70.4%, lr=3.0e-04]
Epoch 06/80 [Train]:  50%|█████     | 105/208 [00:04<00:04, 24.96it/s, loss=1.601, acc=70.5%, lr=3.0e-04]
Epoch 06/80 [Train]:  52%|█████▏    | 108/208 [00:04<00:03, 25.03it/s, loss=1.601, acc=70.5%, lr=3.0e-04]
Epoch 06/80 [Train]:  52%|█████▏    | 108/208 [00:04<00:03, 25.03it/s, loss=1.423, acc=70.6%, lr=3.0e-04]
Epoch 06/80 [Train]:  52%|█████▏    | 108/208 [00:04<00:03, 25.03it/s, loss=2.041, acc=70.5%, lr=3.0e-04]
Epoch 06/80 [Train]:  52%|█████▏    | 108/208 [00:04<00:03, 25.03it/s, loss=2.079, acc=70.5%, lr=3.0e-04]
Epoch 06/80 [Train]:  53%|█████▎    | 111/208 [00:04<00:03, 24.62it/s, loss=2.079, acc=70.5%, lr=3.0e-04]
Epoch 06/80 [Train]:  53%|█████▎    | 111/208 [00:04<00:03, 24.62it/s, loss=1.729, acc=70.6%, lr=3.0e-04]
Epoch 06/80 [Train]:  53%|█████▎    | 111/208 [00:04<00:03, 24.62it/s, loss=1.549, acc=70.6%, lr=3.0e-04]
Epoch 06/80 [Train]:  53%|█████▎    | 111/208 [00:04<00:03, 24.62it/s, loss=1.576, acc=70.6%, lr=3.0e-04]
Epoch 06/80 [Train]:  55%|█████▍    | 114/208 [00:04<00:03, 24.32it/s, loss=1.576, acc=70.6%, lr=3.0e-04]
Epoch 06/80 [Train]:  55%|█████▍    | 114/208 [00:04<00:03, 24.32it/s, loss=1.960, acc=70.5%, lr=3.0e-04]
Epoch 06/80 [Train]:  55%|█████▍    | 114/208 [00:04<00:03, 24.32it/s, loss=1.451, acc=70.6%, lr=3.0e-04]
Epoch 06/80 [Train]:  55%|█████▍    | 114/208 [00:04<00:03, 24.32it/s, loss=1.564, acc=70.6%, lr=3.0e-04]
Epoch 06/80 [Train]:  56%|█████▋    | 117/208 [00:04<00:03, 24.45it/s, loss=1.564, acc=70.6%, lr=3.0e-04]
Epoch 06/80 [Train]:  56%|█████▋    | 117/208 [00:04<00:03, 24.45it/s, loss=1.834, acc=70.7%, lr=3.0e-04]
Epoch 06/80 [Train]:  56%|█████▋    | 117/208 [00:04<00:03, 24.45it/s, loss=1.969, acc=70.6%, lr=3.0e-04]
Epoch 06/80 [Train]:  56%|█████▋    | 117/208 [00:04<00:03, 24.45it/s, loss=1.746, acc=70.6%, lr=3.0e-04]
Epoch 06/80 [Train]:  58%|█████▊    | 120/208 [00:04<00:03, 24.46it/s, loss=1.746, acc=70.6%, lr=3.0e-04]
Epoch 06/80 [Train]:  58%|█████▊    | 120/208 [00:04<00:03, 24.46it/s, loss=2.165, acc=70.6%, lr=3.0e-04]
Epoch 06/80 [Train]:  58%|█████▊    | 120/208 [00:04<00:03, 24.46it/s, loss=1.816, acc=70.6%, lr=3.0e-04]
Epoch 06/80 [Train]:  58%|█████▊    | 120/208 [00:05<00:03, 24.46it/s, loss=2.048, acc=70.6%, lr=3.0e-04]
Epoch 06/80 [Train]:  59%|█████▉    | 123/208 [00:05<00:03, 24.65it/s, loss=2.048, acc=70.6%, lr=3.0e-04]
Epoch 06/80 [Train]:  59%|█████▉    | 123/208 [00:05<00:03, 24.65it/s, loss=1.662, acc=70.7%, lr=3.0e-04]
Epoch 06/80 [Train]:  59%|█████▉    | 123/208 [00:05<00:03, 24.65it/s, loss=2.015, acc=70.7%, lr=3.0e-04]
Epoch 06/80 [Train]:  59%|█████▉    | 123/208 [00:05<00:03, 24.65it/s, loss=2.058, acc=70.7%, lr=3.0e-04]
Epoch 06/80 [Train]:  61%|██████    | 126/208 [00:05<00:03, 24.85it/s, loss=2.058, acc=70.7%, lr=3.0e-04]
Epoch 06/80 [Train]:  61%|██████    | 126/208 [00:05<00:03, 24.85it/s, loss=2.032, acc=70.6%, lr=3.0e-04]
Epoch 06/80 [Train]:  61%|██████    | 126/208 [00:05<00:03, 24.85it/s, loss=1.748, acc=70.6%, lr=3.0e-04]
Epoch 06/80 [Train]:  61%|██████    | 126/208 [00:05<00:03, 24.85it/s, loss=1.905, acc=70.6%, lr=3.0e-04]
Epoch 06/80 [Train]:  62%|██████▏   | 129/208 [00:05<00:03, 24.53it/s, loss=1.905, acc=70.6%, lr=3.0e-04]
Epoch 06/80 [Train]:  62%|██████▏   | 129/208 [00:05<00:03, 24.53it/s, loss=1.747, acc=70.6%, lr=3.0e-04]
Epoch 06/80 [Train]:  62%|██████▏   | 129/208 [00:05<00:03, 24.53it/s, loss=2.209, acc=70.6%, lr=3.0e-04]
Epoch 06/80 [Train]:  62%|██████▏   | 129/208 [00:05<00:03, 24.53it/s, loss=2.479, acc=70.6%, lr=3.0e-04]
Epoch 06/80 [Train]:  63%|██████▎   | 132/208 [00:05<00:03, 24.55it/s, loss=2.479, acc=70.6%, lr=3.0e-04]
Epoch 06/80 [Train]:  63%|██████▎   | 132/208 [00:05<00:03, 24.55it/s, loss=1.889, acc=70.6%, lr=3.0e-04]
Epoch 06/80 [Train]:  63%|██████▎   | 132/208 [00:05<00:03, 24.55it/s, loss=2.169, acc=70.6%, lr=3.0e-04]
Epoch 06/80 [Train]:  63%|██████▎   | 132/208 [00:05<00:03, 24.55it/s, loss=2.216, acc=70.5%, lr=3.0e-04]
Epoch 06/80 [Train]:  65%|██████▍   | 135/208 [00:05<00:02, 24.56it/s, loss=2.216, acc=70.5%, lr=3.0e-04]
Epoch 06/80 [Train]:  65%|██████▍   | 135/208 [00:05<00:02, 24.56it/s, loss=2.310, acc=70.5%, lr=3.0e-04]
Epoch 06/80 [Train]:  65%|██████▍   | 135/208 [00:05<00:02, 24.56it/s, loss=1.560, acc=70.5%, lr=3.0e-04]
Epoch 06/80 [Train]:  65%|██████▍   | 135/208 [00:05<00:02, 24.56it/s, loss=1.883, acc=70.5%, lr=3.0e-04]
Epoch 06/80 [Train]:  66%|██████▋   | 138/208 [00:05<00:02, 24.41it/s, loss=1.883, acc=70.5%, lr=3.0e-04]
Epoch 06/80 [Train]:  66%|██████▋   | 138/208 [00:05<00:02, 24.41it/s, loss=1.938, acc=70.5%, lr=3.0e-04]
Epoch 06/80 [Train]:  66%|██████▋   | 138/208 [00:05<00:02, 24.41it/s, loss=1.965, acc=70.5%, lr=3.0e-04]
Epoch 06/80 [Train]:  66%|██████▋   | 138/208 [00:05<00:02, 24.41it/s, loss=1.875, acc=70.5%, lr=3.0e-04]
Epoch 06/80 [Train]:  68%|██████▊   | 141/208 [00:05<00:02, 24.46it/s, loss=1.875, acc=70.5%, lr=3.0e-04]
Epoch 06/80 [Train]:  68%|██████▊   | 141/208 [00:05<00:02, 24.46it/s, loss=1.934, acc=70.5%, lr=3.0e-04]
Epoch 06/80 [Train]:  68%|██████▊   | 141/208 [00:05<00:02, 24.46it/s, loss=1.923, acc=70.5%, lr=3.0e-04]
Epoch 06/80 [Train]:  68%|██████▊   | 141/208 [00:05<00:02, 24.46it/s, loss=1.669, acc=70.5%, lr=3.0e-04]
Epoch 06/80 [Train]:  69%|██████▉   | 144/208 [00:05<00:02, 24.20it/s, loss=1.669, acc=70.5%, lr=3.0e-04]
Epoch 06/80 [Train]:  69%|██████▉   | 144/208 [00:05<00:02, 24.20it/s, loss=1.863, acc=70.5%, lr=3.0e-04]
Epoch 06/80 [Train]:  69%|██████▉   | 144/208 [00:05<00:02, 24.20it/s, loss=1.627, acc=70.6%, lr=3.0e-04]
Epoch 06/80 [Train]:  69%|██████▉   | 144/208 [00:06<00:02, 24.20it/s, loss=1.481, acc=70.6%, lr=3.0e-04]
Epoch 06/80 [Train]:  71%|███████   | 147/208 [00:06<00:02, 24.41it/s, loss=1.481, acc=70.6%, lr=3.0e-04]
Epoch 06/80 [Train]:  71%|███████   | 147/208 [00:06<00:02, 24.41it/s, loss=1.997, acc=70.6%, lr=3.0e-04]
Epoch 06/80 [Train]:  71%|███████   | 147/208 [00:06<00:02, 24.41it/s, loss=2.002, acc=70.5%, lr=3.0e-04]
Epoch 06/80 [Train]:  71%|███████   | 147/208 [00:06<00:02, 24.41it/s, loss=1.456, acc=70.6%, lr=3.0e-04]
Epoch 06/80 [Train]:  72%|███████▏  | 150/208 [00:06<00:02, 24.64it/s, loss=1.456, acc=70.6%, lr=3.0e-04]
Epoch 06/80 [Train]:  72%|███████▏  | 150/208 [00:06<00:02, 24.64it/s, loss=1.885, acc=70.6%, lr=3.0e-04]
Epoch 06/80 [Train]:  72%|███████▏  | 150/208 [00:06<00:02, 24.64it/s, loss=1.548, acc=70.5%, lr=3.0e-04]
Epoch 06/80 [Train]:  72%|███████▏  | 150/208 [00:06<00:02, 24.64it/s, loss=2.120, acc=70.6%, lr=3.0e-04]
Epoch 06/80 [Train]:  74%|███████▎  | 153/208 [00:06<00:02, 24.75it/s, loss=2.120, acc=70.6%, lr=3.0e-04]
Epoch 06/80 [Train]:  74%|███████▎  | 153/208 [00:06<00:02, 24.75it/s, loss=1.870, acc=70.6%, lr=3.0e-04]
Epoch 06/80 [Train]:  74%|███████▎  | 153/208 [00:06<00:02, 24.75it/s, loss=1.818, acc=70.7%, lr=3.0e-04]
Epoch 06/80 [Train]:  74%|███████▎  | 153/208 [00:06<00:02, 24.75it/s, loss=1.876, acc=70.6%, lr=3.0e-04]
Epoch 06/80 [Train]:  75%|███████▌  | 156/208 [00:06<00:02, 24.87it/s, loss=1.876, acc=70.6%, lr=3.0e-04]
Epoch 06/80 [Train]:  75%|███████▌  | 156/208 [00:06<00:02, 24.87it/s, loss=1.659, acc=70.6%, lr=3.0e-04]
Epoch 06/80 [Train]:  75%|███████▌  | 156/208 [00:06<00:02, 24.87it/s, loss=1.574, acc=70.7%, lr=3.0e-04]
Epoch 06/80 [Train]:  75%|███████▌  | 156/208 [00:06<00:02, 24.87it/s, loss=1.649, acc=70.7%, lr=3.0e-04]
Epoch 06/80 [Train]:  76%|███████▋  | 159/208 [00:06<00:01, 24.83it/s, loss=1.649, acc=70.7%, lr=3.0e-04]
Epoch 06/80 [Train]:  76%|███████▋  | 159/208 [00:06<00:01, 24.83it/s, loss=1.810, acc=70.7%, lr=3.0e-04]
Epoch 06/80 [Train]:  76%|███████▋  | 159/208 [00:06<00:01, 24.83it/s, loss=1.582, acc=70.7%, lr=3.0e-04]
Epoch 06/80 [Train]:  76%|███████▋  | 159/208 [00:06<00:01, 24.83it/s, loss=1.262, acc=70.8%, lr=3.0e-04]
Epoch 06/80 [Train]:  78%|███████▊  | 162/208 [00:06<00:01, 25.07it/s, loss=1.262, acc=70.8%, lr=3.0e-04]
Epoch 06/80 [Train]:  78%|███████▊  | 162/208 [00:06<00:01, 25.07it/s, loss=1.714, acc=70.8%, lr=3.0e-04]
Epoch 06/80 [Train]:  78%|███████▊  | 162/208 [00:06<00:01, 25.07it/s, loss=2.059, acc=70.8%, lr=3.0e-04]
Epoch 06/80 [Train]:  78%|███████▊  | 162/208 [00:06<00:01, 25.07it/s, loss=1.900, acc=70.8%, lr=3.0e-04]
Epoch 06/80 [Train]:  79%|███████▉  | 165/208 [00:06<00:01, 25.04it/s, loss=1.900, acc=70.8%, lr=3.0e-04]
Epoch 06/80 [Train]:  79%|███████▉  | 165/208 [00:06<00:01, 25.04it/s, loss=1.730, acc=70.8%, lr=3.0e-04]
Epoch 06/80 [Train]:  79%|███████▉  | 165/208 [00:06<00:01, 25.04it/s, loss=1.738, acc=70.9%, lr=3.0e-04]
Epoch 06/80 [Train]:  79%|███████▉  | 165/208 [00:06<00:01, 25.04it/s, loss=1.853, acc=70.8%, lr=3.0e-04]
Epoch 06/80 [Train]:  81%|████████  | 168/208 [00:06<00:01, 24.41it/s, loss=1.853, acc=70.8%, lr=3.0e-04]
Epoch 06/80 [Train]:  81%|████████  | 168/208 [00:06<00:01, 24.41it/s, loss=2.212, acc=70.8%, lr=3.0e-04]
Epoch 06/80 [Train]:  81%|████████  | 168/208 [00:06<00:01, 24.41it/s, loss=2.047, acc=70.8%, lr=3.0e-04]
Epoch 06/80 [Train]:  81%|████████  | 168/208 [00:06<00:01, 24.41it/s, loss=1.641, acc=70.8%, lr=3.0e-04]
Epoch 06/80 [Train]:  82%|████████▏ | 171/208 [00:06<00:01, 24.13it/s, loss=1.641, acc=70.8%, lr=3.0e-04]
Epoch 06/80 [Train]:  82%|████████▏ | 171/208 [00:07<00:01, 24.13it/s, loss=1.575, acc=70.8%, lr=3.0e-04]
Epoch 06/80 [Train]:  82%|████████▏ | 171/208 [00:07<00:01, 24.13it/s, loss=1.888, acc=70.8%, lr=3.0e-04]
Epoch 06/80 [Train]:  82%|████████▏ | 171/208 [00:07<00:01, 24.13it/s, loss=1.578, acc=70.9%, lr=3.0e-04]
Epoch 06/80 [Train]:  84%|████████▎ | 174/208 [00:07<00:01, 24.24it/s, loss=1.578, acc=70.9%, lr=3.0e-04]
Epoch 06/80 [Train]:  84%|████████▎ | 174/208 [00:07<00:01, 24.24it/s, loss=1.610, acc=70.9%, lr=3.0e-04]
Epoch 06/80 [Train]:  84%|████████▎ | 174/208 [00:07<00:01, 24.24it/s, loss=1.798, acc=70.8%, lr=3.0e-04]
Epoch 06/80 [Train]:  84%|████████▎ | 174/208 [00:07<00:01, 24.24it/s, loss=2.024, acc=70.8%, lr=3.0e-04]
Epoch 06/80 [Train]:  85%|████████▌ | 177/208 [00:07<00:01, 24.08it/s, loss=2.024, acc=70.8%, lr=3.0e-04]
Epoch 06/80 [Train]:  85%|████████▌ | 177/208 [00:07<00:01, 24.08it/s, loss=1.891, acc=70.8%, lr=3.0e-04]
Epoch 06/80 [Train]:  85%|████████▌ | 177/208 [00:07<00:01, 24.08it/s, loss=1.892, acc=70.8%, lr=3.0e-04]
Epoch 06/80 [Train]:  85%|████████▌ | 177/208 [00:07<00:01, 24.08it/s, loss=2.326, acc=70.8%, lr=3.0e-04]
Epoch 06/80 [Train]:  87%|████████▋ | 180/208 [00:07<00:01, 24.33it/s, loss=2.326, acc=70.8%, lr=3.0e-04]
Epoch 06/80 [Train]:  87%|████████▋ | 180/208 [00:07<00:01, 24.33it/s, loss=1.830, acc=70.8%, lr=3.0e-04]
Epoch 06/80 [Train]:  87%|████████▋ | 180/208 [00:07<00:01, 24.33it/s, loss=1.605, acc=70.8%, lr=3.0e-04]
Epoch 06/80 [Train]:  87%|████████▋ | 180/208 [00:07<00:01, 24.33it/s, loss=1.748, acc=70.8%, lr=3.0e-04]
Epoch 06/80 [Train]:  88%|████████▊ | 183/208 [00:07<00:01, 24.20it/s, loss=1.748, acc=70.8%, lr=3.0e-04]
Epoch 06/80 [Train]:  88%|████████▊ | 183/208 [00:07<00:01, 24.20it/s, loss=1.965, acc=70.8%, lr=3.0e-04]
Epoch 06/80 [Train]:  88%|████████▊ | 183/208 [00:07<00:01, 24.20it/s, loss=1.592, acc=70.9%, lr=3.0e-04]
Epoch 06/80 [Train]:  88%|████████▊ | 183/208 [00:07<00:01, 24.20it/s, loss=1.645, acc=70.9%, lr=3.0e-04]
Epoch 06/80 [Train]:  89%|████████▉ | 186/208 [00:07<00:00, 24.65it/s, loss=1.645, acc=70.9%, lr=3.0e-04]
Epoch 06/80 [Train]:  89%|████████▉ | 186/208 [00:07<00:00, 24.65it/s, loss=1.990, acc=70.8%, lr=3.0e-04]
Epoch 06/80 [Train]:  89%|████████▉ | 186/208 [00:07<00:00, 24.65it/s, loss=1.801, acc=70.9%, lr=3.0e-04]
Epoch 06/80 [Train]:  89%|████████▉ | 186/208 [00:07<00:00, 24.65it/s, loss=1.489, acc=70.9%, lr=3.0e-04]
Epoch 06/80 [Train]:  91%|█████████ | 189/208 [00:07<00:00, 24.79it/s, loss=1.489, acc=70.9%, lr=3.0e-04]
Epoch 06/80 [Train]:  91%|█████████ | 189/208 [00:07<00:00, 24.79it/s, loss=2.314, acc=70.8%, lr=3.0e-04]
Epoch 06/80 [Train]:  91%|█████████ | 189/208 [00:07<00:00, 24.79it/s, loss=1.978, acc=70.8%, lr=3.0e-04]
Epoch 06/80 [Train]:  91%|█████████ | 189/208 [00:07<00:00, 24.79it/s, loss=1.729, acc=70.8%, lr=3.0e-04]
Epoch 06/80 [Train]:  92%|█████████▏| 192/208 [00:07<00:00, 24.93it/s, loss=1.729, acc=70.8%, lr=3.0e-04]
Epoch 06/80 [Train]:  92%|█████████▏| 192/208 [00:07<00:00, 24.93it/s, loss=1.783, acc=70.8%, lr=3.0e-04]
Epoch 06/80 [Train]:  92%|█████████▏| 192/208 [00:07<00:00, 24.93it/s, loss=2.032, acc=70.8%, lr=3.0e-04]
Epoch 06/80 [Train]:  92%|█████████▏| 192/208 [00:07<00:00, 24.93it/s, loss=2.089, acc=70.8%, lr=3.0e-04]
Epoch 06/80 [Train]:  94%|█████████▍| 195/208 [00:07<00:00, 24.67it/s, loss=2.089, acc=70.8%, lr=3.0e-04]
Epoch 06/80 [Train]:  94%|█████████▍| 195/208 [00:07<00:00, 24.67it/s, loss=2.667, acc=70.8%, lr=3.0e-04]
Epoch 06/80 [Train]:  94%|█████████▍| 195/208 [00:08<00:00, 24.67it/s, loss=1.501, acc=70.8%, lr=3.0e-04]
Epoch 06/80 [Train]:  94%|█████████▍| 195/208 [00:08<00:00, 24.67it/s, loss=1.711, acc=70.8%, lr=3.0e-04]
Epoch 06/80 [Train]:  95%|█████████▌| 198/208 [00:08<00:00, 24.05it/s, loss=1.711, acc=70.8%, lr=3.0e-04]
Epoch 06/80 [Train]:  95%|█████████▌| 198/208 [00:08<00:00, 24.05it/s, loss=2.238, acc=70.8%, lr=3.0e-04]
Epoch 06/80 [Train]:  95%|█████████▌| 198/208 [00:08<00:00, 24.05it/s, loss=1.749, acc=70.8%, lr=3.0e-04]
Epoch 06/80 [Train]:  95%|█████████▌| 198/208 [00:08<00:00, 24.05it/s, loss=2.174, acc=70.7%, lr=3.0e-04]
Epoch 06/80 [Train]:  97%|█████████▋| 201/208 [00:08<00:00, 24.35it/s, loss=2.174, acc=70.7%, lr=3.0e-04]
Epoch 06/80 [Train]:  97%|█████████▋| 201/208 [00:08<00:00, 24.35it/s, loss=2.028, acc=70.7%, lr=3.0e-04]
Epoch 06/80 [Train]:  97%|█████████▋| 201/208 [00:08<00:00, 24.35it/s, loss=1.525, acc=70.7%, lr=3.0e-04]
Epoch 06/80 [Train]:  97%|█████████▋| 201/208 [00:08<00:00, 24.35it/s, loss=1.641, acc=70.7%, lr=3.0e-04]
Epoch 06/80 [Train]:  98%|█████████▊| 204/208 [00:08<00:00, 24.52it/s, loss=1.641, acc=70.7%, lr=3.0e-04]
Epoch 06/80 [Train]:  98%|█████████▊| 204/208 [00:08<00:00, 24.52it/s, loss=2.111, acc=70.7%, lr=3.0e-04]
Epoch 06/80 [Train]:  98%|█████████▊| 204/208 [00:08<00:00, 24.52it/s, loss=1.701, acc=70.7%, lr=3.0e-04]
Epoch 06/80 [Train]:  98%|█████████▊| 204/208 [00:08<00:00, 24.52it/s, loss=2.086, acc=70.7%, lr=3.0e-04]
Epoch 06/80 [Train]: 100%|█████████▉| 207/208 [00:08<00:00, 24.82it/s, loss=2.086, acc=70.7%, lr=3.0e-04]
Epoch 06/80 [Train]: 100%|█████████▉| 207/208 [00:08<00:00, 24.82it/s, loss=1.021, acc=70.7%, lr=3.0e-04]
Epoch 06/80 [Train]: 100%|██████████| 208/208 [00:08<00:00, 24.58it/s, loss=1.021, acc=70.7%, lr=3.0e-04]

[2026-08-17 01:18:18] [EPOCH 06 SUMMARY]
  Train: Loss = 1.8752 | Top-1 Acc =  70.74%
  Val:   Top-1 Acc =  12.01% | Top-3 =  27.83% | Top-5 =  35.38%
         APL = 12.37 dB | Profile MAE =  2.60 dB (Rank Corr: 0.397)
  Time:  Epoch = 8.5s (Val Eval: 2.1s) | Total Elapsed = 00h:01m:00s | ETA: 00h:12m:28s
  -> [INFO] No improvement for 4/12 epochs (Best: 15.41%)

[2026-08-17 01:18:18] >>> [EPOCH 07/80] Training Started <<<

Epoch 07/80 [Train]:   0%|          | 0/208 [00:00<?, ?it/s]
Epoch 07/80 [Train]:   0%|          | 0/208 [00:00<?, ?it/s, loss=1.648, acc=76.6%, lr=3.0e-04]
Epoch 07/80 [Train]:   0%|          | 0/208 [00:00<?, ?it/s, loss=1.983, acc=73.4%, lr=3.0e-04]
Epoch 07/80 [Train]:   0%|          | 0/208 [00:00<?, ?it/s, loss=2.022, acc=71.9%, lr=3.0e-04]
Epoch 07/80 [Train]:   1%|▏         | 3/208 [00:00<00:09, 21.96it/s, loss=2.022, acc=71.9%, lr=3.0e-04]
Epoch 07/80 [Train]:   1%|▏         | 3/208 [00:00<00:09, 21.96it/s, loss=1.708, acc=73.8%, lr=3.0e-04]
Epoch 07/80 [Train]:   1%|▏         | 3/208 [00:00<00:09, 21.96it/s, loss=1.515, acc=74.7%, lr=3.0e-04]
Epoch 07/80 [Train]:   1%|▏         | 3/208 [00:00<00:09, 21.96it/s, loss=2.258, acc=72.7%, lr=3.0e-04]
Epoch 07/80 [Train]:   3%|▎         | 6/208 [00:00<00:08, 23.54it/s, loss=2.258, acc=72.7%, lr=3.0e-04]
Epoch 07/80 [Train]:   3%|▎         | 6/208 [00:00<00:08, 23.54it/s, loss=1.850, acc=72.3%, lr=3.0e-04]
Epoch 07/80 [Train]:   3%|▎         | 6/208 [00:00<00:08, 23.54it/s, loss=1.829, acc=72.1%, lr=3.0e-04]
Epoch 07/80 [Train]:   3%|▎         | 6/208 [00:00<00:08, 23.54it/s, loss=1.867, acc=70.8%, lr=3.0e-04]
Epoch 07/80 [Train]:   4%|▍         | 9/208 [00:00<00:08, 22.96it/s, loss=1.867, acc=70.8%, lr=3.0e-04]
Epoch 07/80 [Train]:   4%|▍         | 9/208 [00:00<00:08, 22.96it/s, loss=1.651, acc=71.6%, lr=3.0e-04]
Epoch 07/80 [Train]:   4%|▍         | 9/208 [00:00<00:08, 22.96it/s, loss=1.919, acc=71.0%, lr=3.0e-04]
Epoch 07/80 [Train]:   4%|▍         | 9/208 [00:00<00:08, 22.96it/s, loss=1.598, acc=71.6%, lr=3.0e-04]
Epoch 07/80 [Train]:   6%|▌         | 12/208 [00:00<00:08, 23.30it/s, loss=1.598, acc=71.6%, lr=3.0e-04]
Epoch 07/80 [Train]:   6%|▌         | 12/208 [00:00<00:08, 23.30it/s, loss=1.662, acc=71.2%, lr=3.0e-04]
Epoch 07/80 [Train]:   6%|▌         | 12/208 [00:00<00:08, 23.30it/s, loss=1.885, acc=71.2%, lr=3.0e-04]
Epoch 07/80 [Train]:   6%|▌         | 12/208 [00:00<00:08, 23.30it/s, loss=1.762, acc=71.0%, lr=3.0e-04]
Epoch 07/80 [Train]:   7%|▋         | 15/208 [00:00<00:08, 23.67it/s, loss=1.762, acc=71.0%, lr=3.0e-04]
Epoch 07/80 [Train]:   7%|▋         | 15/208 [00:00<00:08, 23.67it/s, loss=1.698, acc=71.5%, lr=3.0e-04]
Epoch 07/80 [Train]:   7%|▋         | 15/208 [00:00<00:08, 23.67it/s, loss=1.870, acc=71.6%, lr=3.0e-04]
Epoch 07/80 [Train]:   7%|▋         | 15/208 [00:00<00:08, 23.67it/s, loss=1.516, acc=71.9%, lr=3.0e-04]
Epoch 07/80 [Train]:   9%|▊         | 18/208 [00:00<00:07, 23.90it/s, loss=1.516, acc=71.9%, lr=3.0e-04]
Epoch 07/80 [Train]:   9%|▊         | 18/208 [00:00<00:07, 23.90it/s, loss=1.566, acc=72.1%, lr=3.0e-04]
Epoch 07/80 [Train]:   9%|▊         | 18/208 [00:00<00:07, 23.90it/s, loss=1.606, acc=72.5%, lr=3.0e-04]
Epoch 07/80 [Train]:   9%|▊         | 18/208 [00:00<00:07, 23.90it/s, loss=1.453, acc=73.0%, lr=3.0e-04]
Epoch 07/80 [Train]:  10%|█         | 21/208 [00:00<00:07, 24.21it/s, loss=1.453, acc=73.0%, lr=3.0e-04]
Epoch 07/80 [Train]:  10%|█         | 21/208 [00:00<00:07, 24.21it/s, loss=1.704, acc=73.2%, lr=3.0e-04]
Epoch 07/80 [Train]:  10%|█         | 21/208 [00:00<00:07, 24.21it/s, loss=1.705, acc=73.0%, lr=3.0e-04]
Epoch 07/80 [Train]:  10%|█         | 21/208 [00:01<00:07, 24.21it/s, loss=1.537, acc=73.2%, lr=3.0e-04]
Epoch 07/80 [Train]:  12%|█▏        | 24/208 [00:01<00:07, 24.24it/s, loss=1.537, acc=73.2%, lr=3.0e-04]
Epoch 07/80 [Train]:  12%|█▏        | 24/208 [00:01<00:07, 24.24it/s, loss=1.736, acc=73.2%, lr=3.0e-04]
Epoch 07/80 [Train]:  12%|█▏        | 24/208 [00:01<00:07, 24.24it/s, loss=1.850, acc=73.1%, lr=3.0e-04]
Epoch 07/80 [Train]:  12%|█▏        | 24/208 [00:01<00:07, 24.24it/s, loss=1.242, acc=73.4%, lr=3.0e-04]
Epoch 07/80 [Train]:  13%|█▎        | 27/208 [00:01<00:07, 24.34it/s, loss=1.242, acc=73.4%, lr=3.0e-04]
Epoch 07/80 [Train]:  13%|█▎        | 27/208 [00:01<00:07, 24.34it/s, loss=1.969, acc=73.4%, lr=3.0e-04]
Epoch 07/80 [Train]:  13%|█▎        | 27/208 [00:01<00:07, 24.34it/s, loss=1.297, acc=73.8%, lr=3.0e-04]
Epoch 07/80 [Train]:  13%|█▎        | 27/208 [00:01<00:07, 24.34it/s, loss=2.105, acc=73.6%, lr=3.0e-04]
Epoch 07/80 [Train]:  14%|█▍        | 30/208 [00:01<00:07, 24.57it/s, loss=2.105, acc=73.6%, lr=3.0e-04]
Epoch 07/80 [Train]:  14%|█▍        | 30/208 [00:01<00:07, 24.57it/s, loss=1.400, acc=74.2%, lr=3.0e-04]
Epoch 07/80 [Train]:  14%|█▍        | 30/208 [00:01<00:07, 24.57it/s, loss=2.023, acc=73.9%, lr=3.0e-04]
Epoch 07/80 [Train]:  14%|█▍        | 30/208 [00:01<00:07, 24.57it/s, loss=1.727, acc=73.6%, lr=3.0e-04]
Epoch 07/80 [Train]:  16%|█▌        | 33/208 [00:01<00:07, 24.55it/s, loss=1.727, acc=73.6%, lr=3.0e-04]
Epoch 07/80 [Train]:  16%|█▌        | 33/208 [00:01<00:07, 24.55it/s, loss=1.910, acc=73.4%, lr=3.0e-04]
Epoch 07/80 [Train]:  16%|█▌        | 33/208 [00:01<00:07, 24.55it/s, loss=2.143, acc=73.3%, lr=3.0e-04]
Epoch 07/80 [Train]:  16%|█▌        | 33/208 [00:01<00:07, 24.55it/s, loss=1.527, acc=73.4%, lr=3.0e-04]
Epoch 07/80 [Train]:  17%|█▋        | 36/208 [00:01<00:07, 24.52it/s, loss=1.527, acc=73.4%, lr=3.0e-04]
Epoch 07/80 [Train]:  17%|█▋        | 36/208 [00:01<00:07, 24.52it/s, loss=1.734, acc=73.4%, lr=3.0e-04]
Epoch 07/80 [Train]:  17%|█▋        | 36/208 [00:01<00:07, 24.52it/s, loss=1.845, acc=73.2%, lr=3.0e-04]
Epoch 07/80 [Train]:  17%|█▋        | 36/208 [00:01<00:07, 24.52it/s, loss=1.783, acc=73.2%, lr=3.0e-04]
Epoch 07/80 [Train]:  19%|█▉        | 39/208 [00:01<00:06, 24.15it/s, loss=1.783, acc=73.2%, lr=3.0e-04]
Epoch 07/80 [Train]:  19%|█▉        | 39/208 [00:01<00:06, 24.15it/s, loss=1.330, acc=73.0%, lr=3.0e-04]
Epoch 07/80 [Train]:  19%|█▉        | 39/208 [00:01<00:06, 24.15it/s, loss=2.162, acc=72.9%, lr=3.0e-04]
Epoch 07/80 [Train]:  19%|█▉        | 39/208 [00:01<00:06, 24.15it/s, loss=1.617, acc=73.0%, lr=3.0e-04]
Epoch 07/80 [Train]:  20%|██        | 42/208 [00:01<00:07, 23.70it/s, loss=1.617, acc=73.0%, lr=3.0e-04]
Epoch 07/80 [Train]:  20%|██        | 42/208 [00:01<00:07, 23.70it/s, loss=1.989, acc=72.8%, lr=3.0e-04]
Epoch 07/80 [Train]:  20%|██        | 42/208 [00:01<00:07, 23.70it/s, loss=1.346, acc=73.0%, lr=3.0e-04]
Epoch 07/80 [Train]:  20%|██        | 42/208 [00:01<00:07, 23.70it/s, loss=1.662, acc=73.0%, lr=3.0e-04]
Epoch 07/80 [Train]:  22%|██▏       | 45/208 [00:01<00:07, 22.61it/s, loss=1.662, acc=73.0%, lr=3.0e-04]
Epoch 07/80 [Train]:  22%|██▏       | 45/208 [00:01<00:07, 22.61it/s, loss=1.596, acc=73.1%, lr=3.0e-04]
Epoch 07/80 [Train]:  22%|██▏       | 45/208 [00:01<00:07, 22.61it/s, loss=1.769, acc=73.1%, lr=3.0e-04]
Epoch 07/80 [Train]:  22%|██▏       | 45/208 [00:02<00:07, 22.61it/s, loss=1.197, acc=73.1%, lr=3.0e-04]
Epoch 07/80 [Train]:  23%|██▎       | 48/208 [00:02<00:06, 23.07it/s, loss=1.197, acc=73.1%, lr=3.0e-04]
Epoch 07/80 [Train]:  23%|██▎       | 48/208 [00:02<00:06, 23.07it/s, loss=2.004, acc=72.9%, lr=3.0e-04]
Epoch 07/80 [Train]:  23%|██▎       | 48/208 [00:02<00:06, 23.07it/s, loss=1.714, acc=73.0%, lr=3.0e-04]
Epoch 07/80 [Train]:  23%|██▎       | 48/208 [00:02<00:06, 23.07it/s, loss=1.636, acc=73.0%, lr=3.0e-04]
Epoch 07/80 [Train]:  25%|██▍       | 51/208 [00:02<00:06, 23.12it/s, loss=1.636, acc=73.0%, lr=3.0e-04]
Epoch 07/80 [Train]:  25%|██▍       | 51/208 [00:02<00:06, 23.12it/s, loss=2.021, acc=72.9%, lr=3.0e-04]
Epoch 07/80 [Train]:  25%|██▍       | 51/208 [00:02<00:06, 23.12it/s, loss=1.806, acc=72.8%, lr=3.0e-04]
Epoch 07/80 [Train]:  25%|██▍       | 51/208 [00:02<00:06, 23.12it/s, loss=1.444, acc=72.9%, lr=3.0e-04]
Epoch 07/80 [Train]:  26%|██▌       | 54/208 [00:02<00:06, 23.21it/s, loss=1.444, acc=72.9%, lr=3.0e-04]
Epoch 07/80 [Train]:  26%|██▌       | 54/208 [00:02<00:06, 23.21it/s, loss=1.954, acc=72.6%, lr=3.0e-04]
Epoch 07/80 [Train]:  26%|██▌       | 54/208 [00:02<00:06, 23.21it/s, loss=1.700, acc=72.5%, lr=3.0e-04]
Epoch 07/80 [Train]:  26%|██▌       | 54/208 [00:02<00:06, 23.21it/s, loss=1.563, acc=72.6%, lr=3.0e-04]
Epoch 07/80 [Train]:  27%|██▋       | 57/208 [00:02<00:06, 23.69it/s, loss=1.563, acc=72.6%, lr=3.0e-04]
Epoch 07/80 [Train]:  27%|██▋       | 57/208 [00:02<00:06, 23.69it/s, loss=1.743, acc=72.7%, lr=3.0e-04]
Epoch 07/80 [Train]:  27%|██▋       | 57/208 [00:02<00:06, 23.69it/s, loss=1.421, acc=72.8%, lr=3.0e-04]
Epoch 07/80 [Train]:  27%|██▋       | 57/208 [00:02<00:06, 23.69it/s, loss=2.018, acc=72.7%, lr=3.0e-04]
Epoch 07/80 [Train]:  29%|██▉       | 60/208 [00:02<00:06, 23.99it/s, loss=2.018, acc=72.7%, lr=3.0e-04]
Epoch 07/80 [Train]:  29%|██▉       | 60/208 [00:02<00:06, 23.99it/s, loss=1.759, acc=72.8%, lr=3.0e-04]
Epoch 07/80 [Train]:  29%|██▉       | 60/208 [00:02<00:06, 23.99it/s, loss=1.750, acc=72.8%, lr=3.0e-04]
Epoch 07/80 [Train]:  29%|██▉       | 60/208 [00:02<00:06, 23.99it/s, loss=2.119, acc=72.7%, lr=3.0e-04]
Epoch 07/80 [Train]:  30%|███       | 63/208 [00:02<00:06, 23.90it/s, loss=2.119, acc=72.7%, lr=3.0e-04]
Epoch 07/80 [Train]:  30%|███       | 63/208 [00:02<00:06, 23.90it/s, loss=1.504, acc=72.7%, lr=3.0e-04]
Epoch 07/80 [Train]:  30%|███       | 63/208 [00:02<00:06, 23.90it/s, loss=2.027, acc=72.7%, lr=3.0e-04]
Epoch 07/80 [Train]:  30%|███       | 63/208 [00:02<00:06, 23.90it/s, loss=1.611, acc=72.6%, lr=3.0e-04]
Epoch 07/80 [Train]:  32%|███▏      | 66/208 [00:02<00:05, 24.14it/s, loss=1.611, acc=72.6%, lr=3.0e-04]
Epoch 07/80 [Train]:  32%|███▏      | 66/208 [00:02<00:05, 24.14it/s, loss=1.833, acc=72.5%, lr=3.0e-04]
Epoch 07/80 [Train]:  32%|███▏      | 66/208 [00:02<00:05, 24.14it/s, loss=1.982, acc=72.5%, lr=3.0e-04]
Epoch 07/80 [Train]:  32%|███▏      | 66/208 [00:02<00:05, 24.14it/s, loss=1.448, acc=72.5%, lr=3.0e-04]
Epoch 07/80 [Train]:  33%|███▎      | 69/208 [00:02<00:05, 24.57it/s, loss=1.448, acc=72.5%, lr=3.0e-04]
Epoch 07/80 [Train]:  33%|███▎      | 69/208 [00:02<00:05, 24.57it/s, loss=1.960, acc=72.4%, lr=3.0e-04]
Epoch 07/80 [Train]:  33%|███▎      | 69/208 [00:02<00:05, 24.57it/s, loss=1.502, acc=72.5%, lr=3.0e-04]
Epoch 07/80 [Train]:  33%|███▎      | 69/208 [00:03<00:05, 24.57it/s, loss=1.988, acc=72.5%, lr=3.0e-04]
Epoch 07/80 [Train]:  35%|███▍      | 72/208 [00:03<00:05, 24.76it/s, loss=1.988, acc=72.5%, lr=3.0e-04]
Epoch 07/80 [Train]:  35%|███▍      | 72/208 [00:03<00:05, 24.76it/s, loss=1.869, acc=72.4%, lr=3.0e-04]
Epoch 07/80 [Train]:  35%|███▍      | 72/208 [00:03<00:05, 24.76it/s, loss=1.884, acc=72.4%, lr=3.0e-04]
Epoch 07/80 [Train]:  35%|███▍      | 72/208 [00:03<00:05, 24.76it/s, loss=1.575, acc=72.4%, lr=3.0e-04]
Epoch 07/80 [Train]:  36%|███▌      | 75/208 [00:03<00:05, 24.71it/s, loss=1.575, acc=72.4%, lr=3.0e-04]
Epoch 07/80 [Train]:  36%|███▌      | 75/208 [00:03<00:05, 24.71it/s, loss=1.694, acc=72.4%, lr=3.0e-04]
Epoch 07/80 [Train]:  36%|███▌      | 75/208 [00:03<00:05, 24.71it/s, loss=1.748, acc=72.5%, lr=3.0e-04]
Epoch 07/80 [Train]:  36%|███▌      | 75/208 [00:03<00:05, 24.71it/s, loss=1.732, acc=72.5%, lr=3.0e-04]
Epoch 07/80 [Train]:  38%|███▊      | 78/208 [00:03<00:05, 25.00it/s, loss=1.732, acc=72.5%, lr=3.0e-04]
Epoch 07/80 [Train]:  38%|███▊      | 78/208 [00:03<00:05, 25.00it/s, loss=1.513, acc=72.6%, lr=3.0e-04]
Epoch 07/80 [Train]:  38%|███▊      | 78/208 [00:03<00:05, 25.00it/s, loss=1.555, acc=72.6%, lr=3.0e-04]
Epoch 07/80 [Train]:  38%|███▊      | 78/208 [00:03<00:05, 25.00it/s, loss=1.705, acc=72.6%, lr=3.0e-04]
Epoch 07/80 [Train]:  39%|███▉      | 81/208 [00:03<00:05, 25.00it/s, loss=1.705, acc=72.6%, lr=3.0e-04]
Epoch 07/80 [Train]:  39%|███▉      | 81/208 [00:03<00:05, 25.00it/s, loss=1.274, acc=72.7%, lr=3.0e-04]
Epoch 07/80 [Train]:  39%|███▉      | 81/208 [00:03<00:05, 25.00it/s, loss=1.618, acc=72.7%, lr=3.0e-04]
Epoch 07/80 [Train]:  39%|███▉      | 81/208 [00:03<00:05, 25.00it/s, loss=2.045, acc=72.6%, lr=3.0e-04]
Epoch 07/80 [Train]:  40%|████      | 84/208 [00:03<00:04, 24.96it/s, loss=2.045, acc=72.6%, lr=3.0e-04]
Epoch 07/80 [Train]:  40%|████      | 84/208 [00:03<00:04, 24.96it/s, loss=1.531, acc=72.6%, lr=3.0e-04]
Epoch 07/80 [Train]:  40%|████      | 84/208 [00:03<00:04, 24.96it/s, loss=1.665, acc=72.6%, lr=3.0e-04]
Epoch 07/80 [Train]:  40%|████      | 84/208 [00:03<00:04, 24.96it/s, loss=1.896, acc=72.5%, lr=3.0e-04]
Epoch 07/80 [Train]:  42%|████▏     | 87/208 [00:03<00:04, 25.08it/s, loss=1.896, acc=72.5%, lr=3.0e-04]
Epoch 07/80 [Train]:  42%|████▏     | 87/208 [00:03<00:04, 25.08it/s, loss=1.904, acc=72.5%, lr=3.0e-04]
Epoch 07/80 [Train]:  42%|████▏     | 87/208 [00:03<00:04, 25.08it/s, loss=1.554, acc=72.6%, lr=3.0e-04]
Epoch 07/80 [Train]:  42%|████▏     | 87/208 [00:03<00:04, 25.08it/s, loss=1.570, acc=72.5%, lr=3.0e-04]
Epoch 07/80 [Train]:  43%|████▎     | 90/208 [00:03<00:04, 25.36it/s, loss=1.570, acc=72.5%, lr=3.0e-04]
Epoch 07/80 [Train]:  43%|████▎     | 90/208 [00:03<00:04, 25.36it/s, loss=1.871, acc=72.5%, lr=3.0e-04]
Epoch 07/80 [Train]:  43%|████▎     | 90/208 [00:03<00:04, 25.36it/s, loss=1.467, acc=72.7%, lr=3.0e-04]
Epoch 07/80 [Train]:  43%|████▎     | 90/208 [00:03<00:04, 25.36it/s, loss=1.902, acc=72.7%, lr=3.0e-04]
Epoch 07/80 [Train]:  45%|████▍     | 93/208 [00:03<00:04, 25.01it/s, loss=1.902, acc=72.7%, lr=3.0e-04]
Epoch 07/80 [Train]:  45%|████▍     | 93/208 [00:03<00:04, 25.01it/s, loss=1.631, acc=72.6%, lr=3.0e-04]
Epoch 07/80 [Train]:  45%|████▍     | 93/208 [00:03<00:04, 25.01it/s, loss=1.654, acc=72.6%, lr=3.0e-04]
Epoch 07/80 [Train]:  45%|████▍     | 93/208 [00:03<00:04, 25.01it/s, loss=1.661, acc=72.6%, lr=3.0e-04]
Epoch 07/80 [Train]:  46%|████▌     | 96/208 [00:03<00:04, 25.31it/s, loss=1.661, acc=72.6%, lr=3.0e-04]
Epoch 07/80 [Train]:  46%|████▌     | 96/208 [00:04<00:04, 25.31it/s, loss=1.290, acc=72.7%, lr=3.0e-04]
Epoch 07/80 [Train]:  46%|████▌     | 96/208 [00:04<00:04, 25.31it/s, loss=1.916, acc=72.6%, lr=3.0e-04]
Epoch 07/80 [Train]:  46%|████▌     | 96/208 [00:04<00:04, 25.31it/s, loss=1.572, acc=72.6%, lr=3.0e-04]
Epoch 07/80 [Train]:  48%|████▊     | 99/208 [00:04<00:04, 24.78it/s, loss=1.572, acc=72.6%, lr=3.0e-04]
Epoch 07/80 [Train]:  48%|████▊     | 99/208 [00:04<00:04, 24.78it/s, loss=1.571, acc=72.7%, lr=3.0e-04]
Epoch 07/80 [Train]:  48%|████▊     | 99/208 [00:04<00:04, 24.78it/s, loss=1.540, acc=72.7%, lr=3.0e-04]
Epoch 07/80 [Train]:  48%|████▊     | 99/208 [00:04<00:04, 24.78it/s, loss=1.604, acc=72.7%, lr=3.0e-04]
Epoch 07/80 [Train]:  49%|████▉     | 102/208 [00:04<00:04, 24.96it/s, loss=1.604, acc=72.7%, lr=3.0e-04]
Epoch 07/80 [Train]:  49%|████▉     | 102/208 [00:04<00:04, 24.96it/s, loss=1.913, acc=72.7%, lr=3.0e-04]
Epoch 07/80 [Train]:  49%|████▉     | 102/208 [00:04<00:04, 24.96it/s, loss=1.782, acc=72.8%, lr=3.0e-04]
Epoch 07/80 [Train]:  49%|████▉     | 102/208 [00:04<00:04, 24.96it/s, loss=1.774, acc=72.7%, lr=3.0e-04]
Epoch 07/80 [Train]:  50%|█████     | 105/208 [00:04<00:04, 24.74it/s, loss=1.774, acc=72.7%, lr=3.0e-04]
Epoch 07/80 [Train]:  50%|█████     | 105/208 [00:04<00:04, 24.74it/s, loss=1.675, acc=72.7%, lr=3.0e-04]
Epoch 07/80 [Train]:  50%|█████     | 105/208 [00:04<00:04, 24.74it/s, loss=1.801, acc=72.7%, lr=3.0e-04]
Epoch 07/80 [Train]:  50%|█████     | 105/208 [00:04<00:04, 24.74it/s, loss=1.918, acc=72.7%, lr=3.0e-04]
Epoch 07/80 [Train]:  52%|█████▏    | 108/208 [00:04<00:03, 25.03it/s, loss=1.918, acc=72.7%, lr=3.0e-04]
Epoch 07/80 [Train]:  52%|█████▏    | 108/208 [00:04<00:03, 25.03it/s, loss=2.320, acc=72.5%, lr=3.0e-04]
Epoch 07/80 [Train]:  52%|█████▏    | 108/208 [00:04<00:03, 25.03it/s, loss=1.864, acc=72.5%, lr=3.0e-04]
Epoch 07/80 [Train]:  52%|█████▏    | 108/208 [00:04<00:03, 25.03it/s, loss=1.366, acc=72.5%, lr=3.0e-04]
Epoch 07/80 [Train]:  53%|█████▎    | 111/208 [00:04<00:03, 25.19it/s, loss=1.366, acc=72.5%, lr=3.0e-04]
Epoch 07/80 [Train]:  53%|█████▎    | 111/208 [00:04<00:03, 25.19it/s, loss=1.512, acc=72.5%, lr=3.0e-04]
Epoch 07/80 [Train]:  53%|█████▎    | 111/208 [00:04<00:03, 25.19it/s, loss=1.401, acc=72.5%, lr=3.0e-04]
Epoch 07/80 [Train]:  53%|█████▎    | 111/208 [00:04<00:03, 25.19it/s, loss=1.386, acc=72.5%, lr=3.0e-04]
Epoch 07/80 [Train]:  55%|█████▍    | 114/208 [00:04<00:03, 24.95it/s, loss=1.386, acc=72.5%, lr=3.0e-04]
Epoch 07/80 [Train]:  55%|█████▍    | 114/208 [00:04<00:03, 24.95it/s, loss=2.117, acc=72.4%, lr=3.0e-04]
Epoch 07/80 [Train]:  55%|█████▍    | 114/208 [00:04<00:03, 24.95it/s, loss=2.033, acc=72.4%, lr=3.0e-04]
Epoch 07/80 [Train]:  55%|█████▍    | 114/208 [00:04<00:03, 24.95it/s, loss=1.296, acc=72.5%, lr=3.0e-04]
Epoch 07/80 [Train]:  56%|█████▋    | 117/208 [00:04<00:03, 25.23it/s, loss=1.296, acc=72.5%, lr=3.0e-04]
Epoch 07/80 [Train]:  56%|█████▋    | 117/208 [00:04<00:03, 25.23it/s, loss=1.751, acc=72.4%, lr=3.0e-04]
Epoch 07/80 [Train]:  56%|█████▋    | 117/208 [00:04<00:03, 25.23it/s, loss=1.819, acc=72.5%, lr=3.0e-04]
Epoch 07/80 [Train]:  56%|█████▋    | 117/208 [00:04<00:03, 25.23it/s, loss=1.730, acc=72.5%, lr=3.0e-04]
Epoch 07/80 [Train]:  58%|█████▊    | 120/208 [00:04<00:03, 25.17it/s, loss=1.730, acc=72.5%, lr=3.0e-04]
Epoch 07/80 [Train]:  58%|█████▊    | 120/208 [00:04<00:03, 25.17it/s, loss=1.849, acc=72.5%, lr=3.0e-04]
Epoch 07/80 [Train]:  58%|█████▊    | 120/208 [00:05<00:03, 25.17it/s, loss=1.719, acc=72.5%, lr=3.0e-04]
Epoch 07/80 [Train]:  58%|█████▊    | 120/208 [00:05<00:03, 25.17it/s, loss=1.575, acc=72.5%, lr=3.0e-04]
Epoch 07/80 [Train]:  59%|█████▉    | 123/208 [00:05<00:03, 25.26it/s, loss=1.575, acc=72.5%, lr=3.0e-04]
Epoch 07/80 [Train]:  59%|█████▉    | 123/208 [00:05<00:03, 25.26it/s, loss=1.781, acc=72.5%, lr=3.0e-04]
Epoch 07/80 [Train]:  59%|█████▉    | 123/208 [00:05<00:03, 25.26it/s, loss=1.557, acc=72.5%, lr=3.0e-04]
Epoch 07/80 [Train]:  59%|█████▉    | 123/208 [00:05<00:03, 25.26it/s, loss=1.738, acc=72.5%, lr=3.0e-04]
Epoch 07/80 [Train]:  61%|██████    | 126/208 [00:05<00:03, 24.80it/s, loss=1.738, acc=72.5%, lr=3.0e-04]
Epoch 07/80 [Train]:  61%|██████    | 126/208 [00:05<00:03, 24.80it/s, loss=1.385, acc=72.5%, lr=3.0e-04]
Epoch 07/80 [Train]:  61%|██████    | 126/208 [00:05<00:03, 24.80it/s, loss=1.554, acc=72.5%, lr=3.0e-04]
Epoch 07/80 [Train]:  61%|██████    | 126/208 [00:05<00:03, 24.80it/s, loss=1.596, acc=72.6%, lr=3.0e-04]
Epoch 07/80 [Train]:  62%|██████▏   | 129/208 [00:05<00:03, 25.13it/s, loss=1.596, acc=72.6%, lr=3.0e-04]
Epoch 07/80 [Train]:  62%|██████▏   | 129/208 [00:05<00:03, 25.13it/s, loss=2.133, acc=72.4%, lr=3.0e-04]
Epoch 07/80 [Train]:  62%|██████▏   | 129/208 [00:05<00:03, 25.13it/s, loss=1.511, acc=72.5%, lr=3.0e-04]
Epoch 07/80 [Train]:  62%|██████▏   | 129/208 [00:05<00:03, 25.13it/s, loss=1.565, acc=72.5%, lr=3.0e-04]
Epoch 07/80 [Train]:  63%|██████▎   | 132/208 [00:05<00:03, 25.26it/s, loss=1.565, acc=72.5%, lr=3.0e-04]
Epoch 07/80 [Train]:  63%|██████▎   | 132/208 [00:05<00:03, 25.26it/s, loss=1.566, acc=72.5%, lr=3.0e-04]
Epoch 07/80 [Train]:  63%|██████▎   | 132/208 [00:05<00:03, 25.26it/s, loss=1.764, acc=72.4%, lr=3.0e-04]
Epoch 07/80 [Train]:  63%|██████▎   | 132/208 [00:05<00:03, 25.26it/s, loss=1.801, acc=72.4%, lr=3.0e-04]
Epoch 07/80 [Train]:  65%|██████▍   | 135/208 [00:05<00:02, 24.85it/s, loss=1.801, acc=72.4%, lr=3.0e-04]
Epoch 07/80 [Train]:  65%|██████▍   | 135/208 [00:05<00:02, 24.85it/s, loss=1.796, acc=72.4%, lr=3.0e-04]
Epoch 07/80 [Train]:  65%|██████▍   | 135/208 [00:05<00:02, 24.85it/s, loss=1.734, acc=72.4%, lr=3.0e-04]
Epoch 07/80 [Train]:  65%|██████▍   | 135/208 [00:05<00:02, 24.85it/s, loss=1.615, acc=72.4%, lr=3.0e-04]
Epoch 07/80 [Train]:  66%|██████▋   | 138/208 [00:05<00:02, 24.88it/s, loss=1.615, acc=72.4%, lr=3.0e-04]
Epoch 07/80 [Train]:  66%|██████▋   | 138/208 [00:05<00:02, 24.88it/s, loss=1.327, acc=72.5%, lr=3.0e-04]
Epoch 07/80 [Train]:  66%|██████▋   | 138/208 [00:05<00:02, 24.88it/s, loss=1.760, acc=72.4%, lr=3.0e-04]
Epoch 07/80 [Train]:  66%|██████▋   | 138/208 [00:05<00:02, 24.88it/s, loss=1.570, acc=72.4%, lr=3.0e-04]
Epoch 07/80 [Train]:  68%|██████▊   | 141/208 [00:05<00:02, 25.00it/s, loss=1.570, acc=72.4%, lr=3.0e-04]
Epoch 07/80 [Train]:  68%|██████▊   | 141/208 [00:05<00:02, 25.00it/s, loss=1.622, acc=72.4%, lr=3.0e-04]
Epoch 07/80 [Train]:  68%|██████▊   | 141/208 [00:05<00:02, 25.00it/s, loss=1.645, acc=72.4%, lr=3.0e-04]
Epoch 07/80 [Train]:  68%|██████▊   | 141/208 [00:05<00:02, 25.00it/s, loss=1.519, acc=72.5%, lr=3.0e-04]
Epoch 07/80 [Train]:  69%|██████▉   | 144/208 [00:05<00:02, 25.13it/s, loss=1.519, acc=72.5%, lr=3.0e-04]
Epoch 07/80 [Train]:  69%|██████▉   | 144/208 [00:05<00:02, 25.13it/s, loss=1.478, acc=72.5%, lr=3.0e-04]
Epoch 07/80 [Train]:  69%|██████▉   | 144/208 [00:05<00:02, 25.13it/s, loss=2.242, acc=72.4%, lr=3.0e-04]
Epoch 07/80 [Train]:  69%|██████▉   | 144/208 [00:05<00:02, 25.13it/s, loss=1.438, acc=72.4%, lr=3.0e-04]
Epoch 07/80 [Train]:  71%|███████   | 147/208 [00:05<00:02, 25.40it/s, loss=1.438, acc=72.4%, lr=3.0e-04]
Epoch 07/80 [Train]:  71%|███████   | 147/208 [00:06<00:02, 25.40it/s, loss=2.119, acc=72.3%, lr=3.0e-04]
Epoch 07/80 [Train]:  71%|███████   | 147/208 [00:06<00:02, 25.40it/s, loss=1.555, acc=72.3%, lr=3.0e-04]
Epoch 07/80 [Train]:  71%|███████   | 147/208 [00:06<00:02, 25.40it/s, loss=2.161, acc=72.3%, lr=3.0e-04]
Epoch 07/80 [Train]:  72%|███████▏  | 150/208 [00:06<00:02, 25.30it/s, loss=2.161, acc=72.3%, lr=3.0e-04]
Epoch 07/80 [Train]:  72%|███████▏  | 150/208 [00:06<00:02, 25.30it/s, loss=1.725, acc=72.3%, lr=3.0e-04]
Epoch 07/80 [Train]:  72%|███████▏  | 150/208 [00:06<00:02, 25.30it/s, loss=1.380, acc=72.3%, lr=3.0e-04]
Epoch 07/80 [Train]:  72%|███████▏  | 150/208 [00:06<00:02, 25.30it/s, loss=1.661, acc=72.3%, lr=3.0e-04]
Epoch 07/80 [Train]:  74%|███████▎  | 153/208 [00:06<00:02, 25.35it/s, loss=1.661, acc=72.3%, lr=3.0e-04]
Epoch 07/80 [Train]:  74%|███████▎  | 153/208 [00:06<00:02, 25.35it/s, loss=1.506, acc=72.3%, lr=3.0e-04]
Epoch 07/80 [Train]:  74%|███████▎  | 153/208 [00:06<00:02, 25.35it/s, loss=1.859, acc=72.3%, lr=3.0e-04]
Epoch 07/80 [Train]:  74%|███████▎  | 153/208 [00:06<00:02, 25.35it/s, loss=1.868, acc=72.3%, lr=3.0e-04]
Epoch 07/80 [Train]:  75%|███████▌  | 156/208 [00:06<00:02, 24.92it/s, loss=1.868, acc=72.3%, lr=3.0e-04]
Epoch 07/80 [Train]:  75%|███████▌  | 156/208 [00:06<00:02, 24.92it/s, loss=1.500, acc=72.3%, lr=3.0e-04]
Epoch 07/80 [Train]:  75%|███████▌  | 156/208 [00:06<00:02, 24.92it/s, loss=2.065, acc=72.3%, lr=3.0e-04]
Epoch 07/80 [Train]:  75%|███████▌  | 156/208 [00:06<00:02, 24.92it/s, loss=1.670, acc=72.3%, lr=3.0e-04]
Epoch 07/80 [Train]:  76%|███████▋  | 159/208 [00:06<00:01, 24.76it/s, loss=1.670, acc=72.3%, lr=3.0e-04]
Epoch 07/80 [Train]:  76%|███████▋  | 159/208 [00:06<00:01, 24.76it/s, loss=1.435, acc=72.3%, lr=3.0e-04]
Epoch 07/80 [Train]:  76%|███████▋  | 159/208 [00:06<00:01, 24.76it/s, loss=1.831, acc=72.2%, lr=3.0e-04]
Epoch 07/80 [Train]:  76%|███████▋  | 159/208 [00:06<00:01, 24.76it/s, loss=1.434, acc=72.2%, lr=3.0e-04]
Epoch 07/80 [Train]:  78%|███████▊  | 162/208 [00:06<00:01, 24.65it/s, loss=1.434, acc=72.2%, lr=3.0e-04]
Epoch 07/80 [Train]:  78%|███████▊  | 162/208 [00:06<00:01, 24.65it/s, loss=1.643, acc=72.2%, lr=3.0e-04]
Epoch 07/80 [Train]:  78%|███████▊  | 162/208 [00:06<00:01, 24.65it/s, loss=1.478, acc=72.2%, lr=3.0e-04]
Epoch 07/80 [Train]:  78%|███████▊  | 162/208 [00:06<00:01, 24.65it/s, loss=1.552, acc=72.3%, lr=3.0e-04]
Epoch 07/80 [Train]:  79%|███████▉  | 165/208 [00:06<00:01, 24.94it/s, loss=1.552, acc=72.3%, lr=3.0e-04]
Epoch 07/80 [Train]:  79%|███████▉  | 165/208 [00:06<00:01, 24.94it/s, loss=1.885, acc=72.2%, lr=3.0e-04]
Epoch 07/80 [Train]:  79%|███████▉  | 165/208 [00:06<00:01, 24.94it/s, loss=1.484, acc=72.2%, lr=3.0e-04]
Epoch 07/80 [Train]:  79%|███████▉  | 165/208 [00:06<00:01, 24.94it/s, loss=1.531, acc=72.2%, lr=3.0e-04]
Epoch 07/80 [Train]:  81%|████████  | 168/208 [00:06<00:01, 24.56it/s, loss=1.531, acc=72.2%, lr=3.0e-04]
Epoch 07/80 [Train]:  81%|████████  | 168/208 [00:06<00:01, 24.56it/s, loss=1.745, acc=72.2%, lr=3.0e-04]
Epoch 07/80 [Train]:  81%|████████  | 168/208 [00:06<00:01, 24.56it/s, loss=1.505, acc=72.2%, lr=3.0e-04]
Epoch 07/80 [Train]:  81%|████████  | 168/208 [00:06<00:01, 24.56it/s, loss=1.606, acc=72.3%, lr=3.0e-04]
Epoch 07/80 [Train]:  82%|████████▏ | 171/208 [00:06<00:01, 24.82it/s, loss=1.606, acc=72.3%, lr=3.0e-04]
Epoch 07/80 [Train]:  82%|████████▏ | 171/208 [00:07<00:01, 24.82it/s, loss=1.531, acc=72.3%, lr=3.0e-04]
Epoch 07/80 [Train]:  82%|████████▏ | 171/208 [00:07<00:01, 24.82it/s, loss=1.930, acc=72.2%, lr=3.0e-04]
Epoch 07/80 [Train]:  82%|████████▏ | 171/208 [00:07<00:01, 24.82it/s, loss=1.710, acc=72.2%, lr=3.0e-04]
Epoch 07/80 [Train]:  84%|████████▎ | 174/208 [00:07<00:01, 24.98it/s, loss=1.710, acc=72.2%, lr=3.0e-04]
Epoch 07/80 [Train]:  84%|████████▎ | 174/208 [00:07<00:01, 24.98it/s, loss=1.826, acc=72.2%, lr=3.0e-04]
Epoch 07/80 [Train]:  84%|████████▎ | 174/208 [00:07<00:01, 24.98it/s, loss=1.725, acc=72.2%, lr=3.0e-04]
Epoch 07/80 [Train]:  84%|████████▎ | 174/208 [00:07<00:01, 24.98it/s, loss=1.662, acc=72.2%, lr=3.0e-04]
Epoch 07/80 [Train]:  85%|████████▌ | 177/208 [00:07<00:01, 25.21it/s, loss=1.662, acc=72.2%, lr=3.0e-04]
Epoch 07/80 [Train]:  85%|████████▌ | 177/208 [00:07<00:01, 25.21it/s, loss=1.930, acc=72.2%, lr=3.0e-04]
Epoch 07/80 [Train]:  85%|████████▌ | 177/208 [00:07<00:01, 25.21it/s, loss=1.381, acc=72.2%, lr=3.0e-04]
Epoch 07/80 [Train]:  85%|████████▌ | 177/208 [00:07<00:01, 25.21it/s, loss=1.539, acc=72.2%, lr=3.0e-04]
Epoch 07/80 [Train]:  87%|████████▋ | 180/208 [00:07<00:01, 25.17it/s, loss=1.539, acc=72.2%, lr=3.0e-04]
Epoch 07/80 [Train]:  87%|████████▋ | 180/208 [00:07<00:01, 25.17it/s, loss=1.608, acc=72.2%, lr=3.0e-04]
Epoch 07/80 [Train]:  87%|████████▋ | 180/208 [00:07<00:01, 25.17it/s, loss=1.909, acc=72.2%, lr=3.0e-04]
Epoch 07/80 [Train]:  87%|████████▋ | 180/208 [00:07<00:01, 25.17it/s, loss=1.613, acc=72.2%, lr=3.0e-04]
Epoch 07/80 [Train]:  88%|████████▊ | 183/208 [00:07<00:01, 24.70it/s, loss=1.613, acc=72.2%, lr=3.0e-04]
Epoch 07/80 [Train]:  88%|████████▊ | 183/208 [00:07<00:01, 24.70it/s, loss=1.288, acc=72.2%, lr=3.0e-04]
Epoch 07/80 [Train]:  88%|████████▊ | 183/208 [00:07<00:01, 24.70it/s, loss=1.792, acc=72.2%, lr=3.0e-04]
Epoch 07/80 [Train]:  88%|████████▊ | 183/208 [00:07<00:01, 24.70it/s, loss=1.546, acc=72.2%, lr=3.0e-04]
Epoch 07/80 [Train]:  89%|████████▉ | 186/208 [00:07<00:00, 24.84it/s, loss=1.546, acc=72.2%, lr=3.0e-04]
Epoch 07/80 [Train]:  89%|████████▉ | 186/208 [00:07<00:00, 24.84it/s, loss=1.731, acc=72.2%, lr=3.0e-04]
Epoch 07/80 [Train]:  89%|████████▉ | 186/208 [00:07<00:00, 24.84it/s, loss=1.703, acc=72.2%, lr=3.0e-04]
Epoch 07/80 [Train]:  89%|████████▉ | 186/208 [00:07<00:00, 24.84it/s, loss=1.652, acc=72.2%, lr=3.0e-04]
Epoch 07/80 [Train]:  91%|█████████ | 189/208 [00:07<00:00, 24.89it/s, loss=1.652, acc=72.2%, lr=3.0e-04]
Epoch 07/80 [Train]:  91%|█████████ | 189/208 [00:07<00:00, 24.89it/s, loss=1.895, acc=72.2%, lr=3.0e-04]
Epoch 07/80 [Train]:  91%|█████████ | 189/208 [00:07<00:00, 24.89it/s, loss=2.083, acc=72.2%, lr=3.0e-04]
Epoch 07/80 [Train]:  91%|█████████ | 189/208 [00:07<00:00, 24.89it/s, loss=1.690, acc=72.2%, lr=3.0e-04]
Epoch 07/80 [Train]:  92%|█████████▏| 192/208 [00:07<00:00, 25.02it/s, loss=1.690, acc=72.2%, lr=3.0e-04]
Epoch 07/80 [Train]:  92%|█████████▏| 192/208 [00:07<00:00, 25.02it/s, loss=1.511, acc=72.3%, lr=3.0e-04]
Epoch 07/80 [Train]:  92%|█████████▏| 192/208 [00:07<00:00, 25.02it/s, loss=1.695, acc=72.2%, lr=3.0e-04]
Epoch 07/80 [Train]:  92%|█████████▏| 192/208 [00:07<00:00, 25.02it/s, loss=1.277, acc=72.3%, lr=3.0e-04]
Epoch 07/80 [Train]:  94%|█████████▍| 195/208 [00:07<00:00, 24.26it/s, loss=1.277, acc=72.3%, lr=3.0e-04]
Epoch 07/80 [Train]:  94%|█████████▍| 195/208 [00:07<00:00, 24.26it/s, loss=1.799, acc=72.3%, lr=3.0e-04]
Epoch 07/80 [Train]:  94%|█████████▍| 195/208 [00:08<00:00, 24.26it/s, loss=1.921, acc=72.3%, lr=3.0e-04]
Epoch 07/80 [Train]:  94%|█████████▍| 195/208 [00:08<00:00, 24.26it/s, loss=1.668, acc=72.3%, lr=3.0e-04]
Epoch 07/80 [Train]:  95%|█████████▌| 198/208 [00:08<00:00, 24.61it/s, loss=1.668, acc=72.3%, lr=3.0e-04]
Epoch 07/80 [Train]:  95%|█████████▌| 198/208 [00:08<00:00, 24.61it/s, loss=1.895, acc=72.3%, lr=3.0e-04]
Epoch 07/80 [Train]:  95%|█████████▌| 198/208 [00:08<00:00, 24.61it/s, loss=1.425, acc=72.3%, lr=3.0e-04]
Epoch 07/80 [Train]:  95%|█████████▌| 198/208 [00:08<00:00, 24.61it/s, loss=1.698, acc=72.3%, lr=3.0e-04]
Epoch 07/80 [Train]:  97%|█████████▋| 201/208 [00:08<00:00, 24.51it/s, loss=1.698, acc=72.3%, lr=3.0e-04]
Epoch 07/80 [Train]:  97%|█████████▋| 201/208 [00:08<00:00, 24.51it/s, loss=2.062, acc=72.3%, lr=3.0e-04]
Epoch 07/80 [Train]:  97%|█████████▋| 201/208 [00:08<00:00, 24.51it/s, loss=1.712, acc=72.3%, lr=3.0e-04]
Epoch 07/80 [Train]:  97%|█████████▋| 201/208 [00:08<00:00, 24.51it/s, loss=1.530, acc=72.3%, lr=3.0e-04]
Epoch 07/80 [Train]:  98%|█████████▊| 204/208 [00:08<00:00, 24.81it/s, loss=1.530, acc=72.3%, lr=3.0e-04]
Epoch 07/80 [Train]:  98%|█████████▊| 204/208 [00:08<00:00, 24.81it/s, loss=1.478, acc=72.3%, lr=3.0e-04]
Epoch 07/80 [Train]:  98%|█████████▊| 204/208 [00:08<00:00, 24.81it/s, loss=1.669, acc=72.3%, lr=3.0e-04]
Epoch 07/80 [Train]:  98%|█████████▊| 204/208 [00:08<00:00, 24.81it/s, loss=1.362, acc=72.3%, lr=3.0e-04]
Epoch 07/80 [Train]: 100%|█████████▉| 207/208 [00:08<00:00, 25.00it/s, loss=1.362, acc=72.3%, lr=3.0e-04]
Epoch 07/80 [Train]: 100%|█████████▉| 207/208 [00:08<00:00, 25.00it/s, loss=1.962, acc=72.3%, lr=3.0e-04]
Epoch 07/80 [Train]: 100%|██████████| 208/208 [00:08<00:00, 24.66it/s, loss=1.962, acc=72.3%, lr=3.0e-04]

[2026-08-17 01:18:28] [EPOCH 07 SUMMARY]
  Train: Loss = 1.7019 | Top-1 Acc =  72.29%
  Val:   Top-1 Acc =   9.18% | Top-3 =  30.88% | Top-5 =  42.40%
         APL = 12.01 dB | Profile MAE =  2.35 dB (Rank Corr: 0.469)
  Time:  Epoch = 8.4s (Val Eval: 2.1s) | Total Elapsed = 00h:01m:09s | ETA: 00h:12m:01s
  -> [INFO] No improvement for 5/12 epochs (Best: 15.41%)

[2026-08-17 01:18:28] >>> [EPOCH 08/80] Training Started <<<

Epoch 08/80 [Train]:   0%|          | 0/208 [00:00<?, ?it/s]
Epoch 08/80 [Train]:   0%|          | 0/208 [00:00<?, ?it/s, loss=1.688, acc=71.9%, lr=3.0e-04]
Epoch 08/80 [Train]:   0%|          | 0/208 [00:00<?, ?it/s, loss=1.562, acc=76.6%, lr=3.0e-04]
Epoch 08/80 [Train]:   0%|          | 0/208 [00:00<?, ?it/s, loss=1.681, acc=75.0%, lr=3.0e-04]
Epoch 08/80 [Train]:   1%|▏         | 3/208 [00:00<00:08, 24.36it/s, loss=1.681, acc=75.0%, lr=3.0e-04]
Epoch 08/80 [Train]:   1%|▏         | 3/208 [00:00<00:08, 24.36it/s, loss=1.309, acc=77.3%, lr=3.0e-04]
Epoch 08/80 [Train]:   1%|▏         | 3/208 [00:00<00:08, 24.36it/s, loss=1.632, acc=75.3%, lr=3.0e-04]
Epoch 08/80 [Train]:   1%|▏         | 3/208 [00:00<00:08, 24.36it/s, loss=1.521, acc=75.3%, lr=3.0e-04]
Epoch 08/80 [Train]:   3%|▎         | 6/208 [00:00<00:08, 24.56it/s, loss=1.521, acc=75.3%, lr=3.0e-04]
Epoch 08/80 [Train]:   3%|▎         | 6/208 [00:00<00:08, 24.56it/s, loss=1.174, acc=75.9%, lr=3.0e-04]
Epoch 08/80 [Train]:   3%|▎         | 6/208 [00:00<00:08, 24.56it/s, loss=1.583, acc=75.8%, lr=3.0e-04]
Epoch 08/80 [Train]:   3%|▎         | 6/208 [00:00<00:08, 24.56it/s, loss=1.282, acc=76.2%, lr=3.0e-04]
Epoch 08/80 [Train]:   4%|▍         | 9/208 [00:00<00:08, 23.81it/s, loss=1.282, acc=76.2%, lr=3.0e-04]
Epoch 08/80 [Train]:   4%|▍         | 9/208 [00:00<00:08, 23.81it/s, loss=1.432, acc=75.9%, lr=3.0e-04]
Epoch 08/80 [Train]:   4%|▍         | 9/208 [00:00<00:08, 23.81it/s, loss=1.884, acc=75.3%, lr=3.0e-04]
Epoch 08/80 [Train]:   4%|▍         | 9/208 [00:00<00:08, 23.81it/s, loss=1.476, acc=75.9%, lr=3.0e-04]
Epoch 08/80 [Train]:   6%|▌         | 12/208 [00:00<00:08, 24.25it/s, loss=1.476, acc=75.9%, lr=3.0e-04]
Epoch 08/80 [Train]:   6%|▌         | 12/208 [00:00<00:08, 24.25it/s, loss=1.289, acc=76.3%, lr=3.0e-04]
Epoch 08/80 [Train]:   6%|▌         | 12/208 [00:00<00:08, 24.25it/s, loss=1.565, acc=75.4%, lr=3.0e-04]
Epoch 08/80 [Train]:   6%|▌         | 12/208 [00:00<00:08, 24.25it/s, loss=1.512, acc=75.2%, lr=3.0e-04]
Epoch 08/80 [Train]:   7%|▋         | 15/208 [00:00<00:07, 24.50it/s, loss=1.512, acc=75.2%, lr=3.0e-04]
Epoch 08/80 [Train]:   7%|▋         | 15/208 [00:00<00:07, 24.50it/s, loss=1.709, acc=75.0%, lr=3.0e-04]
Epoch 08/80 [Train]:   7%|▋         | 15/208 [00:00<00:07, 24.50it/s, loss=1.622, acc=74.5%, lr=3.0e-04]
Epoch 08/80 [Train]:   7%|▋         | 15/208 [00:00<00:07, 24.50it/s, loss=1.349, acc=74.7%, lr=3.0e-04]
Epoch 08/80 [Train]:   9%|▊         | 18/208 [00:00<00:07, 24.57it/s, loss=1.349, acc=74.7%, lr=3.0e-04]
Epoch 08/80 [Train]:   9%|▊         | 18/208 [00:00<00:07, 24.57it/s, loss=1.749, acc=74.5%, lr=3.0e-04]
Epoch 08/80 [Train]:   9%|▊         | 18/208 [00:00<00:07, 24.57it/s, loss=1.946, acc=74.5%, lr=3.0e-04]
Epoch 08/80 [Train]:   9%|▊         | 18/208 [00:00<00:07, 24.57it/s, loss=1.418, acc=74.7%, lr=3.0e-04]
Epoch 08/80 [Train]:  10%|█         | 21/208 [00:00<00:07, 24.93it/s, loss=1.418, acc=74.7%, lr=3.0e-04]
Epoch 08/80 [Train]:  10%|█         | 21/208 [00:00<00:07, 24.93it/s, loss=1.819, acc=74.2%, lr=3.0e-04]
Epoch 08/80 [Train]:  10%|█         | 21/208 [00:00<00:07, 24.93it/s, loss=1.329, acc=74.0%, lr=3.0e-04]
Epoch 08/80 [Train]:  10%|█         | 21/208 [00:00<00:07, 24.93it/s, loss=1.640, acc=74.2%, lr=3.0e-04]
Epoch 08/80 [Train]:  12%|█▏        | 24/208 [00:00<00:07, 24.78it/s, loss=1.640, acc=74.2%, lr=3.0e-04]
Epoch 08/80 [Train]:  12%|█▏        | 24/208 [00:01<00:07, 24.78it/s, loss=2.047, acc=73.9%, lr=3.0e-04]
Epoch 08/80 [Train]:  12%|█▏        | 24/208 [00:01<00:07, 24.78it/s, loss=2.010, acc=73.8%, lr=3.0e-04]
Epoch 08/80 [Train]:  12%|█▏        | 24/208 [00:01<00:07, 24.78it/s, loss=1.399, acc=74.0%, lr=3.0e-04]
Epoch 08/80 [Train]:  13%|█▎        | 27/208 [00:01<00:07, 25.14it/s, loss=1.399, acc=74.0%, lr=3.0e-04]
Epoch 08/80 [Train]:  13%|█▎        | 27/208 [00:01<00:07, 25.14it/s, loss=1.113, acc=74.4%, lr=3.0e-04]
Epoch 08/80 [Train]:  13%|█▎        | 27/208 [00:01<00:07, 25.14it/s, loss=1.738, acc=74.4%, lr=3.0e-04]
Epoch 08/80 [Train]:  13%|█▎        | 27/208 [00:01<00:07, 25.14it/s, loss=1.596, acc=74.5%, lr=3.0e-04]
Epoch 08/80 [Train]:  14%|█▍        | 30/208 [00:01<00:07, 25.17it/s, loss=1.596, acc=74.5%, lr=3.0e-04]
Epoch 08/80 [Train]:  14%|█▍        | 30/208 [00:01<00:07, 25.17it/s, loss=1.352, acc=74.5%, lr=3.0e-04]
Epoch 08/80 [Train]:  14%|█▍        | 30/208 [00:01<00:07, 25.17it/s, loss=1.287, acc=74.5%, lr=3.0e-04]
Epoch 08/80 [Train]:  14%|█▍        | 30/208 [00:01<00:07, 25.17it/s, loss=1.600, acc=74.4%, lr=3.0e-04]
Epoch 08/80 [Train]:  16%|█▌        | 33/208 [00:01<00:06, 25.29it/s, loss=1.600, acc=74.4%, lr=3.0e-04]
Epoch 08/80 [Train]:  16%|█▌        | 33/208 [00:01<00:06, 25.29it/s, loss=1.465, acc=74.4%, lr=3.0e-04]
Epoch 08/80 [Train]:  16%|█▌        | 33/208 [00:01<00:06, 25.29it/s, loss=1.650, acc=74.1%, lr=3.0e-04]
Epoch 08/80 [Train]:  16%|█▌        | 33/208 [00:01<00:06, 25.29it/s, loss=1.406, acc=74.0%, lr=3.0e-04]
Epoch 08/80 [Train]:  17%|█▋        | 36/208 [00:01<00:06, 25.23it/s, loss=1.406, acc=74.0%, lr=3.0e-04]
Epoch 08/80 [Train]:  17%|█▋        | 36/208 [00:01<00:06, 25.23it/s, loss=1.898, acc=73.7%, lr=3.0e-04]
Epoch 08/80 [Train]:  17%|█▋        | 36/208 [00:01<00:06, 25.23it/s, loss=1.750, acc=73.5%, lr=3.0e-04]
Epoch 08/80 [Train]:  17%|█▋        | 36/208 [00:01<00:06, 25.23it/s, loss=1.539, acc=73.4%, lr=3.0e-04]
Epoch 08/80 [Train]:  19%|█▉        | 39/208 [00:01<00:06, 25.15it/s, loss=1.539, acc=73.4%, lr=3.0e-04]
Epoch 08/80 [Train]:  19%|█▉        | 39/208 [00:01<00:06, 25.15it/s, loss=1.767, acc=73.3%, lr=3.0e-04]
Epoch 08/80 [Train]:  19%|█▉        | 39/208 [00:01<00:06, 25.15it/s, loss=1.667, acc=73.2%, lr=3.0e-04]
Epoch 08/80 [Train]:  19%|█▉        | 39/208 [00:01<00:06, 25.15it/s, loss=1.726, acc=73.3%, lr=3.0e-04]
Epoch 08/80 [Train]:  20%|██        | 42/208 [00:01<00:06, 24.89it/s, loss=1.726, acc=73.3%, lr=3.0e-04]
Epoch 08/80 [Train]:  20%|██        | 42/208 [00:01<00:06, 24.89it/s, loss=1.297, acc=73.4%, lr=3.0e-04]
Epoch 08/80 [Train]:  20%|██        | 42/208 [00:01<00:06, 24.89it/s, loss=1.717, acc=73.4%, lr=3.0e-04]
Epoch 08/80 [Train]:  20%|██        | 42/208 [00:01<00:06, 24.89it/s, loss=2.107, acc=73.3%, lr=3.0e-04]
Epoch 08/80 [Train]:  22%|██▏       | 45/208 [00:01<00:06, 24.76it/s, loss=2.107, acc=73.3%, lr=3.0e-04]
Epoch 08/80 [Train]:  22%|██▏       | 45/208 [00:01<00:06, 24.76it/s, loss=1.632, acc=73.3%, lr=3.0e-04]
Epoch 08/80 [Train]:  22%|██▏       | 45/208 [00:01<00:06, 24.76it/s, loss=1.513, acc=73.4%, lr=3.0e-04]
Epoch 08/80 [Train]:  22%|██▏       | 45/208 [00:01<00:06, 24.76it/s, loss=1.640, acc=73.4%, lr=3.0e-04]
Epoch 08/80 [Train]:  23%|██▎       | 48/208 [00:01<00:06, 24.46it/s, loss=1.640, acc=73.4%, lr=3.0e-04]
Epoch 08/80 [Train]:  23%|██▎       | 48/208 [00:01<00:06, 24.46it/s, loss=1.563, acc=73.3%, lr=3.0e-04]
Epoch 08/80 [Train]:  23%|██▎       | 48/208 [00:02<00:06, 24.46it/s, loss=1.540, acc=73.2%, lr=3.0e-04]
Epoch 08/80 [Train]:  23%|██▎       | 48/208 [00:02<00:06, 24.46it/s, loss=1.671, acc=73.2%, lr=3.0e-04]
Epoch 08/80 [Train]:  25%|██▍       | 51/208 [00:02<00:06, 24.85it/s, loss=1.671, acc=73.2%, lr=3.0e-04]
Epoch 08/80 [Train]:  25%|██▍       | 51/208 [00:02<00:06, 24.85it/s, loss=1.503, acc=73.4%, lr=3.0e-04]
Epoch 08/80 [Train]:  25%|██▍       | 51/208 [00:02<00:06, 24.85it/s, loss=1.415, acc=73.5%, lr=3.0e-04]
Epoch 08/80 [Train]:  25%|██▍       | 51/208 [00:02<00:06, 24.85it/s, loss=1.163, acc=73.6%, lr=3.0e-04]
Epoch 08/80 [Train]:  26%|██▌       | 54/208 [00:02<00:06, 24.85it/s, loss=1.163, acc=73.6%, lr=3.0e-04]
Epoch 08/80 [Train]:  26%|██▌       | 54/208 [00:02<00:06, 24.85it/s, loss=1.703, acc=73.5%, lr=3.0e-04]
Epoch 08/80 [Train]:  26%|██▌       | 54/208 [00:02<00:06, 24.85it/s, loss=1.684, acc=73.4%, lr=3.0e-04]
Epoch 08/80 [Train]:  26%|██▌       | 54/208 [00:02<00:06, 24.85it/s, loss=1.613, acc=73.4%, lr=3.0e-04]
Epoch 08/80 [Train]:  27%|██▋       | 57/208 [00:02<00:06, 24.94it/s, loss=1.613, acc=73.4%, lr=3.0e-04]
Epoch 08/80 [Train]:  27%|██▋       | 57/208 [00:02<00:06, 24.94it/s, loss=1.935, acc=73.3%, lr=3.0e-04]
Epoch 08/80 [Train]:  27%|██▋       | 57/208 [00:02<00:06, 24.94it/s, loss=1.226, acc=73.5%, lr=3.0e-04]
Epoch 08/80 [Train]:  27%|██▋       | 57/208 [00:02<00:06, 24.94it/s, loss=1.595, acc=73.4%, lr=3.0e-04]
Epoch 08/80 [Train]:  29%|██▉       | 60/208 [00:02<00:05, 24.78it/s, loss=1.595, acc=73.4%, lr=3.0e-04]
Epoch 08/80 [Train]:  29%|██▉       | 60/208 [00:02<00:05, 24.78it/s, loss=1.570, acc=73.5%, lr=3.0e-04]
Epoch 08/80 [Train]:  29%|██▉       | 60/208 [00:02<00:05, 24.78it/s, loss=1.489, acc=73.5%, lr=3.0e-04]
Epoch 08/80 [Train]:  29%|██▉       | 60/208 [00:02<00:05, 24.78it/s, loss=1.857, acc=73.4%, lr=3.0e-04]
Epoch 08/80 [Train]:  30%|███       | 63/208 [00:02<00:05, 24.68it/s, loss=1.857, acc=73.4%, lr=3.0e-04]
Epoch 08/80 [Train]:  30%|███       | 63/208 [00:02<00:05, 24.68it/s, loss=1.464, acc=73.5%, lr=3.0e-04]
Epoch 08/80 [Train]:  30%|███       | 63/208 [00:02<00:05, 24.68it/s, loss=1.626, acc=73.5%, lr=3.0e-04]
Epoch 08/80 [Train]:  30%|███       | 63/208 [00:02<00:05, 24.68it/s, loss=1.910, acc=73.3%, lr=3.0e-04]
Epoch 08/80 [Train]:  32%|███▏      | 66/208 [00:02<00:05, 24.89it/s, loss=1.910, acc=73.3%, lr=3.0e-04]
Epoch 08/80 [Train]:  32%|███▏      | 66/208 [00:02<00:05, 24.89it/s, loss=1.397, acc=73.3%, lr=3.0e-04]
Epoch 08/80 [Train]:  32%|███▏      | 66/208 [00:02<00:05, 24.89it/s, loss=1.628, acc=73.2%, lr=3.0e-04]
Epoch 08/80 [Train]:  32%|███▏      | 66/208 [00:02<00:05, 24.89it/s, loss=1.642, acc=73.2%, lr=3.0e-04]
Epoch 08/80 [Train]:  33%|███▎      | 69/208 [00:02<00:05, 25.11it/s, loss=1.642, acc=73.2%, lr=3.0e-04]
Epoch 08/80 [Train]:  33%|███▎      | 69/208 [00:02<00:05, 25.11it/s, loss=1.794, acc=73.1%, lr=3.0e-04]
Epoch 08/80 [Train]:  33%|███▎      | 69/208 [00:02<00:05, 25.11it/s, loss=1.703, acc=73.2%, lr=3.0e-04]
Epoch 08/80 [Train]:  33%|███▎      | 69/208 [00:02<00:05, 25.11it/s, loss=1.551, acc=73.1%, lr=3.0e-04]
Epoch 08/80 [Train]:  35%|███▍      | 72/208 [00:02<00:05, 25.18it/s, loss=1.551, acc=73.1%, lr=3.0e-04]
Epoch 08/80 [Train]:  35%|███▍      | 72/208 [00:02<00:05, 25.18it/s, loss=1.434, acc=73.3%, lr=3.0e-04]
Epoch 08/80 [Train]:  35%|███▍      | 72/208 [00:02<00:05, 25.18it/s, loss=1.650, acc=73.3%, lr=3.0e-04]
Epoch 08/80 [Train]:  35%|███▍      | 72/208 [00:03<00:05, 25.18it/s, loss=1.845, acc=73.2%, lr=3.0e-04]
Epoch 08/80 [Train]:  36%|███▌      | 75/208 [00:03<00:05, 25.09it/s, loss=1.845, acc=73.2%, lr=3.0e-04]
Epoch 08/80 [Train]:  36%|███▌      | 75/208 [00:03<00:05, 25.09it/s, loss=1.679, acc=73.2%, lr=3.0e-04]
Epoch 08/80 [Train]:  36%|███▌      | 75/208 [00:03<00:05, 25.09it/s, loss=1.840, acc=73.1%, lr=3.0e-04]
Epoch 08/80 [Train]:  36%|███▌      | 75/208 [00:03<00:05, 25.09it/s, loss=1.812, acc=73.0%, lr=3.0e-04]
Epoch 08/80 [Train]:  38%|███▊      | 78/208 [00:03<00:05, 25.02it/s, loss=1.812, acc=73.0%, lr=3.0e-04]
Epoch 08/80 [Train]:  38%|███▊      | 78/208 [00:03<00:05, 25.02it/s, loss=1.384, acc=73.0%, lr=3.0e-04]
Epoch 08/80 [Train]:  38%|███▊      | 78/208 [00:03<00:05, 25.02it/s, loss=1.901, acc=72.9%, lr=3.0e-04]
Epoch 08/80 [Train]:  38%|███▊      | 78/208 [00:03<00:05, 25.02it/s, loss=1.226, acc=73.1%, lr=3.0e-04]
Epoch 08/80 [Train]:  39%|███▉      | 81/208 [00:03<00:05, 25.20it/s, loss=1.226, acc=73.1%, lr=3.0e-04]
Epoch 08/80 [Train]:  39%|███▉      | 81/208 [00:03<00:05, 25.20it/s, loss=1.511, acc=73.0%, lr=3.0e-04]
Epoch 08/80 [Train]:  39%|███▉      | 81/208 [00:03<00:05, 25.20it/s, loss=1.210, acc=73.1%, lr=3.0e-04]
Epoch 08/80 [Train]:  39%|███▉      | 81/208 [00:03<00:05, 25.20it/s, loss=1.612, acc=73.2%, lr=3.0e-04]
Epoch 08/80 [Train]:  40%|████      | 84/208 [00:03<00:04, 25.12it/s, loss=1.612, acc=73.2%, lr=3.0e-04]
Epoch 08/80 [Train]:  40%|████      | 84/208 [00:03<00:04, 25.12it/s, loss=1.383, acc=73.1%, lr=3.0e-04]
Epoch 08/80 [Train]:  40%|████      | 84/208 [00:03<00:04, 25.12it/s, loss=1.499, acc=73.1%, lr=3.0e-04]
Epoch 08/80 [Train]:  40%|████      | 84/208 [00:03<00:04, 25.12it/s, loss=1.896, acc=73.0%, lr=3.0e-04]
Epoch 08/80 [Train]:  42%|████▏     | 87/208 [00:03<00:04, 25.19it/s, loss=1.896, acc=73.0%, lr=3.0e-04]
Epoch 08/80 [Train]:  42%|████▏     | 87/208 [00:03<00:04, 25.19it/s, loss=1.531, acc=73.0%, lr=3.0e-04]
Epoch 08/80 [Train]:  42%|████▏     | 87/208 [00:03<00:04, 25.19it/s, loss=1.425, acc=73.0%, lr=3.0e-04]
Epoch 08/80 [Train]:  42%|████▏     | 87/208 [00:03<00:04, 25.19it/s, loss=1.522, acc=73.0%, lr=3.0e-04]
Epoch 08/80 [Train]:  43%|████▎     | 90/208 [00:03<00:04, 25.30it/s, loss=1.522, acc=73.0%, lr=3.0e-04]
Epoch 08/80 [Train]:  43%|████▎     | 90/208 [00:03<00:04, 25.30it/s, loss=1.348, acc=73.1%, lr=3.0e-04]
Epoch 08/80 [Train]:  43%|████▎     | 90/208 [00:03<00:04, 25.30it/s, loss=1.550, acc=73.1%, lr=3.0e-04]
Epoch 08/80 [Train]:  43%|████▎     | 90/208 [00:03<00:04, 25.30it/s, loss=1.358, acc=73.1%, lr=3.0e-04]
Epoch 08/80 [Train]:  45%|████▍     | 93/208 [00:03<00:04, 25.45it/s, loss=1.358, acc=73.1%, lr=3.0e-04]
Epoch 08/80 [Train]:  45%|████▍     | 93/208 [00:03<00:04, 25.45it/s, loss=1.641, acc=73.2%, lr=3.0e-04]
Epoch 08/80 [Train]:  45%|████▍     | 93/208 [00:03<00:04, 25.45it/s, loss=1.930, acc=73.2%, lr=3.0e-04]
Epoch 08/80 [Train]:  45%|████▍     | 93/208 [00:03<00:04, 25.45it/s, loss=1.414, acc=73.2%, lr=3.0e-04]
Epoch 08/80 [Train]:  46%|████▌     | 96/208 [00:03<00:04, 25.53it/s, loss=1.414, acc=73.2%, lr=3.0e-04]
Epoch 08/80 [Train]:  46%|████▌     | 96/208 [00:03<00:04, 25.53it/s, loss=2.042, acc=73.2%, lr=3.0e-04]
Epoch 08/80 [Train]:  46%|████▌     | 96/208 [00:03<00:04, 25.53it/s, loss=1.737, acc=73.1%, lr=3.0e-04]
Epoch 08/80 [Train]:  46%|████▌     | 96/208 [00:03<00:04, 25.53it/s, loss=1.505, acc=73.2%, lr=3.0e-04]
Epoch 08/80 [Train]:  48%|████▊     | 99/208 [00:03<00:04, 25.54it/s, loss=1.505, acc=73.2%, lr=3.0e-04]
Epoch 08/80 [Train]:  48%|████▊     | 99/208 [00:03<00:04, 25.54it/s, loss=1.929, acc=73.1%, lr=3.0e-04]
Epoch 08/80 [Train]:  48%|████▊     | 99/208 [00:04<00:04, 25.54it/s, loss=1.455, acc=73.2%, lr=3.0e-04]
Epoch 08/80 [Train]:  48%|████▊     | 99/208 [00:04<00:04, 25.54it/s, loss=1.281, acc=73.3%, lr=3.0e-04]
Epoch 08/80 [Train]:  49%|████▉     | 102/208 [00:04<00:04, 25.50it/s, loss=1.281, acc=73.3%, lr=3.0e-04]
Epoch 08/80 [Train]:  49%|████▉     | 102/208 [00:04<00:04, 25.50it/s, loss=1.850, acc=73.3%, lr=3.0e-04]
Epoch 08/80 [Train]:  49%|████▉     | 102/208 [00:04<00:04, 25.50it/s, loss=1.609, acc=73.3%, lr=3.0e-04]
Epoch 08/80 [Train]:  49%|████▉     | 102/208 [00:04<00:04, 25.50it/s, loss=1.528, acc=73.3%, lr=3.0e-04]
Epoch 08/80 [Train]:  50%|█████     | 105/208 [00:04<00:04, 25.64it/s, loss=1.528, acc=73.3%, lr=3.0e-04]
Epoch 08/80 [Train]:  50%|█████     | 105/208 [00:04<00:04, 25.64it/s, loss=1.287, acc=73.3%, lr=3.0e-04]
Epoch 08/80 [Train]:  50%|█████     | 105/208 [00:04<00:04, 25.64it/s, loss=1.833, acc=73.3%, lr=3.0e-04]
Epoch 08/80 [Train]:  50%|█████     | 105/208 [00:04<00:04, 25.64it/s, loss=1.331, acc=73.3%, lr=3.0e-04]
Epoch 08/80 [Train]:  52%|█████▏    | 108/208 [00:04<00:03, 25.69it/s, loss=1.331, acc=73.3%, lr=3.0e-04]
Epoch 08/80 [Train]:  52%|█████▏    | 108/208 [00:04<00:03, 25.69it/s, loss=1.697, acc=73.3%, lr=3.0e-04]
Epoch 08/80 [Train]:  52%|█████▏    | 108/208 [00:04<00:03, 25.69it/s, loss=1.286, acc=73.4%, lr=3.0e-04]
Epoch 08/80 [Train]:  52%|█████▏    | 108/208 [00:04<00:03, 25.69it/s, loss=1.752, acc=73.3%, lr=3.0e-04]
Epoch 08/80 [Train]:  53%|█████▎    | 111/208 [00:04<00:03, 25.60it/s, loss=1.752, acc=73.3%, lr=3.0e-04]
Epoch 08/80 [Train]:  53%|█████▎    | 111/208 [00:04<00:03, 25.60it/s, loss=1.549, acc=73.4%, lr=3.0e-04]
Epoch 08/80 [Train]:  53%|█████▎    | 111/208 [00:04<00:03, 25.60it/s, loss=1.497, acc=73.4%, lr=3.0e-04]
Epoch 08/80 [Train]:  53%|█████▎    | 111/208 [00:04<00:03, 25.60it/s, loss=1.672, acc=73.4%, lr=3.0e-04]
Epoch 08/80 [Train]:  55%|█████▍    | 114/208 [00:04<00:03, 25.46it/s, loss=1.672, acc=73.4%, lr=3.0e-04]
Epoch 08/80 [Train]:  55%|█████▍    | 114/208 [00:04<00:03, 25.46it/s, loss=2.045, acc=73.3%, lr=3.0e-04]
Epoch 08/80 [Train]:  55%|█████▍    | 114/208 [00:04<00:03, 25.46it/s, loss=2.143, acc=73.2%, lr=3.0e-04]
Epoch 08/80 [Train]:  55%|█████▍    | 114/208 [00:04<00:03, 25.46it/s, loss=1.716, acc=73.2%, lr=3.0e-04]
Epoch 08/80 [Train]:  56%|█████▋    | 117/208 [00:04<00:03, 25.41it/s, loss=1.716, acc=73.2%, lr=3.0e-04]
Epoch 08/80 [Train]:  56%|█████▋    | 117/208 [00:04<00:03, 25.41it/s, loss=1.499, acc=73.2%, lr=3.0e-04]
Epoch 08/80 [Train]:  56%|█████▋    | 117/208 [00:04<00:03, 25.41it/s, loss=1.275, acc=73.2%, lr=3.0e-04]
Epoch 08/80 [Train]:  56%|█████▋    | 117/208 [00:04<00:03, 25.41it/s, loss=1.573, acc=73.2%, lr=3.0e-04]
Epoch 08/80 [Train]:  58%|█████▊    | 120/208 [00:04<00:03, 25.35it/s, loss=1.573, acc=73.2%, lr=3.0e-04]
Epoch 08/80 [Train]:  58%|█████▊    | 120/208 [00:04<00:03, 25.35it/s, loss=1.956, acc=73.1%, lr=3.0e-04]
Epoch 08/80 [Train]:  58%|█████▊    | 120/208 [00:04<00:03, 25.35it/s, loss=1.391, acc=73.1%, lr=3.0e-04]
Epoch 08/80 [Train]:  58%|█████▊    | 120/208 [00:04<00:03, 25.35it/s, loss=1.788, acc=73.1%, lr=3.0e-04]
Epoch 08/80 [Train]:  59%|█████▉    | 123/208 [00:04<00:03, 25.30it/s, loss=1.788, acc=73.1%, lr=3.0e-04]
Epoch 08/80 [Train]:  59%|█████▉    | 123/208 [00:04<00:03, 25.30it/s, loss=1.468, acc=73.1%, lr=3.0e-04]
Epoch 08/80 [Train]:  59%|█████▉    | 123/208 [00:04<00:03, 25.30it/s, loss=1.734, acc=73.1%, lr=3.0e-04]
Epoch 08/80 [Train]:  59%|█████▉    | 123/208 [00:05<00:03, 25.30it/s, loss=1.817, acc=73.1%, lr=3.0e-04]
Epoch 08/80 [Train]:  61%|██████    | 126/208 [00:05<00:03, 25.49it/s, loss=1.817, acc=73.1%, lr=3.0e-04]
Epoch 08/80 [Train]:  61%|██████    | 126/208 [00:05<00:03, 25.49it/s, loss=1.727, acc=73.0%, lr=3.0e-04]
Epoch 08/80 [Train]:  61%|██████    | 126/208 [00:05<00:03, 25.49it/s, loss=1.613, acc=73.0%, lr=3.0e-04]
Epoch 08/80 [Train]:  61%|██████    | 126/208 [00:05<00:03, 25.49it/s, loss=1.639, acc=73.0%, lr=3.0e-04]
Epoch 08/80 [Train]:  62%|██████▏   | 129/208 [00:05<00:03, 25.34it/s, loss=1.639, acc=73.0%, lr=3.0e-04]
Epoch 08/80 [Train]:  62%|██████▏   | 129/208 [00:05<00:03, 25.34it/s, loss=1.644, acc=72.9%, lr=3.0e-04]
Epoch 08/80 [Train]:  62%|██████▏   | 129/208 [00:05<00:03, 25.34it/s, loss=1.555, acc=72.9%, lr=3.0e-04]
Epoch 08/80 [Train]:  62%|██████▏   | 129/208 [00:05<00:03, 25.34it/s, loss=1.671, acc=72.9%, lr=3.0e-04]
Epoch 08/80 [Train]:  63%|██████▎   | 132/208 [00:05<00:03, 24.59it/s, loss=1.671, acc=72.9%, lr=3.0e-04]
Epoch 08/80 [Train]:  63%|██████▎   | 132/208 [00:05<00:03, 24.59it/s, loss=1.617, acc=72.9%, lr=3.0e-04]
Epoch 08/80 [Train]:  63%|██████▎   | 132/208 [00:05<00:03, 24.59it/s, loss=1.668, acc=72.9%, lr=3.0e-04]
Epoch 08/80 [Train]:  63%|██████▎   | 132/208 [00:05<00:03, 24.59it/s, loss=1.620, acc=72.9%, lr=3.0e-04]
Epoch 08/80 [Train]:  65%|██████▍   | 135/208 [00:05<00:02, 25.01it/s, loss=1.620, acc=72.9%, lr=3.0e-04]
Epoch 08/80 [Train]:  65%|██████▍   | 135/208 [00:05<00:02, 25.01it/s, loss=1.550, acc=72.9%, lr=3.0e-04]
Epoch 08/80 [Train]:  65%|██████▍   | 135/208 [00:05<00:02, 25.01it/s, loss=1.524, acc=72.9%, lr=3.0e-04]
Epoch 08/80 [Train]:  65%|██████▍   | 135/208 [00:05<00:02, 25.01it/s, loss=1.922, acc=72.9%, lr=3.0e-04]
Epoch 08/80 [Train]:  66%|██████▋   | 138/208 [00:05<00:02, 25.25it/s, loss=1.922, acc=72.9%, lr=3.0e-04]
Epoch 08/80 [Train]:  66%|██████▋   | 138/208 [00:05<00:02, 25.25it/s, loss=1.546, acc=72.9%, lr=3.0e-04]
Epoch 08/80 [Train]:  66%|██████▋   | 138/208 [00:05<00:02, 25.25it/s, loss=1.804, acc=72.9%, lr=3.0e-04]
Epoch 08/80 [Train]:  66%|██████▋   | 138/208 [00:05<00:02, 25.25it/s, loss=1.714, acc=72.9%, lr=3.0e-04]
Epoch 08/80 [Train]:  68%|██████▊   | 141/208 [00:05<00:02, 25.36it/s, loss=1.714, acc=72.9%, lr=3.0e-04]
Epoch 08/80 [Train]:  68%|██████▊   | 141/208 [00:05<00:02, 25.36it/s, loss=1.843, acc=72.9%, lr=3.0e-04]
Epoch 08/80 [Train]:  68%|██████▊   | 141/208 [00:05<00:02, 25.36it/s, loss=1.697, acc=72.9%, lr=3.0e-04]
Epoch 08/80 [Train]:  68%|██████▊   | 141/208 [00:05<00:02, 25.36it/s, loss=1.537, acc=72.9%, lr=3.0e-04]
Epoch 08/80 [Train]:  69%|██████▉   | 144/208 [00:05<00:02, 25.41it/s, loss=1.537, acc=72.9%, lr=3.0e-04]
Epoch 08/80 [Train]:  69%|██████▉   | 144/208 [00:05<00:02, 25.41it/s, loss=1.420, acc=73.0%, lr=3.0e-04]
Epoch 08/80 [Train]:  69%|██████▉   | 144/208 [00:05<00:02, 25.41it/s, loss=1.339, acc=72.9%, lr=3.0e-04]
Epoch 08/80 [Train]:  69%|██████▉   | 144/208 [00:05<00:02, 25.41it/s, loss=1.253, acc=73.0%, lr=3.0e-04]
Epoch 08/80 [Train]:  71%|███████   | 147/208 [00:05<00:02, 25.49it/s, loss=1.253, acc=73.0%, lr=3.0e-04]
Epoch 08/80 [Train]:  71%|███████   | 147/208 [00:05<00:02, 25.49it/s, loss=1.490, acc=73.0%, lr=3.0e-04]
Epoch 08/80 [Train]:  71%|███████   | 147/208 [00:05<00:02, 25.49it/s, loss=1.763, acc=72.9%, lr=3.0e-04]
Epoch 08/80 [Train]:  71%|███████   | 147/208 [00:05<00:02, 25.49it/s, loss=1.607, acc=73.0%, lr=3.0e-04]
Epoch 08/80 [Train]:  72%|███████▏  | 150/208 [00:05<00:02, 25.44it/s, loss=1.607, acc=73.0%, lr=3.0e-04]
Epoch 08/80 [Train]:  72%|███████▏  | 150/208 [00:06<00:02, 25.44it/s, loss=2.032, acc=72.9%, lr=3.0e-04]
Epoch 08/80 [Train]:  72%|███████▏  | 150/208 [00:06<00:02, 25.44it/s, loss=1.608, acc=72.9%, lr=3.0e-04]
Epoch 08/80 [Train]:  72%|███████▏  | 150/208 [00:06<00:02, 25.44it/s, loss=1.137, acc=73.0%, lr=3.0e-04]
Epoch 08/80 [Train]:  74%|███████▎  | 153/208 [00:06<00:02, 25.17it/s, loss=1.137, acc=73.0%, lr=3.0e-04]
Epoch 08/80 [Train]:  74%|███████▎  | 153/208 [00:06<00:02, 25.17it/s, loss=1.354, acc=73.0%, lr=3.0e-04]
Epoch 08/80 [Train]:  74%|███████▎  | 153/208 [00:06<00:02, 25.17it/s, loss=1.296, acc=73.0%, lr=3.0e-04]
Epoch 08/80 [Train]:  74%|███████▎  | 153/208 [00:06<00:02, 25.17it/s, loss=1.581, acc=73.0%, lr=3.0e-04]
Epoch 08/80 [Train]:  75%|███████▌  | 156/208 [00:06<00:02, 24.88it/s, loss=1.581, acc=73.0%, lr=3.0e-04]
Epoch 08/80 [Train]:  75%|███████▌  | 156/208 [00:06<00:02, 24.88it/s, loss=1.661, acc=73.0%, lr=3.0e-04]
Epoch 08/80 [Train]:  75%|███████▌  | 156/208 [00:06<00:02, 24.88it/s, loss=1.750, acc=73.0%, lr=3.0e-04]
Epoch 08/80 [Train]:  75%|███████▌  | 156/208 [00:06<00:02, 24.88it/s, loss=1.373, acc=73.0%, lr=3.0e-04]
Epoch 08/80 [Train]:  76%|███████▋  | 159/208 [00:06<00:01, 25.13it/s, loss=1.373, acc=73.0%, lr=3.0e-04]
Epoch 08/80 [Train]:  76%|███████▋  | 159/208 [00:06<00:01, 25.13it/s, loss=1.470, acc=73.0%, lr=3.0e-04]
Epoch 08/80 [Train]:  76%|███████▋  | 159/208 [00:06<00:01, 25.13it/s, loss=1.356, acc=73.0%, lr=3.0e-04]
Epoch 08/80 [Train]:  76%|███████▋  | 159/208 [00:06<00:01, 25.13it/s, loss=1.700, acc=73.0%, lr=3.0e-04]
Epoch 08/80 [Train]:  78%|███████▊  | 162/208 [00:06<00:01, 25.17it/s, loss=1.700, acc=73.0%, lr=3.0e-04]
Epoch 08/80 [Train]:  78%|███████▊  | 162/208 [00:06<00:01, 25.17it/s, loss=1.827, acc=73.0%, lr=3.0e-04]
Epoch 08/80 [Train]:  78%|███████▊  | 162/208 [00:06<00:01, 25.17it/s, loss=1.679, acc=73.0%, lr=3.0e-04]
Epoch 08/80 [Train]:  78%|███████▊  | 162/208 [00:06<00:01, 25.17it/s, loss=1.548, acc=73.0%, lr=3.0e-04]
Epoch 08/80 [Train]:  79%|███████▉  | 165/208 [00:06<00:01, 24.88it/s, loss=1.548, acc=73.0%, lr=3.0e-04]
Epoch 08/80 [Train]:  79%|███████▉  | 165/208 [00:06<00:01, 24.88it/s, loss=1.450, acc=73.0%, lr=3.0e-04]
Epoch 08/80 [Train]:  79%|███████▉  | 165/208 [00:06<00:01, 24.88it/s, loss=1.412, acc=73.0%, lr=3.0e-04]
Epoch 08/80 [Train]:  79%|███████▉  | 165/208 [00:06<00:01, 24.88it/s, loss=1.164, acc=73.0%, lr=3.0e-04]
Epoch 08/80 [Train]:  81%|████████  | 168/208 [00:06<00:01, 24.97it/s, loss=1.164, acc=73.0%, lr=3.0e-04]
Epoch 08/80 [Train]:  81%|████████  | 168/208 [00:06<00:01, 24.97it/s, loss=1.292, acc=73.0%, lr=3.0e-04]
Epoch 08/80 [Train]:  81%|████████  | 168/208 [00:06<00:01, 24.97it/s, loss=1.642, acc=73.0%, lr=3.0e-04]
Epoch 08/80 [Train]:  81%|████████  | 168/208 [00:06<00:01, 24.97it/s, loss=1.333, acc=73.0%, lr=3.0e-04]
Epoch 08/80 [Train]:  82%|████████▏ | 171/208 [00:06<00:01, 25.09it/s, loss=1.333, acc=73.0%, lr=3.0e-04]
Epoch 08/80 [Train]:  82%|████████▏ | 171/208 [00:06<00:01, 25.09it/s, loss=1.976, acc=72.9%, lr=3.0e-04]
Epoch 08/80 [Train]:  82%|████████▏ | 171/208 [00:06<00:01, 25.09it/s, loss=1.570, acc=72.9%, lr=3.0e-04]
Epoch 08/80 [Train]:  82%|████████▏ | 171/208 [00:06<00:01, 25.09it/s, loss=1.393, acc=72.9%, lr=3.0e-04]
Epoch 08/80 [Train]:  84%|████████▎ | 174/208 [00:06<00:01, 25.22it/s, loss=1.393, acc=72.9%, lr=3.0e-04]
Epoch 08/80 [Train]:  84%|████████▎ | 174/208 [00:06<00:01, 25.22it/s, loss=1.358, acc=72.9%, lr=3.0e-04]
Epoch 08/80 [Train]:  84%|████████▎ | 174/208 [00:07<00:01, 25.22it/s, loss=1.392, acc=73.0%, lr=3.0e-04]
Epoch 08/80 [Train]:  84%|████████▎ | 174/208 [00:07<00:01, 25.22it/s, loss=1.329, acc=73.0%, lr=3.0e-04]
Epoch 08/80 [Train]:  85%|████████▌ | 177/208 [00:07<00:01, 25.23it/s, loss=1.329, acc=73.0%, lr=3.0e-04]
Epoch 08/80 [Train]:  85%|████████▌ | 177/208 [00:07<00:01, 25.23it/s, loss=1.462, acc=73.0%, lr=3.0e-04]
Epoch 08/80 [Train]:  85%|████████▌ | 177/208 [00:07<00:01, 25.23it/s, loss=1.511, acc=73.0%, lr=3.0e-04]
Epoch 08/80 [Train]:  85%|████████▌ | 177/208 [00:07<00:01, 25.23it/s, loss=2.070, acc=73.0%, lr=3.0e-04]
Epoch 08/80 [Train]:  87%|████████▋ | 180/208 [00:07<00:01, 25.34it/s, loss=2.070, acc=73.0%, lr=3.0e-04]
Epoch 08/80 [Train]:  87%|████████▋ | 180/208 [00:07<00:01, 25.34it/s, loss=1.650, acc=73.0%, lr=3.0e-04]
Epoch 08/80 [Train]:  87%|████████▋ | 180/208 [00:07<00:01, 25.34it/s, loss=1.480, acc=72.9%, lr=3.0e-04]
Epoch 08/80 [Train]:  87%|████████▋ | 180/208 [00:07<00:01, 25.34it/s, loss=1.597, acc=72.9%, lr=3.0e-04]
Epoch 08/80 [Train]:  88%|████████▊ | 183/208 [00:07<00:00, 25.24it/s, loss=1.597, acc=72.9%, lr=3.0e-04]
Epoch 08/80 [Train]:  88%|████████▊ | 183/208 [00:07<00:00, 25.24it/s, loss=1.773, acc=72.9%, lr=3.0e-04]
Epoch 08/80 [Train]:  88%|████████▊ | 183/208 [00:07<00:00, 25.24it/s, loss=1.638, acc=72.9%, lr=3.0e-04]
Epoch 08/80 [Train]:  88%|████████▊ | 183/208 [00:07<00:00, 25.24it/s, loss=1.955, acc=72.8%, lr=3.0e-04]
Epoch 08/80 [Train]:  89%|████████▉ | 186/208 [00:07<00:00, 25.31it/s, loss=1.955, acc=72.8%, lr=3.0e-04]
Epoch 08/80 [Train]:  89%|████████▉ | 186/208 [00:07<00:00, 25.31it/s, loss=1.519, acc=72.9%, lr=3.0e-04]
Epoch 08/80 [Train]:  89%|████████▉ | 186/208 [00:07<00:00, 25.31it/s, loss=1.663, acc=72.8%, lr=3.0e-04]
Epoch 08/80 [Train]:  89%|████████▉ | 186/208 [00:07<00:00, 25.31it/s, loss=1.339, acc=72.9%, lr=3.0e-04]
Epoch 08/80 [Train]:  91%|█████████ | 189/208 [00:07<00:00, 25.14it/s, loss=1.339, acc=72.9%, lr=3.0e-04]
Epoch 08/80 [Train]:  91%|█████████ | 189/208 [00:07<00:00, 25.14it/s, loss=1.271, acc=72.9%, lr=3.0e-04]
Epoch 08/80 [Train]:  91%|█████████ | 189/208 [00:07<00:00, 25.14it/s, loss=1.517, acc=72.9%, lr=3.0e-04]
Epoch 08/80 [Train]:  91%|█████████ | 189/208 [00:07<00:00, 25.14it/s, loss=1.700, acc=72.9%, lr=3.0e-04]
Epoch 08/80 [Train]:  92%|█████████▏| 192/208 [00:07<00:00, 25.11it/s, loss=1.700, acc=72.9%, lr=3.0e-04]
Epoch 08/80 [Train]:  92%|█████████▏| 192/208 [00:07<00:00, 25.11it/s, loss=1.441, acc=72.9%, lr=3.0e-04]
Epoch 08/80 [Train]:  92%|█████████▏| 192/208 [00:07<00:00, 25.11it/s, loss=1.432, acc=72.9%, lr=3.0e-04]
Epoch 08/80 [Train]:  92%|█████████▏| 192/208 [00:07<00:00, 25.11it/s, loss=1.853, acc=72.9%, lr=3.0e-04]
Epoch 08/80 [Train]:  94%|█████████▍| 195/208 [00:07<00:00, 25.18it/s, loss=1.853, acc=72.9%, lr=3.0e-04]
Epoch 08/80 [Train]:  94%|█████████▍| 195/208 [00:07<00:00, 25.18it/s, loss=1.507, acc=72.9%, lr=3.0e-04]
Epoch 08/80 [Train]:  94%|█████████▍| 195/208 [00:07<00:00, 25.18it/s, loss=1.554, acc=72.9%, lr=3.0e-04]
Epoch 08/80 [Train]:  94%|█████████▍| 195/208 [00:07<00:00, 25.18it/s, loss=1.559, acc=72.8%, lr=3.0e-04]
Epoch 08/80 [Train]:  95%|█████████▌| 198/208 [00:07<00:00, 25.26it/s, loss=1.559, acc=72.8%, lr=3.0e-04]
Epoch 08/80 [Train]:  95%|█████████▌| 198/208 [00:07<00:00, 25.26it/s, loss=1.543, acc=72.8%, lr=3.0e-04]
Epoch 08/80 [Train]:  95%|█████████▌| 198/208 [00:07<00:00, 25.26it/s, loss=1.486, acc=72.8%, lr=3.0e-04]
Epoch 08/80 [Train]:  95%|█████████▌| 198/208 [00:07<00:00, 25.26it/s, loss=1.695, acc=72.8%, lr=3.0e-04]
Epoch 08/80 [Train]:  97%|█████████▋| 201/208 [00:07<00:00, 25.41it/s, loss=1.695, acc=72.8%, lr=3.0e-04]
Epoch 08/80 [Train]:  97%|█████████▋| 201/208 [00:08<00:00, 25.41it/s, loss=1.514, acc=72.8%, lr=3.0e-04]
Epoch 08/80 [Train]:  97%|█████████▋| 201/208 [00:08<00:00, 25.41it/s, loss=1.423, acc=72.8%, lr=3.0e-04]
Epoch 08/80 [Train]:  97%|█████████▋| 201/208 [00:08<00:00, 25.41it/s, loss=1.649, acc=72.7%, lr=3.0e-04]
Epoch 08/80 [Train]:  98%|█████████▊| 204/208 [00:08<00:00, 25.05it/s, loss=1.649, acc=72.7%, lr=3.0e-04]
Epoch 08/80 [Train]:  98%|█████████▊| 204/208 [00:08<00:00, 25.05it/s, loss=1.493, acc=72.7%, lr=3.0e-04]
Epoch 08/80 [Train]:  98%|█████████▊| 204/208 [00:08<00:00, 25.05it/s, loss=1.793, acc=72.7%, lr=3.0e-04]
Epoch 08/80 [Train]:  98%|█████████▊| 204/208 [00:08<00:00, 25.05it/s, loss=1.331, acc=72.7%, lr=3.0e-04]
Epoch 08/80 [Train]: 100%|█████████▉| 207/208 [00:08<00:00, 25.15it/s, loss=1.331, acc=72.7%, lr=3.0e-04]
Epoch 08/80 [Train]: 100%|█████████▉| 207/208 [00:08<00:00, 25.15it/s, loss=1.307, acc=72.8%, lr=3.0e-04]
Epoch 08/80 [Train]: 100%|██████████| 208/208 [00:08<00:00, 25.17it/s, loss=1.307, acc=72.8%, lr=3.0e-04]

[2026-08-17 01:18:39] [EPOCH 08 SUMMARY]
  Train: Loss = 1.5845 | Top-1 Acc =  72.75%
  Val:   Top-1 Acc =  15.65% | Top-3 =  34.71% | Top-5 =  45.78%
         APL = 10.67 dB | Profile MAE =  2.39 dB (Rank Corr: 0.506)
  Time:  Epoch = 8.3s (Val Eval: 2.0s) | Total Elapsed = 00h:01m:17s | ETA: 00h:11m:36s
  -> [* BEST CHECKPOINT] New highest Val Top-1: 15.65% | Saved to results_rtx5070\checkpoints\best_model_P3_seed42.pt

[2026-08-17 01:18:39] >>> [EPOCH 09/80] Training Started <<<

Epoch 09/80 [Train]:   0%|          | 0/208 [00:00<?, ?it/s]
Epoch 09/80 [Train]:   0%|          | 0/208 [00:00<?, ?it/s, loss=1.235, acc=71.9%, lr=3.0e-04]
Epoch 09/80 [Train]:   0%|          | 0/208 [00:00<?, ?it/s, loss=2.066, acc=64.1%, lr=3.0e-04]
Epoch 09/80 [Train]:   0%|          | 0/208 [00:00<?, ?it/s, loss=1.283, acc=69.3%, lr=3.0e-04]
Epoch 09/80 [Train]:   1%|▏         | 3/208 [00:00<00:08, 25.55it/s, loss=1.283, acc=69.3%, lr=3.0e-04]
Epoch 09/80 [Train]:   1%|▏         | 3/208 [00:00<00:08, 25.55it/s, loss=1.639, acc=70.7%, lr=3.0e-04]
Epoch 09/80 [Train]:   1%|▏         | 3/208 [00:00<00:08, 25.55it/s, loss=1.492, acc=72.5%, lr=3.0e-04]
Epoch 09/80 [Train]:   1%|▏         | 3/208 [00:00<00:08, 25.55it/s, loss=1.339, acc=73.7%, lr=3.0e-04]
Epoch 09/80 [Train]:   3%|▎         | 6/208 [00:00<00:07, 25.48it/s, loss=1.339, acc=73.7%, lr=3.0e-04]
Epoch 09/80 [Train]:   3%|▎         | 6/208 [00:00<00:07, 25.48it/s, loss=1.525, acc=73.7%, lr=3.0e-04]
Epoch 09/80 [Train]:   3%|▎         | 6/208 [00:00<00:07, 25.48it/s, loss=1.133, acc=75.0%, lr=3.0e-04]
Epoch 09/80 [Train]:   3%|▎         | 6/208 [00:00<00:07, 25.48it/s, loss=1.966, acc=74.0%, lr=3.0e-04]
Epoch 09/80 [Train]:   4%|▍         | 9/208 [00:00<00:07, 25.34it/s, loss=1.966, acc=74.0%, lr=3.0e-04]
Epoch 09/80 [Train]:   4%|▍         | 9/208 [00:00<00:07, 25.34it/s, loss=1.378, acc=74.1%, lr=3.0e-04]
Epoch 09/80 [Train]:   4%|▍         | 9/208 [00:00<00:07, 25.34it/s, loss=1.739, acc=74.1%, lr=3.0e-04]
Epoch 09/80 [Train]:   4%|▍         | 9/208 [00:00<00:07, 25.34it/s, loss=1.432, acc=74.5%, lr=3.0e-04]
Epoch 09/80 [Train]:   6%|▌         | 12/208 [00:00<00:07, 25.26it/s, loss=1.432, acc=74.5%, lr=3.0e-04]
Epoch 09/80 [Train]:   6%|▌         | 12/208 [00:00<00:07, 25.26it/s, loss=1.348, acc=74.8%, lr=3.0e-04]
Epoch 09/80 [Train]:   6%|▌         | 12/208 [00:00<00:07, 25.26it/s, loss=1.640, acc=74.1%, lr=3.0e-04]
Epoch 09/80 [Train]:   6%|▌         | 12/208 [00:00<00:07, 25.26it/s, loss=1.745, acc=73.6%, lr=3.0e-04]
Epoch 09/80 [Train]:   7%|▋         | 15/208 [00:00<00:07, 25.38it/s, loss=1.745, acc=73.6%, lr=3.0e-04]
Epoch 09/80 [Train]:   7%|▋         | 15/208 [00:00<00:07, 25.38it/s, loss=1.381, acc=73.9%, lr=3.0e-04]
Epoch 09/80 [Train]:   7%|▋         | 15/208 [00:00<00:07, 25.38it/s, loss=1.466, acc=74.0%, lr=3.0e-04]
Epoch 09/80 [Train]:   7%|▋         | 15/208 [00:00<00:07, 25.38it/s, loss=1.628, acc=74.3%, lr=3.0e-04]
Epoch 09/80 [Train]:   9%|▊         | 18/208 [00:00<00:07, 25.28it/s, loss=1.628, acc=74.3%, lr=3.0e-04]
Epoch 09/80 [Train]:   9%|▊         | 18/208 [00:00<00:07, 25.28it/s, loss=1.712, acc=74.0%, lr=3.0e-04]
Epoch 09/80 [Train]:   9%|▊         | 18/208 [00:00<00:07, 25.28it/s, loss=1.591, acc=74.3%, lr=3.0e-04]
Epoch 09/80 [Train]:   9%|▊         | 18/208 [00:00<00:07, 25.28it/s, loss=1.559, acc=74.5%, lr=3.0e-04]
Epoch 09/80 [Train]:  10%|█         | 21/208 [00:00<00:07, 25.35it/s, loss=1.559, acc=74.5%, lr=3.0e-04]
Epoch 09/80 [Train]:  10%|█         | 21/208 [00:00<00:07, 25.35it/s, loss=1.304, acc=74.6%, lr=3.0e-04]
Epoch 09/80 [Train]:  10%|█         | 21/208 [00:00<00:07, 25.35it/s, loss=1.260, acc=74.9%, lr=3.0e-04]
Epoch 09/80 [Train]:  10%|█         | 21/208 [00:00<00:07, 25.35it/s, loss=1.649, acc=74.7%, lr=3.0e-04]
Epoch 09/80 [Train]:  12%|█▏        | 24/208 [00:00<00:07, 25.24it/s, loss=1.649, acc=74.7%, lr=3.0e-04]
Epoch 09/80 [Train]:  12%|█▏        | 24/208 [00:00<00:07, 25.24it/s, loss=1.807, acc=74.4%, lr=3.0e-04]
Epoch 09/80 [Train]:  12%|█▏        | 24/208 [00:01<00:07, 25.24it/s, loss=1.718, acc=74.1%, lr=3.0e-04]
Epoch 09/80 [Train]:  12%|█▏        | 24/208 [00:01<00:07, 25.24it/s, loss=1.451, acc=74.1%, lr=3.0e-04]
Epoch 09/80 [Train]:  13%|█▎        | 27/208 [00:01<00:07, 25.21it/s, loss=1.451, acc=74.1%, lr=3.0e-04]
Epoch 09/80 [Train]:  13%|█▎        | 27/208 [00:01<00:07, 25.21it/s, loss=1.402, acc=74.2%, lr=3.0e-04]
Epoch 09/80 [Train]:  13%|█▎        | 27/208 [00:01<00:07, 25.21it/s, loss=1.624, acc=73.9%, lr=3.0e-04]
Epoch 09/80 [Train]:  13%|█▎        | 27/208 [00:01<00:07, 25.21it/s, loss=1.498, acc=73.9%, lr=3.0e-04]
Epoch 09/80 [Train]:  14%|█▍        | 30/208 [00:01<00:07, 25.24it/s, loss=1.498, acc=73.9%, lr=3.0e-04]
Epoch 09/80 [Train]:  14%|█▍        | 30/208 [00:01<00:07, 25.24it/s, loss=2.049, acc=73.3%, lr=3.0e-04]
Epoch 09/80 [Train]:  14%|█▍        | 30/208 [00:01<00:07, 25.24it/s, loss=1.644, acc=73.0%, lr=3.0e-04]
Epoch 09/80 [Train]:  14%|█▍        | 30/208 [00:01<00:07, 25.24it/s, loss=1.520, acc=72.6%, lr=3.0e-04]
Epoch 09/80 [Train]:  16%|█▌        | 33/208 [00:01<00:06, 25.05it/s, loss=1.520, acc=72.6%, lr=3.0e-04]
Epoch 09/80 [Train]:  16%|█▌        | 33/208 [00:01<00:06, 25.05it/s, loss=1.554, acc=72.7%, lr=3.0e-04]
Epoch 09/80 [Train]:  16%|█▌        | 33/208 [00:01<00:06, 25.05it/s, loss=1.317, acc=73.0%, lr=3.0e-04]
Epoch 09/80 [Train]:  16%|█▌        | 33/208 [00:01<00:06, 25.05it/s, loss=1.500, acc=72.9%, lr=3.0e-04]
Epoch 09/80 [Train]:  17%|█▋        | 36/208 [00:01<00:06, 25.19it/s, loss=1.500, acc=72.9%, lr=3.0e-04]
Epoch 09/80 [Train]:  17%|█▋        | 36/208 [00:01<00:06, 25.19it/s, loss=1.555, acc=73.1%, lr=3.0e-04]
Epoch 09/80 [Train]:  17%|█▋        | 36/208 [00:01<00:06, 25.19it/s, loss=1.479, acc=73.1%, lr=3.0e-04]
Epoch 09/80 [Train]:  17%|█▋        | 36/208 [00:01<00:06, 25.19it/s, loss=1.594, acc=73.2%, lr=3.0e-04]
Epoch 09/80 [Train]:  19%|█▉        | 39/208 [00:01<00:06, 25.17it/s, loss=1.594, acc=73.2%, lr=3.0e-04]
Epoch 09/80 [Train]:  19%|█▉        | 39/208 [00:01<00:06, 25.17it/s, loss=1.373, acc=73.3%, lr=3.0e-04]
Epoch 09/80 [Train]:  19%|█▉        | 39/208 [00:01<00:06, 25.17it/s, loss=1.375, acc=73.3%, lr=3.0e-04]
Epoch 09/80 [Train]:  19%|█▉        | 39/208 [00:01<00:06, 25.17it/s, loss=1.327, acc=73.5%, lr=3.0e-04]
Epoch 09/80 [Train]:  20%|██        | 42/208 [00:01<00:06, 25.24it/s, loss=1.327, acc=73.5%, lr=3.0e-04]
Epoch 09/80 [Train]:  20%|██        | 42/208 [00:01<00:06, 25.24it/s, loss=1.786, acc=73.3%, lr=3.0e-04]
Epoch 09/80 [Train]:  20%|██        | 42/208 [00:01<00:06, 25.24it/s, loss=1.352, acc=73.3%, lr=3.0e-04]
Epoch 09/80 [Train]:  20%|██        | 42/208 [00:01<00:06, 25.24it/s, loss=1.566, acc=73.4%, lr=3.0e-04]
Epoch 09/80 [Train]:  22%|██▏       | 45/208 [00:01<00:06, 25.31it/s, loss=1.566, acc=73.4%, lr=3.0e-04]
Epoch 09/80 [Train]:  22%|██▏       | 45/208 [00:01<00:06, 25.31it/s, loss=1.476, acc=73.5%, lr=3.0e-04]
Epoch 09/80 [Train]:  22%|██▏       | 45/208 [00:01<00:06, 25.31it/s, loss=1.295, acc=73.5%, lr=3.0e-04]
Epoch 09/80 [Train]:  22%|██▏       | 45/208 [00:01<00:06, 25.31it/s, loss=0.962, acc=73.7%, lr=3.0e-04]
Epoch 09/80 [Train]:  23%|██▎       | 48/208 [00:01<00:06, 25.29it/s, loss=0.962, acc=73.7%, lr=3.0e-04]
Epoch 09/80 [Train]:  23%|██▎       | 48/208 [00:01<00:06, 25.29it/s, loss=1.655, acc=73.6%, lr=3.0e-04]
Epoch 09/80 [Train]:  23%|██▎       | 48/208 [00:01<00:06, 25.29it/s, loss=1.396, acc=73.6%, lr=3.0e-04]
Epoch 09/80 [Train]:  23%|██▎       | 48/208 [00:02<00:06, 25.29it/s, loss=1.259, acc=73.7%, lr=3.0e-04]
Epoch 09/80 [Train]:  25%|██▍       | 51/208 [00:02<00:06, 25.09it/s, loss=1.259, acc=73.7%, lr=3.0e-04]
Epoch 09/80 [Train]:  25%|██▍       | 51/208 [00:02<00:06, 25.09it/s, loss=1.721, acc=73.5%, lr=3.0e-04]
Epoch 09/80 [Train]:  25%|██▍       | 51/208 [00:02<00:06, 25.09it/s, loss=1.548, acc=73.5%, lr=3.0e-04]
Epoch 09/80 [Train]:  25%|██▍       | 51/208 [00:02<00:06, 25.09it/s, loss=1.344, acc=73.5%, lr=3.0e-04]
Epoch 09/80 [Train]:  26%|██▌       | 54/208 [00:02<00:06, 25.29it/s, loss=1.344, acc=73.5%, lr=3.0e-04]
Epoch 09/80 [Train]:  26%|██▌       | 54/208 [00:02<00:06, 25.29it/s, loss=1.299, acc=73.6%, lr=3.0e-04]
Epoch 09/80 [Train]:  26%|██▌       | 54/208 [00:02<00:06, 25.29it/s, loss=1.376, acc=73.7%, lr=3.0e-04]
Epoch 09/80 [Train]:  26%|██▌       | 54/208 [00:02<00:06, 25.29it/s, loss=1.977, acc=73.5%, lr=3.0e-04]
Epoch 09/80 [Train]:  27%|██▋       | 57/208 [00:02<00:05, 25.35it/s, loss=1.977, acc=73.5%, lr=3.0e-04]
Epoch 09/80 [Train]:  27%|██▋       | 57/208 [00:02<00:05, 25.35it/s, loss=1.742, acc=73.5%, lr=3.0e-04]
Epoch 09/80 [Train]:  27%|██▋       | 57/208 [00:02<00:05, 25.35it/s, loss=1.741, acc=73.4%, lr=3.0e-04]
Epoch 09/80 [Train]:  27%|██▋       | 57/208 [00:02<00:05, 25.35it/s, loss=1.397, acc=73.3%, lr=3.0e-04]
Epoch 09/80 [Train]:  29%|██▉       | 60/208 [00:02<00:05, 25.40it/s, loss=1.397, acc=73.3%, lr=3.0e-04]
Epoch 09/80 [Train]:  29%|██▉       | 60/208 [00:02<00:05, 25.40it/s, loss=1.316, acc=73.4%, lr=3.0e-04]
Epoch 09/80 [Train]:  29%|██▉       | 60/208 [00:02<00:05, 25.40it/s, loss=1.458, acc=73.3%, lr=3.0e-04]
Epoch 09/80 [Train]:  29%|██▉       | 60/208 [00:02<00:05, 25.40it/s, loss=1.349, acc=73.4%, lr=3.0e-04]
Epoch 09/80 [Train]:  30%|███       | 63/208 [00:02<00:05, 25.35it/s, loss=1.349, acc=73.4%, lr=3.0e-04]
Epoch 09/80 [Train]:  30%|███       | 63/208 [00:02<00:05, 25.35it/s, loss=1.546, acc=73.3%, lr=3.0e-04]
Epoch 09/80 [Train]:  30%|███       | 63/208 [00:02<00:05, 25.35it/s, loss=1.864, acc=73.3%, lr=3.0e-04]
Epoch 09/80 [Train]:  30%|███       | 63/208 [00:02<00:05, 25.35it/s, loss=1.303, acc=73.3%, lr=3.0e-04]
Epoch 09/80 [Train]:  32%|███▏      | 66/208 [00:02<00:05, 25.28it/s, loss=1.303, acc=73.3%, lr=3.0e-04]
Epoch 09/80 [Train]:  32%|███▏      | 66/208 [00:02<00:05, 25.28it/s, loss=1.426, acc=73.2%, lr=3.0e-04]
Epoch 09/80 [Train]:  32%|███▏      | 66/208 [00:02<00:05, 25.28it/s, loss=1.453, acc=73.2%, lr=3.0e-04]
Epoch 09/80 [Train]:  32%|███▏      | 66/208 [00:02<00:05, 25.28it/s, loss=1.566, acc=73.3%, lr=3.0e-04]
Epoch 09/80 [Train]:  33%|███▎      | 69/208 [00:02<00:05, 24.93it/s, loss=1.566, acc=73.3%, lr=3.0e-04]
Epoch 09/80 [Train]:  33%|███▎      | 69/208 [00:02<00:05, 24.93it/s, loss=1.443, acc=73.3%, lr=3.0e-04]
Epoch 09/80 [Train]:  33%|███▎      | 69/208 [00:02<00:05, 24.93it/s, loss=1.475, acc=73.3%, lr=3.0e-04]
Epoch 09/80 [Train]:  33%|███▎      | 69/208 [00:02<00:05, 24.93it/s, loss=1.545, acc=73.2%, lr=3.0e-04]
Epoch 09/80 [Train]:  35%|███▍      | 72/208 [00:02<00:05, 24.95it/s, loss=1.545, acc=73.2%, lr=3.0e-04]
Epoch 09/80 [Train]:  35%|███▍      | 72/208 [00:02<00:05, 24.95it/s, loss=1.141, acc=73.3%, lr=3.0e-04]
Epoch 09/80 [Train]:  35%|███▍      | 72/208 [00:02<00:05, 24.95it/s, loss=1.813, acc=73.1%, lr=3.0e-04]
Epoch 09/80 [Train]:  35%|███▍      | 72/208 [00:02<00:05, 24.95it/s, loss=1.413, acc=73.2%, lr=3.0e-04]
Epoch 09/80 [Train]:  36%|███▌      | 75/208 [00:02<00:05, 25.19it/s, loss=1.413, acc=73.2%, lr=3.0e-04]
Epoch 09/80 [Train]:  36%|███▌      | 75/208 [00:03<00:05, 25.19it/s, loss=1.357, acc=73.1%, lr=3.0e-04]
Epoch 09/80 [Train]:  36%|███▌      | 75/208 [00:03<00:05, 25.19it/s, loss=1.258, acc=73.2%, lr=3.0e-04]
Epoch 09/80 [Train]:  36%|███▌      | 75/208 [00:03<00:05, 25.19it/s, loss=1.443, acc=73.2%, lr=3.0e-04]
Epoch 09/80 [Train]:  38%|███▊      | 78/208 [00:03<00:05, 25.22it/s, loss=1.443, acc=73.2%, lr=3.0e-04]
Epoch 09/80 [Train]:  38%|███▊      | 78/208 [00:03<00:05, 25.22it/s, loss=1.316, acc=73.2%, lr=3.0e-04]
Epoch 09/80 [Train]:  38%|███▊      | 78/208 [00:03<00:05, 25.22it/s, loss=1.768, acc=73.2%, lr=3.0e-04]
Epoch 09/80 [Train]:  38%|███▊      | 78/208 [00:03<00:05, 25.22it/s, loss=1.138, acc=73.3%, lr=3.0e-04]
Epoch 09/80 [Train]:  39%|███▉      | 81/208 [00:03<00:05, 25.07it/s, loss=1.138, acc=73.3%, lr=3.0e-04]
Epoch 09/80 [Train]:  39%|███▉      | 81/208 [00:03<00:05, 25.07it/s, loss=1.467, acc=73.3%, lr=3.0e-04]
Epoch 09/80 [Train]:  39%|███▉      | 81/208 [00:03<00:05, 25.07it/s, loss=1.577, acc=73.2%, lr=3.0e-04]
Epoch 09/80 [Train]:  39%|███▉      | 81/208 [00:03<00:05, 25.07it/s, loss=1.616, acc=73.2%, lr=3.0e-04]
Epoch 09/80 [Train]:  40%|████      | 84/208 [00:03<00:04, 25.11it/s, loss=1.616, acc=73.2%, lr=3.0e-04]
Epoch 09/80 [Train]:  40%|████      | 84/208 [00:03<00:04, 25.11it/s, loss=1.421, acc=73.3%, lr=3.0e-04]
Epoch 09/80 [Train]:  40%|████      | 84/208 [00:03<00:04, 25.11it/s, loss=1.449, acc=73.4%, lr=3.0e-04]
Epoch 09/80 [Train]:  40%|████      | 84/208 [00:03<00:04, 25.11it/s, loss=1.455, acc=73.3%, lr=3.0e-04]
Epoch 09/80 [Train]:  42%|████▏     | 87/208 [00:03<00:04, 25.08it/s, loss=1.455, acc=73.3%, lr=3.0e-04]
Epoch 09/80 [Train]:  42%|████▏     | 87/208 [00:03<00:04, 25.08it/s, loss=1.228, acc=73.4%, lr=3.0e-04]
Epoch 09/80 [Train]:  42%|████▏     | 87/208 [00:03<00:04, 25.08it/s, loss=1.482, acc=73.4%, lr=3.0e-04]
Epoch 09/80 [Train]:  42%|████▏     | 87/208 [00:03<00:04, 25.08it/s, loss=1.354, acc=73.4%, lr=3.0e-04]
Epoch 09/80 [Train]:  43%|████▎     | 90/208 [00:03<00:04, 24.59it/s, loss=1.354, acc=73.4%, lr=3.0e-04]
Epoch 09/80 [Train]:  43%|████▎     | 90/208 [00:03<00:04, 24.59it/s, loss=1.428, acc=73.5%, lr=3.0e-04]
Epoch 09/80 [Train]:  43%|████▎     | 90/208 [00:03<00:04, 24.59it/s, loss=1.531, acc=73.5%, lr=3.0e-04]
Epoch 09/80 [Train]:  43%|████▎     | 90/208 [00:03<00:04, 24.59it/s, loss=1.910, acc=73.4%, lr=3.0e-04]
Epoch 09/80 [Train]:  45%|████▍     | 93/208 [00:03<00:04, 24.84it/s, loss=1.910, acc=73.4%, lr=3.0e-04]
Epoch 09/80 [Train]:  45%|████▍     | 93/208 [00:03<00:04, 24.84it/s, loss=1.382, acc=73.5%, lr=3.0e-04]
Epoch 09/80 [Train]:  45%|████▍     | 93/208 [00:03<00:04, 24.84it/s, loss=1.222, acc=73.6%, lr=3.0e-04]
Epoch 09/80 [Train]:  45%|████▍     | 93/208 [00:03<00:04, 24.84it/s, loss=1.434, acc=73.5%, lr=3.0e-04]
Epoch 09/80 [Train]:  46%|████▌     | 96/208 [00:03<00:04, 25.00it/s, loss=1.434, acc=73.5%, lr=3.0e-04]
Epoch 09/80 [Train]:  46%|████▌     | 96/208 [00:03<00:04, 25.00it/s, loss=1.325, acc=73.5%, lr=3.0e-04]
Epoch 09/80 [Train]:  46%|████▌     | 96/208 [00:03<00:04, 25.00it/s, loss=1.455, acc=73.6%, lr=3.0e-04]
Epoch 09/80 [Train]:  46%|████▌     | 96/208 [00:03<00:04, 25.00it/s, loss=1.800, acc=73.5%, lr=3.0e-04]
Epoch 09/80 [Train]:  48%|████▊     | 99/208 [00:03<00:04, 24.85it/s, loss=1.800, acc=73.5%, lr=3.0e-04]
Epoch 09/80 [Train]:  48%|████▊     | 99/208 [00:03<00:04, 24.85it/s, loss=1.510, acc=73.5%, lr=3.0e-04]
Epoch 09/80 [Train]:  48%|████▊     | 99/208 [00:04<00:04, 24.85it/s, loss=1.408, acc=73.5%, lr=3.0e-04]
Epoch 09/80 [Train]:  48%|████▊     | 99/208 [00:04<00:04, 24.85it/s, loss=1.558, acc=73.5%, lr=3.0e-04]
Epoch 09/80 [Train]:  49%|████▉     | 102/208 [00:04<00:04, 24.77it/s, loss=1.558, acc=73.5%, lr=3.0e-04]
Epoch 09/80 [Train]:  49%|████▉     | 102/208 [00:04<00:04, 24.77it/s, loss=1.664, acc=73.5%, lr=3.0e-04]
Epoch 09/80 [Train]:  49%|████▉     | 102/208 [00:04<00:04, 24.77it/s, loss=1.747, acc=73.4%, lr=3.0e-04]
Epoch 09/80 [Train]:  49%|████▉     | 102/208 [00:04<00:04, 24.77it/s, loss=1.302, acc=73.4%, lr=3.0e-04]
Epoch 09/80 [Train]:  50%|█████     | 105/208 [00:04<00:04, 24.91it/s, loss=1.302, acc=73.4%, lr=3.0e-04]
Epoch 09/80 [Train]:  50%|█████     | 105/208 [00:04<00:04, 24.91it/s, loss=1.503, acc=73.4%, lr=3.0e-04]
Epoch 09/80 [Train]:  50%|█████     | 105/208 [00:04<00:04, 24.91it/s, loss=1.309, acc=73.5%, lr=3.0e-04]
Epoch 09/80 [Train]:  50%|█████     | 105/208 [00:04<00:04, 24.91it/s, loss=1.649, acc=73.5%, lr=3.0e-04]
Epoch 09/80 [Train]:  52%|█████▏    | 108/208 [00:04<00:04, 24.93it/s, loss=1.649, acc=73.5%, lr=3.0e-04]
Epoch 09/80 [Train]:  52%|█████▏    | 108/208 [00:04<00:04, 24.93it/s, loss=1.601, acc=73.5%, lr=3.0e-04]
Epoch 09/80 [Train]:  52%|█████▏    | 108/208 [00:04<00:04, 24.93it/s, loss=1.207, acc=73.5%, lr=3.0e-04]
Epoch 09/80 [Train]:  52%|█████▏    | 108/208 [00:04<00:04, 24.93it/s, loss=1.734, acc=73.4%, lr=3.0e-04]
Epoch 09/80 [Train]:  53%|█████▎    | 111/208 [00:04<00:03, 25.12it/s, loss=1.734, acc=73.4%, lr=3.0e-04]
Epoch 09/80 [Train]:  53%|█████▎    | 111/208 [00:04<00:03, 25.12it/s, loss=1.569, acc=73.4%, lr=3.0e-04]
Epoch 09/80 [Train]:  53%|█████▎    | 111/208 [00:04<00:03, 25.12it/s, loss=1.525, acc=73.4%, lr=3.0e-04]
Epoch 09/80 [Train]:  53%|█████▎    | 111/208 [00:04<00:03, 25.12it/s, loss=1.571, acc=73.4%, lr=3.0e-04]
Epoch 09/80 [Train]:  55%|█████▍    | 114/208 [00:04<00:03, 25.25it/s, loss=1.571, acc=73.4%, lr=3.0e-04]
Epoch 09/80 [Train]:  55%|█████▍    | 114/208 [00:04<00:03, 25.25it/s, loss=1.530, acc=73.4%, lr=3.0e-04]
Epoch 09/80 [Train]:  55%|█████▍    | 114/208 [00:04<00:03, 25.25it/s, loss=1.421, acc=73.4%, lr=3.0e-04]
Epoch 09/80 [Train]:  55%|█████▍    | 114/208 [00:04<00:03, 25.25it/s, loss=1.567, acc=73.4%, lr=3.0e-04]
Epoch 09/80 [Train]:  56%|█████▋    | 117/208 [00:04<00:03, 25.22it/s, loss=1.567, acc=73.4%, lr=3.0e-04]
Epoch 09/80 [Train]:  56%|█████▋    | 117/208 [00:04<00:03, 25.22it/s, loss=1.354, acc=73.4%, lr=3.0e-04]
Epoch 09/80 [Train]:  56%|█████▋    | 117/208 [00:04<00:03, 25.22it/s, loss=1.409, acc=73.4%, lr=3.0e-04]
Epoch 09/80 [Train]:  56%|█████▋    | 117/208 [00:04<00:03, 25.22it/s, loss=1.549, acc=73.4%, lr=3.0e-04]
Epoch 09/80 [Train]:  58%|█████▊    | 120/208 [00:04<00:03, 25.28it/s, loss=1.549, acc=73.4%, lr=3.0e-04]
Epoch 09/80 [Train]:  58%|█████▊    | 120/208 [00:04<00:03, 25.28it/s, loss=1.723, acc=73.3%, lr=3.0e-04]
Epoch 09/80 [Train]:  58%|█████▊    | 120/208 [00:04<00:03, 25.28it/s, loss=1.271, acc=73.4%, lr=3.0e-04]
Epoch 09/80 [Train]:  58%|█████▊    | 120/208 [00:04<00:03, 25.28it/s, loss=1.500, acc=73.4%, lr=3.0e-04]
Epoch 09/80 [Train]:  59%|█████▉    | 123/208 [00:04<00:03, 25.40it/s, loss=1.500, acc=73.4%, lr=3.0e-04]
Epoch 09/80 [Train]:  59%|█████▉    | 123/208 [00:04<00:03, 25.40it/s, loss=1.594, acc=73.4%, lr=3.0e-04]
Epoch 09/80 [Train]:  59%|█████▉    | 123/208 [00:04<00:03, 25.40it/s, loss=1.260, acc=73.4%, lr=3.0e-04]
Epoch 09/80 [Train]:  59%|█████▉    | 123/208 [00:05<00:03, 25.40it/s, loss=1.873, acc=73.3%, lr=3.0e-04]
Epoch 09/80 [Train]:  61%|██████    | 126/208 [00:05<00:03, 25.56it/s, loss=1.873, acc=73.3%, lr=3.0e-04]
Epoch 09/80 [Train]:  61%|██████    | 126/208 [00:05<00:03, 25.56it/s, loss=1.639, acc=73.3%, lr=3.0e-04]
Epoch 09/80 [Train]:  61%|██████    | 126/208 [00:05<00:03, 25.56it/s, loss=1.265, acc=73.4%, lr=3.0e-04]
Epoch 09/80 [Train]:  61%|██████    | 126/208 [00:05<00:03, 25.56it/s, loss=1.727, acc=73.4%, lr=3.0e-04]
Epoch 09/80 [Train]:  62%|██████▏   | 129/208 [00:05<00:03, 25.57it/s, loss=1.727, acc=73.4%, lr=3.0e-04]
Epoch 09/80 [Train]:  62%|██████▏   | 129/208 [00:05<00:03, 25.57it/s, loss=1.547, acc=73.4%, lr=3.0e-04]
Epoch 09/80 [Train]:  62%|██████▏   | 129/208 [00:05<00:03, 25.57it/s, loss=1.383, acc=73.4%, lr=3.0e-04]
Epoch 09/80 [Train]:  62%|██████▏   | 129/208 [00:05<00:03, 25.57it/s, loss=1.491, acc=73.3%, lr=3.0e-04]
Epoch 09/80 [Train]:  63%|██████▎   | 132/208 [00:05<00:02, 25.68it/s, loss=1.491, acc=73.3%, lr=3.0e-04]
Epoch 09/80 [Train]:  63%|██████▎   | 132/208 [00:05<00:02, 25.68it/s, loss=1.406, acc=73.3%, lr=3.0e-04]
Epoch 09/80 [Train]:  63%|██████▎   | 132/208 [00:05<00:02, 25.68it/s, loss=1.263, acc=73.3%, lr=3.0e-04]
Epoch 09/80 [Train]:  63%|██████▎   | 132/208 [00:05<00:02, 25.68it/s, loss=1.339, acc=73.4%, lr=3.0e-04]
Epoch 09/80 [Train]:  65%|██████▍   | 135/208 [00:05<00:02, 25.50it/s, loss=1.339, acc=73.4%, lr=3.0e-04]
Epoch 09/80 [Train]:  65%|██████▍   | 135/208 [00:05<00:02, 25.50it/s, loss=1.516, acc=73.4%, lr=3.0e-04]
Epoch 09/80 [Train]:  65%|██████▍   | 135/208 [00:05<00:02, 25.50it/s, loss=1.499, acc=73.3%, lr=3.0e-04]
Epoch 09/80 [Train]:  65%|██████▍   | 135/208 [00:05<00:02, 25.50it/s, loss=1.241, acc=73.3%, lr=3.0e-04]
Epoch 09/80 [Train]:  66%|██████▋   | 138/208 [00:05<00:02, 25.26it/s, loss=1.241, acc=73.3%, lr=3.0e-04]
Epoch 09/80 [Train]:  66%|██████▋   | 138/208 [00:05<00:02, 25.26it/s, loss=1.410, acc=73.4%, lr=3.0e-04]
Epoch 09/80 [Train]:  66%|██████▋   | 138/208 [00:05<00:02, 25.26it/s, loss=1.568, acc=73.4%, lr=3.0e-04]
Epoch 09/80 [Train]:  66%|██████▋   | 138/208 [00:05<00:02, 25.26it/s, loss=1.543, acc=73.4%, lr=3.0e-04]
Epoch 09/80 [Train]:  68%|██████▊   | 141/208 [00:05<00:02, 25.49it/s, loss=1.543, acc=73.4%, lr=3.0e-04]
Epoch 09/80 [Train]:  68%|██████▊   | 141/208 [00:05<00:02, 25.49it/s, loss=1.374, acc=73.5%, lr=3.0e-04]
Epoch 09/80 [Train]:  68%|██████▊   | 141/208 [00:05<00:02, 25.49it/s, loss=1.235, acc=73.5%, lr=3.0e-04]
Epoch 09/80 [Train]:  68%|██████▊   | 141/208 [00:05<00:02, 25.49it/s, loss=1.340, acc=73.5%, lr=3.0e-04]
Epoch 09/80 [Train]:  69%|██████▉   | 144/208 [00:05<00:02, 25.29it/s, loss=1.340, acc=73.5%, lr=3.0e-04]
Epoch 09/80 [Train]:  69%|██████▉   | 144/208 [00:05<00:02, 25.29it/s, loss=1.568, acc=73.4%, lr=3.0e-04]
Epoch 09/80 [Train]:  69%|██████▉   | 144/208 [00:05<00:02, 25.29it/s, loss=1.560, acc=73.4%, lr=3.0e-04]
Epoch 09/80 [Train]:  69%|██████▉   | 144/208 [00:05<00:02, 25.29it/s, loss=1.472, acc=73.4%, lr=3.0e-04]
Epoch 09/80 [Train]:  71%|███████   | 147/208 [00:05<00:02, 25.44it/s, loss=1.472, acc=73.4%, lr=3.0e-04]
Epoch 09/80 [Train]:  71%|███████   | 147/208 [00:05<00:02, 25.44it/s, loss=1.698, acc=73.4%, lr=3.0e-04]
Epoch 09/80 [Train]:  71%|███████   | 147/208 [00:05<00:02, 25.44it/s, loss=1.411, acc=73.4%, lr=3.0e-04]
Epoch 09/80 [Train]:  71%|███████   | 147/208 [00:05<00:02, 25.44it/s, loss=1.285, acc=73.5%, lr=3.0e-04]
Epoch 09/80 [Train]:  72%|███████▏  | 150/208 [00:05<00:02, 25.50it/s, loss=1.285, acc=73.5%, lr=3.0e-04]
Epoch 09/80 [Train]:  72%|███████▏  | 150/208 [00:05<00:02, 25.50it/s, loss=1.455, acc=73.4%, lr=3.0e-04]
Epoch 09/80 [Train]:  72%|███████▏  | 150/208 [00:06<00:02, 25.50it/s, loss=1.617, acc=73.4%, lr=3.0e-04]
Epoch 09/80 [Train]:  72%|███████▏  | 150/208 [00:06<00:02, 25.50it/s, loss=1.278, acc=73.4%, lr=3.0e-04]
Epoch 09/80 [Train]:  74%|███████▎  | 153/208 [00:06<00:02, 25.54it/s, loss=1.278, acc=73.4%, lr=3.0e-04]
Epoch 09/80 [Train]:  74%|███████▎  | 153/208 [00:06<00:02, 25.54it/s, loss=1.659, acc=73.4%, lr=3.0e-04]
Epoch 09/80 [Train]:  74%|███████▎  | 153/208 [00:06<00:02, 25.54it/s, loss=1.433, acc=73.4%, lr=3.0e-04]
Epoch 09/80 [Train]:  74%|███████▎  | 153/208 [00:06<00:02, 25.54it/s, loss=1.565, acc=73.4%, lr=3.0e-04]
Epoch 09/80 [Train]:  75%|███████▌  | 156/208 [00:06<00:02, 25.58it/s, loss=1.565, acc=73.4%, lr=3.0e-04]
Epoch 09/80 [Train]:  75%|███████▌  | 156/208 [00:06<00:02, 25.58it/s, loss=1.334, acc=73.4%, lr=3.0e-04]
Epoch 09/80 [Train]:  75%|███████▌  | 156/208 [00:06<00:02, 25.58it/s, loss=1.349, acc=73.5%, lr=3.0e-04]
Epoch 09/80 [Train]:  75%|███████▌  | 156/208 [00:06<00:02, 25.58it/s, loss=1.654, acc=73.4%, lr=3.0e-04]
Epoch 09/80 [Train]:  76%|███████▋  | 159/208 [00:06<00:01, 25.71it/s, loss=1.654, acc=73.4%, lr=3.0e-04]
Epoch 09/80 [Train]:  76%|███████▋  | 159/208 [00:06<00:01, 25.71it/s, loss=1.660, acc=73.4%, lr=3.0e-04]
Epoch 09/80 [Train]:  76%|███████▋  | 159/208 [00:06<00:01, 25.71it/s, loss=1.185, acc=73.5%, lr=3.0e-04]
Epoch 09/80 [Train]:  76%|███████▋  | 159/208 [00:06<00:01, 25.71it/s, loss=1.130, acc=73.5%, lr=3.0e-04]
Epoch 09/80 [Train]:  78%|███████▊  | 162/208 [00:06<00:01, 25.55it/s, loss=1.130, acc=73.5%, lr=3.0e-04]
Epoch 09/80 [Train]:  78%|███████▊  | 162/208 [00:06<00:01, 25.55it/s, loss=1.350, acc=73.5%, lr=3.0e-04]
Epoch 09/80 [Train]:  78%|███████▊  | 162/208 [00:06<00:01, 25.55it/s, loss=1.275, acc=73.5%, lr=3.0e-04]
Epoch 09/80 [Train]:  78%|███████▊  | 162/208 [00:06<00:01, 25.55it/s, loss=1.537, acc=73.6%, lr=3.0e-04]
Epoch 09/80 [Train]:  79%|███████▉  | 165/208 [00:06<00:01, 25.64it/s, loss=1.537, acc=73.6%, lr=3.0e-04]
Epoch 09/80 [Train]:  79%|███████▉  | 165/208 [00:06<00:01, 25.64it/s, loss=1.347, acc=73.6%, lr=3.0e-04]
Epoch 09/80 [Train]:  79%|███████▉  | 165/208 [00:06<00:01, 25.64it/s, loss=1.249, acc=73.6%, lr=3.0e-04]
Epoch 09/80 [Train]:  79%|███████▉  | 165/208 [00:06<00:01, 25.64it/s, loss=1.387, acc=73.6%, lr=3.0e-04]
Epoch 09/80 [Train]:  81%|████████  | 168/208 [00:06<00:01, 25.54it/s, loss=1.387, acc=73.6%, lr=3.0e-04]
Epoch 09/80 [Train]:  81%|████████  | 168/208 [00:06<00:01, 25.54it/s, loss=1.337, acc=73.7%, lr=3.0e-04]
Epoch 09/80 [Train]:  81%|████████  | 168/208 [00:06<00:01, 25.54it/s, loss=1.780, acc=73.6%, lr=3.0e-04]
Epoch 09/80 [Train]:  81%|████████  | 168/208 [00:06<00:01, 25.54it/s, loss=1.305, acc=73.7%, lr=3.0e-04]
Epoch 09/80 [Train]:  82%|████████▏ | 171/208 [00:06<00:01, 25.55it/s, loss=1.305, acc=73.7%, lr=3.0e-04]
Epoch 09/80 [Train]:  82%|████████▏ | 171/208 [00:06<00:01, 25.55it/s, loss=1.354, acc=73.7%, lr=3.0e-04]
Epoch 09/80 [Train]:  82%|████████▏ | 171/208 [00:06<00:01, 25.55it/s, loss=1.532, acc=73.7%, lr=3.0e-04]
Epoch 09/80 [Train]:  82%|████████▏ | 171/208 [00:06<00:01, 25.55it/s, loss=1.564, acc=73.7%, lr=3.0e-04]
Epoch 09/80 [Train]:  84%|████████▎ | 174/208 [00:06<00:01, 25.54it/s, loss=1.564, acc=73.7%, lr=3.0e-04]
Epoch 09/80 [Train]:  84%|████████▎ | 174/208 [00:06<00:01, 25.54it/s, loss=1.562, acc=73.7%, lr=3.0e-04]
Epoch 09/80 [Train]:  84%|████████▎ | 174/208 [00:06<00:01, 25.54it/s, loss=1.587, acc=73.7%, lr=3.0e-04]
Epoch 09/80 [Train]:  84%|████████▎ | 174/208 [00:07<00:01, 25.54it/s, loss=1.460, acc=73.6%, lr=3.0e-04]
Epoch 09/80 [Train]:  85%|████████▌ | 177/208 [00:07<00:01, 25.08it/s, loss=1.460, acc=73.6%, lr=3.0e-04]
Epoch 09/80 [Train]:  85%|████████▌ | 177/208 [00:07<00:01, 25.08it/s, loss=1.642, acc=73.6%, lr=3.0e-04]
Epoch 09/80 [Train]:  85%|████████▌ | 177/208 [00:07<00:01, 25.08it/s, loss=1.308, acc=73.6%, lr=3.0e-04]
Epoch 09/80 [Train]:  85%|████████▌ | 177/208 [00:07<00:01, 25.08it/s, loss=1.719, acc=73.6%, lr=3.0e-04]
Epoch 09/80 [Train]:  87%|████████▋ | 180/208 [00:07<00:01, 25.32it/s, loss=1.719, acc=73.6%, lr=3.0e-04]
Epoch 09/80 [Train]:  87%|████████▋ | 180/208 [00:07<00:01, 25.32it/s, loss=1.426, acc=73.5%, lr=3.0e-04]
Epoch 09/80 [Train]:  87%|████████▋ | 180/208 [00:07<00:01, 25.32it/s, loss=1.430, acc=73.5%, lr=3.0e-04]
Epoch 09/80 [Train]:  87%|████████▋ | 180/208 [00:07<00:01, 25.32it/s, loss=1.387, acc=73.5%, lr=3.0e-04]
Epoch 09/80 [Train]:  88%|████████▊ | 183/208 [00:07<00:00, 25.37it/s, loss=1.387, acc=73.5%, lr=3.0e-04]
Epoch 09/80 [Train]:  88%|████████▊ | 183/208 [00:07<00:00, 25.37it/s, loss=1.702, acc=73.5%, lr=3.0e-04]
Epoch 09/80 [Train]:  88%|████████▊ | 183/208 [00:07<00:00, 25.37it/s, loss=1.159, acc=73.5%, lr=3.0e-04]
Epoch 09/80 [Train]:  88%|████████▊ | 183/208 [00:07<00:00, 25.37it/s, loss=1.211, acc=73.6%, lr=3.0e-04]
Epoch 09/80 [Train]:  89%|████████▉ | 186/208 [00:07<00:00, 25.40it/s, loss=1.211, acc=73.6%, lr=3.0e-04]
Epoch 09/80 [Train]:  89%|████████▉ | 186/208 [00:07<00:00, 25.40it/s, loss=1.347, acc=73.6%, lr=3.0e-04]
Epoch 09/80 [Train]:  89%|████████▉ | 186/208 [00:07<00:00, 25.40it/s, loss=1.517, acc=73.5%, lr=3.0e-04]
Epoch 09/80 [Train]:  89%|████████▉ | 186/208 [00:07<00:00, 25.40it/s, loss=1.497, acc=73.5%, lr=3.0e-04]
Epoch 09/80 [Train]:  91%|█████████ | 189/208 [00:07<00:00, 25.60it/s, loss=1.497, acc=73.5%, lr=3.0e-04]
Epoch 09/80 [Train]:  91%|█████████ | 189/208 [00:07<00:00, 25.60it/s, loss=1.170, acc=73.6%, lr=3.0e-04]
Epoch 09/80 [Train]:  91%|█████████ | 189/208 [00:07<00:00, 25.60it/s, loss=1.566, acc=73.5%, lr=3.0e-04]
Epoch 09/80 [Train]:  91%|█████████ | 189/208 [00:07<00:00, 25.60it/s, loss=1.367, acc=73.6%, lr=3.0e-04]
Epoch 09/80 [Train]:  92%|█████████▏| 192/208 [00:07<00:00, 25.54it/s, loss=1.367, acc=73.6%, lr=3.0e-04]
Epoch 09/80 [Train]:  92%|█████████▏| 192/208 [00:07<00:00, 25.54it/s, loss=1.263, acc=73.6%, lr=3.0e-04]
Epoch 09/80 [Train]:  92%|█████████▏| 192/208 [00:07<00:00, 25.54it/s, loss=1.608, acc=73.6%, lr=3.0e-04]
Epoch 09/80 [Train]:  92%|█████████▏| 192/208 [00:07<00:00, 25.54it/s, loss=1.375, acc=73.6%, lr=3.0e-04]
Epoch 09/80 [Train]:  94%|█████████▍| 195/208 [00:07<00:00, 25.63it/s, loss=1.375, acc=73.6%, lr=3.0e-04]
Epoch 09/80 [Train]:  94%|█████████▍| 195/208 [00:07<00:00, 25.63it/s, loss=1.472, acc=73.6%, lr=3.0e-04]
Epoch 09/80 [Train]:  94%|█████████▍| 195/208 [00:07<00:00, 25.63it/s, loss=1.214, acc=73.6%, lr=3.0e-04]
Epoch 09/80 [Train]:  94%|█████████▍| 195/208 [00:07<00:00, 25.63it/s, loss=1.507, acc=73.6%, lr=3.0e-04]
Epoch 09/80 [Train]:  95%|█████████▌| 198/208 [00:07<00:00, 25.59it/s, loss=1.507, acc=73.6%, lr=3.0e-04]
Epoch 09/80 [Train]:  95%|█████████▌| 198/208 [00:07<00:00, 25.59it/s, loss=1.351, acc=73.6%, lr=3.0e-04]
Epoch 09/80 [Train]:  95%|█████████▌| 198/208 [00:07<00:00, 25.59it/s, loss=1.666, acc=73.6%, lr=3.0e-04]
Epoch 09/80 [Train]:  95%|█████████▌| 198/208 [00:07<00:00, 25.59it/s, loss=1.260, acc=73.6%, lr=3.0e-04]
Epoch 09/80 [Train]:  97%|█████████▋| 201/208 [00:07<00:00, 25.40it/s, loss=1.260, acc=73.6%, lr=3.0e-04]
Epoch 09/80 [Train]:  97%|█████████▋| 201/208 [00:07<00:00, 25.40it/s, loss=1.822, acc=73.6%, lr=3.0e-04]
Epoch 09/80 [Train]:  97%|█████████▋| 201/208 [00:08<00:00, 25.40it/s, loss=1.599, acc=73.6%, lr=3.0e-04]
Epoch 09/80 [Train]:  97%|█████████▋| 201/208 [00:08<00:00, 25.40it/s, loss=1.535, acc=73.6%, lr=3.0e-04]
Epoch 09/80 [Train]:  98%|█████████▊| 204/208 [00:08<00:00, 25.37it/s, loss=1.535, acc=73.6%, lr=3.0e-04]
Epoch 09/80 [Train]:  98%|█████████▊| 204/208 [00:08<00:00, 25.37it/s, loss=1.851, acc=73.6%, lr=3.0e-04]
Epoch 09/80 [Train]:  98%|█████████▊| 204/208 [00:08<00:00, 25.37it/s, loss=1.322, acc=73.6%, lr=3.0e-04]
Epoch 09/80 [Train]:  98%|█████████▊| 204/208 [00:08<00:00, 25.37it/s, loss=1.752, acc=73.5%, lr=3.0e-04]
Epoch 09/80 [Train]: 100%|█████████▉| 207/208 [00:08<00:00, 24.73it/s, loss=1.752, acc=73.5%, lr=3.0e-04]
Epoch 09/80 [Train]: 100%|█████████▉| 207/208 [00:08<00:00, 24.73it/s, loss=1.430, acc=73.5%, lr=3.0e-04]
Epoch 09/80 [Train]: 100%|██████████| 208/208 [00:08<00:00, 25.31it/s, loss=1.430, acc=73.5%, lr=3.0e-04]

[2026-08-17 01:18:49] [EPOCH 09 SUMMARY]
  Train: Loss = 1.4821 | Top-1 Acc =  73.51%
  Val:   Top-1 Acc =   7.31% | Top-3 =  30.39% | Top-5 =  43.56%
         APL = 12.30 dB | Profile MAE =  2.51 dB (Rank Corr: 0.472)
  Time:  Epoch = 8.2s (Val Eval: 2.0s) | Total Elapsed = 00h:01m:25s | ETA: 00h:11m:15s
  -> [INFO] No improvement for 1/12 epochs (Best: 15.65%)

[2026-08-17 01:18:49] >>> [EPOCH 10/80] Training Started <<<

Epoch 10/80 [Train]:   0%|          | 0/208 [00:00<?, ?it/s]
Epoch 10/80 [Train]:   0%|          | 0/208 [00:00<?, ?it/s, loss=1.617, acc=67.2%, lr=3.0e-04]
Epoch 10/80 [Train]:   0%|          | 0/208 [00:00<?, ?it/s, loss=1.258, acc=71.9%, lr=3.0e-04]
Epoch 10/80 [Train]:   0%|          | 0/208 [00:00<?, ?it/s, loss=1.482, acc=73.4%, lr=3.0e-04]
Epoch 10/80 [Train]:   1%|▏         | 3/208 [00:00<00:08, 24.94it/s, loss=1.482, acc=73.4%, lr=3.0e-04]
Epoch 10/80 [Train]:   1%|▏         | 3/208 [00:00<00:08, 24.94it/s, loss=1.675, acc=75.4%, lr=3.0e-04]
Epoch 10/80 [Train]:   1%|▏         | 3/208 [00:00<00:08, 24.94it/s, loss=1.706, acc=74.7%, lr=3.0e-04]
Epoch 10/80 [Train]:   1%|▏         | 3/208 [00:00<00:08, 24.94it/s, loss=1.232, acc=76.3%, lr=3.0e-04]
Epoch 10/80 [Train]:   3%|▎         | 6/208 [00:00<00:07, 25.47it/s, loss=1.232, acc=76.3%, lr=3.0e-04]
Epoch 10/80 [Train]:   3%|▎         | 6/208 [00:00<00:07, 25.47it/s, loss=1.622, acc=75.9%, lr=3.0e-04]
Epoch 10/80 [Train]:   3%|▎         | 6/208 [00:00<00:07, 25.47it/s, loss=1.436, acc=76.6%, lr=3.0e-04]
Epoch 10/80 [Train]:   3%|▎         | 6/208 [00:00<00:07, 25.47it/s, loss=1.515, acc=76.2%, lr=3.0e-04]
Epoch 10/80 [Train]:   4%|▍         | 9/208 [00:00<00:07, 25.39it/s, loss=1.515, acc=76.2%, lr=3.0e-04]
Epoch 10/80 [Train]:   4%|▍         | 9/208 [00:00<00:07, 25.39it/s, loss=1.348, acc=76.6%, lr=3.0e-04]
Epoch 10/80 [Train]:   4%|▍         | 9/208 [00:00<00:07, 25.39it/s, loss=1.293, acc=76.8%, lr=3.0e-04]
Epoch 10/80 [Train]:   4%|▍         | 9/208 [00:00<00:07, 25.39it/s, loss=1.896, acc=76.2%, lr=3.0e-04]
Epoch 10/80 [Train]:   6%|▌         | 12/208 [00:00<00:07, 25.44it/s, loss=1.896, acc=76.2%, lr=3.0e-04]
Epoch 10/80 [Train]:   6%|▌         | 12/208 [00:00<00:07, 25.44it/s, loss=1.447, acc=75.8%, lr=3.0e-04]
Epoch 10/80 [Train]:   6%|▌         | 12/208 [00:00<00:07, 25.44it/s, loss=1.491, acc=75.6%, lr=3.0e-04]
Epoch 10/80 [Train]:   6%|▌         | 12/208 [00:00<00:07, 25.44it/s, loss=1.552, acc=75.1%, lr=3.0e-04]
Epoch 10/80 [Train]:   7%|▋         | 15/208 [00:00<00:07, 25.34it/s, loss=1.552, acc=75.1%, lr=3.0e-04]
Epoch 10/80 [Train]:   7%|▋         | 15/208 [00:00<00:07, 25.34it/s, loss=1.384, acc=75.1%, lr=3.0e-04]
Epoch 10/80 [Train]:   7%|▋         | 15/208 [00:00<00:07, 25.34it/s, loss=1.128, acc=75.7%, lr=3.0e-04]
Epoch 10/80 [Train]:   7%|▋         | 15/208 [00:00<00:07, 25.34it/s, loss=1.462, acc=75.5%, lr=3.0e-04]
Epoch 10/80 [Train]:   9%|▊         | 18/208 [00:00<00:07, 24.80it/s, loss=1.462, acc=75.5%, lr=3.0e-04]
Epoch 10/80 [Train]:   9%|▊         | 18/208 [00:00<00:07, 24.80it/s, loss=1.416, acc=75.3%, lr=3.0e-04]
Epoch 10/80 [Train]:   9%|▊         | 18/208 [00:00<00:07, 24.80it/s, loss=1.421, acc=75.4%, lr=3.0e-04]
Epoch 10/80 [Train]:   9%|▊         | 18/208 [00:00<00:07, 24.80it/s, loss=1.369, acc=75.0%, lr=3.0e-04]
Epoch 10/80 [Train]:  10%|█         | 21/208 [00:00<00:07, 24.80it/s, loss=1.369, acc=75.0%, lr=3.0e-04]
Epoch 10/80 [Train]:  10%|█         | 21/208 [00:00<00:07, 24.80it/s, loss=1.512, acc=74.4%, lr=3.0e-04]
Epoch 10/80 [Train]:  10%|█         | 21/208 [00:00<00:07, 24.80it/s, loss=1.587, acc=74.0%, lr=3.0e-04]
Epoch 10/80 [Train]:  10%|█         | 21/208 [00:00<00:07, 24.80it/s, loss=1.163, acc=74.3%, lr=3.0e-04]
Epoch 10/80 [Train]:  12%|█▏        | 24/208 [00:00<00:07, 25.03it/s, loss=1.163, acc=74.3%, lr=3.0e-04]
Epoch 10/80 [Train]:  12%|█▏        | 24/208 [00:00<00:07, 25.03it/s, loss=1.431, acc=74.3%, lr=3.0e-04]
Epoch 10/80 [Train]:  12%|█▏        | 24/208 [00:01<00:07, 25.03it/s, loss=1.548, acc=74.2%, lr=3.0e-04]
Epoch 10/80 [Train]:  12%|█▏        | 24/208 [00:01<00:07, 25.03it/s, loss=1.323, acc=74.3%, lr=3.0e-04]
Epoch 10/80 [Train]:  13%|█▎        | 27/208 [00:01<00:07, 25.13it/s, loss=1.323, acc=74.3%, lr=3.0e-04]
Epoch 10/80 [Train]:  13%|█▎        | 27/208 [00:01<00:07, 25.13it/s, loss=1.209, acc=74.5%, lr=3.0e-04]
Epoch 10/80 [Train]:  13%|█▎        | 27/208 [00:01<00:07, 25.13it/s, loss=1.351, acc=74.8%, lr=3.0e-04]
Epoch 10/80 [Train]:  13%|█▎        | 27/208 [00:01<00:07, 25.13it/s, loss=1.381, acc=75.1%, lr=3.0e-04]
Epoch 10/80 [Train]:  14%|█▍        | 30/208 [00:01<00:07, 25.13it/s, loss=1.381, acc=75.1%, lr=3.0e-04]
Epoch 10/80 [Train]:  14%|█▍        | 30/208 [00:01<00:07, 25.13it/s, loss=1.713, acc=74.7%, lr=3.0e-04]
Epoch 10/80 [Train]:  14%|█▍        | 30/208 [00:01<00:07, 25.13it/s, loss=1.609, acc=74.6%, lr=3.0e-04]
Epoch 10/80 [Train]:  14%|█▍        | 30/208 [00:01<00:07, 25.13it/s, loss=1.383, acc=74.9%, lr=3.0e-04]
Epoch 10/80 [Train]:  16%|█▌        | 33/208 [00:01<00:06, 25.24it/s, loss=1.383, acc=74.9%, lr=3.0e-04]
Epoch 10/80 [Train]:  16%|█▌        | 33/208 [00:01<00:06, 25.24it/s, loss=1.365, acc=74.8%, lr=3.0e-04]
Epoch 10/80 [Train]:  16%|█▌        | 33/208 [00:01<00:06, 25.24it/s, loss=1.488, acc=74.8%, lr=3.0e-04]
Epoch 10/80 [Train]:  16%|█▌        | 33/208 [00:01<00:06, 25.24it/s, loss=1.473, acc=74.8%, lr=3.0e-04]
Epoch 10/80 [Train]:  17%|█▋        | 36/208 [00:01<00:06, 25.33it/s, loss=1.473, acc=74.8%, lr=3.0e-04]
Epoch 10/80 [Train]:  17%|█▋        | 36/208 [00:01<00:06, 25.33it/s, loss=1.550, acc=74.9%, lr=3.0e-04]
Epoch 10/80 [Train]:  17%|█▋        | 36/208 [00:01<00:06, 25.33it/s, loss=1.455, acc=74.8%, lr=3.0e-04]
Epoch 10/80 [Train]:  17%|█▋        | 36/208 [00:01<00:06, 25.33it/s, loss=1.347, acc=75.0%, lr=3.0e-04]
Epoch 10/80 [Train]:  19%|█▉        | 39/208 [00:01<00:06, 25.30it/s, loss=1.347, acc=75.0%, lr=3.0e-04]
Epoch 10/80 [Train]:  19%|█▉        | 39/208 [00:01<00:06, 25.30it/s, loss=1.222, acc=75.2%, lr=3.0e-04]
Epoch 10/80 [Train]:  19%|█▉        | 39/208 [00:01<00:06, 25.30it/s, loss=1.552, acc=74.8%, lr=3.0e-04]
Epoch 10/80 [Train]:  19%|█▉        | 39/208 [00:01<00:06, 25.30it/s, loss=1.503, acc=74.7%, lr=3.0e-04]
Epoch 10/80 [Train]:  20%|██        | 42/208 [00:01<00:06, 24.89it/s, loss=1.503, acc=74.7%, lr=3.0e-04]
Epoch 10/80 [Train]:  20%|██        | 42/208 [00:01<00:06, 24.89it/s, loss=1.030, acc=74.7%, lr=3.0e-04]
Epoch 10/80 [Train]:  20%|██        | 42/208 [00:01<00:06, 24.89it/s, loss=1.617, acc=74.7%, lr=3.0e-04]
Epoch 10/80 [Train]:  20%|██        | 42/208 [00:01<00:06, 24.89it/s, loss=1.288, acc=74.7%, lr=3.0e-04]
Epoch 10/80 [Train]:  22%|██▏       | 45/208 [00:01<00:06, 25.02it/s, loss=1.288, acc=74.7%, lr=3.0e-04]
Epoch 10/80 [Train]:  22%|██▏       | 45/208 [00:01<00:06, 25.02it/s, loss=1.242, acc=74.8%, lr=3.0e-04]
Epoch 10/80 [Train]:  22%|██▏       | 45/208 [00:01<00:06, 25.02it/s, loss=1.535, acc=74.7%, lr=3.0e-04]
Epoch 10/80 [Train]:  22%|██▏       | 45/208 [00:01<00:06, 25.02it/s, loss=1.755, acc=74.6%, lr=3.0e-04]
Epoch 10/80 [Train]:  23%|██▎       | 48/208 [00:01<00:06, 25.04it/s, loss=1.755, acc=74.6%, lr=3.0e-04]
Epoch 10/80 [Train]:  23%|██▎       | 48/208 [00:01<00:06, 25.04it/s, loss=1.581, acc=74.4%, lr=3.0e-04]
Epoch 10/80 [Train]:  23%|██▎       | 48/208 [00:01<00:06, 25.04it/s, loss=1.126, acc=74.4%, lr=3.0e-04]
Epoch 10/80 [Train]:  23%|██▎       | 48/208 [00:02<00:06, 25.04it/s, loss=1.435, acc=74.4%, lr=3.0e-04]
Epoch 10/80 [Train]:  25%|██▍       | 51/208 [00:02<00:06, 25.04it/s, loss=1.435, acc=74.4%, lr=3.0e-04]
Epoch 10/80 [Train]:  25%|██▍       | 51/208 [00:02<00:06, 25.04it/s, loss=1.275, acc=74.5%, lr=3.0e-04]
Epoch 10/80 [Train]:  25%|██▍       | 51/208 [00:02<00:06, 25.04it/s, loss=1.319, acc=74.5%, lr=3.0e-04]
Epoch 10/80 [Train]:  25%|██▍       | 51/208 [00:02<00:06, 25.04it/s, loss=1.556, acc=74.6%, lr=3.0e-04]
Epoch 10/80 [Train]:  26%|██▌       | 54/208 [00:02<00:06, 25.28it/s, loss=1.556, acc=74.6%, lr=3.0e-04]
Epoch 10/80 [Train]:  26%|██▌       | 54/208 [00:02<00:06, 25.28it/s, loss=1.280, acc=74.6%, lr=3.0e-04]
Epoch 10/80 [Train]:  26%|██▌       | 54/208 [00:02<00:06, 25.28it/s, loss=1.339, acc=74.6%, lr=3.0e-04]
Epoch 10/80 [Train]:  26%|██▌       | 54/208 [00:02<00:06, 25.28it/s, loss=1.578, acc=74.6%, lr=3.0e-04]
Epoch 10/80 [Train]:  27%|██▋       | 57/208 [00:02<00:05, 25.37it/s, loss=1.578, acc=74.6%, lr=3.0e-04]
Epoch 10/80 [Train]:  27%|██▋       | 57/208 [00:02<00:05, 25.37it/s, loss=1.598, acc=74.5%, lr=3.0e-04]
Epoch 10/80 [Train]:  27%|██▋       | 57/208 [00:02<00:05, 25.37it/s, loss=1.367, acc=74.4%, lr=3.0e-04]
Epoch 10/80 [Train]:  27%|██▋       | 57/208 [00:02<00:05, 25.37it/s, loss=1.496, acc=74.5%, lr=3.0e-04]
Epoch 10/80 [Train]:  29%|██▉       | 60/208 [00:02<00:05, 25.40it/s, loss=1.496, acc=74.5%, lr=3.0e-04]
Epoch 10/80 [Train]:  29%|██▉       | 60/208 [00:02<00:05, 25.40it/s, loss=1.345, acc=74.5%, lr=3.0e-04]
Epoch 10/80 [Train]:  29%|██▉       | 60/208 [00:02<00:05, 25.40it/s, loss=1.478, acc=74.5%, lr=3.0e-04]
Epoch 10/80 [Train]:  29%|██▉       | 60/208 [00:02<00:05, 25.40it/s, loss=1.184, acc=74.7%, lr=3.0e-04]
Epoch 10/80 [Train]:  30%|███       | 63/208 [00:02<00:05, 25.23it/s, loss=1.184, acc=74.7%, lr=3.0e-04]
Epoch 10/80 [Train]:  30%|███       | 63/208 [00:02<00:05, 25.23it/s, loss=1.355, acc=74.7%, lr=3.0e-04]
Epoch 10/80 [Train]:  30%|███       | 63/208 [00:02<00:05, 25.23it/s, loss=1.573, acc=74.8%, lr=3.0e-04]
Epoch 10/80 [Train]:  30%|███       | 63/208 [00:02<00:05, 25.23it/s, loss=1.562, acc=74.7%, lr=3.0e-04]
Epoch 10/80 [Train]:  32%|███▏      | 66/208 [00:02<00:05, 25.14it/s, loss=1.562, acc=74.7%, lr=3.0e-04]
Epoch 10/80 [Train]:  32%|███▏      | 66/208 [00:02<00:05, 25.14it/s, loss=1.078, acc=74.7%, lr=3.0e-04]
Epoch 10/80 [Train]:  32%|███▏      | 66/208 [00:02<00:05, 25.14it/s, loss=1.276, acc=74.8%, lr=3.0e-04]
Epoch 10/80 [Train]:  32%|███▏      | 66/208 [00:02<00:05, 25.14it/s, loss=1.771, acc=74.6%, lr=3.0e-04]
Epoch 10/80 [Train]:  33%|███▎      | 69/208 [00:02<00:05, 25.12it/s, loss=1.771, acc=74.6%, lr=3.0e-04]
Epoch 10/80 [Train]:  33%|███▎      | 69/208 [00:02<00:05, 25.12it/s, loss=1.502, acc=74.6%, lr=3.0e-04]
Epoch 10/80 [Train]:  33%|███▎      | 69/208 [00:02<00:05, 25.12it/s, loss=1.436, acc=74.6%, lr=3.0e-04]
Epoch 10/80 [Train]:  33%|███▎      | 69/208 [00:02<00:05, 25.12it/s, loss=1.364, acc=74.6%, lr=3.0e-04]
Epoch 10/80 [Train]:  35%|███▍      | 72/208 [00:02<00:05, 24.99it/s, loss=1.364, acc=74.6%, lr=3.0e-04]
Epoch 10/80 [Train]:  35%|███▍      | 72/208 [00:02<00:05, 24.99it/s, loss=1.440, acc=74.7%, lr=3.0e-04]
Epoch 10/80 [Train]:  35%|███▍      | 72/208 [00:02<00:05, 24.99it/s, loss=1.516, acc=74.7%, lr=3.0e-04]
Epoch 10/80 [Train]:  35%|███▍      | 72/208 [00:02<00:05, 24.99it/s, loss=1.216, acc=74.7%, lr=3.0e-04]
Epoch 10/80 [Train]:  36%|███▌      | 75/208 [00:02<00:05, 25.08it/s, loss=1.216, acc=74.7%, lr=3.0e-04]
Epoch 10/80 [Train]:  36%|███▌      | 75/208 [00:03<00:05, 25.08it/s, loss=1.548, acc=74.7%, lr=3.0e-04]
Epoch 10/80 [Train]:  36%|███▌      | 75/208 [00:03<00:05, 25.08it/s, loss=1.792, acc=74.6%, lr=3.0e-04]
Epoch 10/80 [Train]:  36%|███▌      | 75/208 [00:03<00:05, 25.08it/s, loss=1.462, acc=74.6%, lr=3.0e-04]
Epoch 10/80 [Train]:  38%|███▊      | 78/208 [00:03<00:05, 25.16it/s, loss=1.462, acc=74.6%, lr=3.0e-04]
Epoch 10/80 [Train]:  38%|███▊      | 78/208 [00:03<00:05, 25.16it/s, loss=1.801, acc=74.5%, lr=3.0e-04]
Epoch 10/80 [Train]:  38%|███▊      | 78/208 [00:03<00:05, 25.16it/s, loss=1.187, acc=74.5%, lr=3.0e-04]
Epoch 10/80 [Train]:  38%|███▊      | 78/208 [00:03<00:05, 25.16it/s, loss=1.448, acc=74.5%, lr=3.0e-04]
Epoch 10/80 [Train]:  39%|███▉      | 81/208 [00:03<00:05, 25.17it/s, loss=1.448, acc=74.5%, lr=3.0e-04]
Epoch 10/80 [Train]:  39%|███▉      | 81/208 [00:03<00:05, 25.17it/s, loss=1.399, acc=74.5%, lr=3.0e-04]
Epoch 10/80 [Train]:  39%|███▉      | 81/208 [00:03<00:05, 25.17it/s, loss=1.586, acc=74.4%, lr=3.0e-04]
Epoch 10/80 [Train]:  39%|███▉      | 81/208 [00:03<00:05, 25.17it/s, loss=1.302, acc=74.5%, lr=3.0e-04]
Epoch 10/80 [Train]:  40%|████      | 84/208 [00:03<00:04, 24.96it/s, loss=1.302, acc=74.5%, lr=3.0e-04]
Epoch 10/80 [Train]:  40%|████      | 84/208 [00:03<00:04, 24.96it/s, loss=1.229, acc=74.5%, lr=3.0e-04]
Epoch 10/80 [Train]:  40%|████      | 84/208 [00:03<00:04, 24.96it/s, loss=1.572, acc=74.4%, lr=3.0e-04]
Epoch 10/80 [Train]:  40%|████      | 84/208 [00:03<00:04, 24.96it/s, loss=1.194, acc=74.5%, lr=3.0e-04]
Epoch 10/80 [Train]:  42%|████▏     | 87/208 [00:03<00:04, 25.04it/s, loss=1.194, acc=74.5%, lr=3.0e-04]
Epoch 10/80 [Train]:  42%|████▏     | 87/208 [00:03<00:04, 25.04it/s, loss=1.493, acc=74.5%, lr=3.0e-04]
Epoch 10/80 [Train]:  42%|████▏     | 87/208 [00:03<00:04, 25.04it/s, loss=1.368, acc=74.5%, lr=3.0e-04]
Epoch 10/80 [Train]:  42%|████▏     | 87/208 [00:03<00:04, 25.04it/s, loss=1.432, acc=74.5%, lr=3.0e-04]
Epoch 10/80 [Train]:  43%|████▎     | 90/208 [00:03<00:04, 24.67it/s, loss=1.432, acc=74.5%, lr=3.0e-04]
Epoch 10/80 [Train]:  43%|████▎     | 90/208 [00:03<00:04, 24.67it/s, loss=1.317, acc=74.5%, lr=3.0e-04]
Epoch 10/80 [Train]:  43%|████▎     | 90/208 [00:03<00:04, 24.67it/s, loss=1.667, acc=74.4%, lr=3.0e-04]
Epoch 10/80 [Train]:  43%|████▎     | 90/208 [00:03<00:04, 24.67it/s, loss=1.341, acc=74.5%, lr=3.0e-04]
Epoch 10/80 [Train]:  45%|████▍     | 93/208 [00:03<00:04, 24.84it/s, loss=1.341, acc=74.5%, lr=3.0e-04]
Epoch 10/80 [Train]:  45%|████▍     | 93/208 [00:03<00:04, 24.84it/s, loss=1.616, acc=74.4%, lr=3.0e-04]
Epoch 10/80 [Train]:  45%|████▍     | 93/208 [00:03<00:04, 24.84it/s, loss=1.775, acc=74.3%, lr=3.0e-04]
Epoch 10/80 [Train]:  45%|████▍     | 93/208 [00:03<00:04, 24.84it/s, loss=1.349, acc=74.4%, lr=3.0e-04]
Epoch 10/80 [Train]:  46%|████▌     | 96/208 [00:03<00:04, 24.85it/s, loss=1.349, acc=74.4%, lr=3.0e-04]
Epoch 10/80 [Train]:  46%|████▌     | 96/208 [00:03<00:04, 24.85it/s, loss=1.679, acc=74.3%, lr=3.0e-04]
Epoch 10/80 [Train]:  46%|████▌     | 96/208 [00:03<00:04, 24.85it/s, loss=1.947, acc=74.2%, lr=3.0e-04]
Epoch 10/80 [Train]:  46%|████▌     | 96/208 [00:03<00:04, 24.85it/s, loss=1.277, acc=74.2%, lr=3.0e-04]
Epoch 10/80 [Train]:  48%|████▊     | 99/208 [00:03<00:04, 25.08it/s, loss=1.277, acc=74.2%, lr=3.0e-04]
Epoch 10/80 [Train]:  48%|████▊     | 99/208 [00:03<00:04, 25.08it/s, loss=1.076, acc=74.3%, lr=3.0e-04]
Epoch 10/80 [Train]:  48%|████▊     | 99/208 [00:04<00:04, 25.08it/s, loss=1.534, acc=74.3%, lr=3.0e-04]
Epoch 10/80 [Train]:  48%|████▊     | 99/208 [00:04<00:04, 25.08it/s, loss=1.244, acc=74.3%, lr=3.0e-04]
Epoch 10/80 [Train]:  49%|████▉     | 102/208 [00:04<00:04, 25.26it/s, loss=1.244, acc=74.3%, lr=3.0e-04]
Epoch 10/80 [Train]:  49%|████▉     | 102/208 [00:04<00:04, 25.26it/s, loss=1.445, acc=74.3%, lr=3.0e-04]
Epoch 10/80 [Train]:  49%|████▉     | 102/208 [00:04<00:04, 25.26it/s, loss=1.438, acc=74.2%, lr=3.0e-04]
Epoch 10/80 [Train]:  49%|████▉     | 102/208 [00:04<00:04, 25.26it/s, loss=1.356, acc=74.3%, lr=3.0e-04]
Epoch 10/80 [Train]:  50%|█████     | 105/208 [00:04<00:04, 25.36it/s, loss=1.356, acc=74.3%, lr=3.0e-04]
Epoch 10/80 [Train]:  50%|█████     | 105/208 [00:04<00:04, 25.36it/s, loss=1.502, acc=74.3%, lr=3.0e-04]
Epoch 10/80 [Train]:  50%|█████     | 105/208 [00:04<00:04, 25.36it/s, loss=1.322, acc=74.2%, lr=3.0e-04]
Epoch 10/80 [Train]:  50%|█████     | 105/208 [00:04<00:04, 25.36it/s, loss=1.365, acc=74.2%, lr=3.0e-04]
Epoch 10/80 [Train]:  52%|█████▏    | 108/208 [00:04<00:03, 25.16it/s, loss=1.365, acc=74.2%, lr=3.0e-04]
Epoch 10/80 [Train]:  52%|█████▏    | 108/208 [00:04<00:03, 25.16it/s, loss=1.577, acc=74.2%, lr=3.0e-04]
Epoch 10/80 [Train]:  52%|█████▏    | 108/208 [00:04<00:03, 25.16it/s, loss=1.570, acc=74.1%, lr=3.0e-04]
Epoch 10/80 [Train]:  52%|█████▏    | 108/208 [00:04<00:03, 25.16it/s, loss=1.403, acc=74.1%, lr=3.0e-04]
Epoch 10/80 [Train]:  53%|█████▎    | 111/208 [00:04<00:03, 25.26it/s, loss=1.403, acc=74.1%, lr=3.0e-04]
Epoch 10/80 [Train]:  53%|█████▎    | 111/208 [00:04<00:03, 25.26it/s, loss=1.367, acc=74.1%, lr=3.0e-04]
Epoch 10/80 [Train]:  53%|█████▎    | 111/208 [00:04<00:03, 25.26it/s, loss=1.368, acc=74.0%, lr=3.0e-04]
Epoch 10/80 [Train]:  53%|█████▎    | 111/208 [00:04<00:03, 25.26it/s, loss=1.333, acc=74.0%, lr=3.0e-04]
Epoch 10/80 [Train]:  55%|█████▍    | 114/208 [00:04<00:03, 25.35it/s, loss=1.333, acc=74.0%, lr=3.0e-04]
Epoch 10/80 [Train]:  55%|█████▍    | 114/208 [00:04<00:03, 25.35it/s, loss=1.402, acc=74.0%, lr=3.0e-04]
Epoch 10/80 [Train]:  55%|█████▍    | 114/208 [00:04<00:03, 25.35it/s, loss=1.304, acc=74.0%, lr=3.0e-04]
Epoch 10/80 [Train]:  55%|█████▍    | 114/208 [00:04<00:03, 25.35it/s, loss=1.281, acc=74.1%, lr=3.0e-04]
Epoch 10/80 [Train]:  56%|█████▋    | 117/208 [00:04<00:03, 25.54it/s, loss=1.281, acc=74.1%, lr=3.0e-04]
Epoch 10/80 [Train]:  56%|█████▋    | 117/208 [00:04<00:03, 25.54it/s, loss=1.509, acc=74.0%, lr=3.0e-04]
Epoch 10/80 [Train]:  56%|█████▋    | 117/208 [00:04<00:03, 25.54it/s, loss=1.188, acc=74.1%, lr=3.0e-04]
Epoch 10/80 [Train]:  56%|█████▋    | 117/208 [00:04<00:03, 25.54it/s, loss=1.006, acc=74.1%, lr=3.0e-04]
Epoch 10/80 [Train]:  58%|█████▊    | 120/208 [00:04<00:03, 25.66it/s, loss=1.006, acc=74.1%, lr=3.0e-04]
Epoch 10/80 [Train]:  58%|█████▊    | 120/208 [00:04<00:03, 25.66it/s, loss=1.600, acc=74.1%, lr=3.0e-04]
Epoch 10/80 [Train]:  58%|█████▊    | 120/208 [00:04<00:03, 25.66it/s, loss=1.354, acc=74.1%, lr=3.0e-04]
Epoch 10/80 [Train]:  58%|█████▊    | 120/208 [00:04<00:03, 25.66it/s, loss=1.465, acc=74.1%, lr=3.0e-04]
Epoch 10/80 [Train]:  59%|█████▉    | 123/208 [00:04<00:03, 25.54it/s, loss=1.465, acc=74.1%, lr=3.0e-04]
Epoch 10/80 [Train]:  59%|█████▉    | 123/208 [00:04<00:03, 25.54it/s, loss=1.158, acc=74.1%, lr=3.0e-04]
Epoch 10/80 [Train]:  59%|█████▉    | 123/208 [00:04<00:03, 25.54it/s, loss=1.479, acc=74.1%, lr=3.0e-04]
Epoch 10/80 [Train]:  59%|█████▉    | 123/208 [00:05<00:03, 25.54it/s, loss=1.234, acc=74.1%, lr=3.0e-04]
Epoch 10/80 [Train]:  61%|██████    | 126/208 [00:05<00:03, 25.54it/s, loss=1.234, acc=74.1%, lr=3.0e-04]
Epoch 10/80 [Train]:  61%|██████    | 126/208 [00:05<00:03, 25.54it/s, loss=1.695, acc=74.0%, lr=3.0e-04]
Epoch 10/80 [Train]:  61%|██████    | 126/208 [00:05<00:03, 25.54it/s, loss=1.128, acc=74.0%, lr=3.0e-04]
Epoch 10/80 [Train]:  61%|██████    | 126/208 [00:05<00:03, 25.54it/s, loss=1.379, acc=74.0%, lr=3.0e-04]
Epoch 10/80 [Train]:  62%|██████▏   | 129/208 [00:05<00:03, 25.25it/s, loss=1.379, acc=74.0%, lr=3.0e-04]
Epoch 10/80 [Train]:  62%|██████▏   | 129/208 [00:05<00:03, 25.25it/s, loss=1.436, acc=74.0%, lr=3.0e-04]
Epoch 10/80 [Train]:  62%|██████▏   | 129/208 [00:05<00:03, 25.25it/s, loss=1.400, acc=74.0%, lr=3.0e-04]
Epoch 10/80 [Train]:  62%|██████▏   | 129/208 [00:05<00:03, 25.25it/s, loss=1.372, acc=74.0%, lr=3.0e-04]
Epoch 10/80 [Train]:  63%|██████▎   | 132/208 [00:05<00:02, 25.35it/s, loss=1.372, acc=74.0%, lr=3.0e-04]
Epoch 10/80 [Train]:  63%|██████▎   | 132/208 [00:05<00:02, 25.35it/s, loss=1.552, acc=74.0%, lr=3.0e-04]
Epoch 10/80 [Train]:  63%|██████▎   | 132/208 [00:05<00:02, 25.35it/s, loss=1.301, acc=74.0%, lr=3.0e-04]
Epoch 10/80 [Train]:  63%|██████▎   | 132/208 [00:05<00:02, 25.35it/s, loss=1.451, acc=74.0%, lr=3.0e-04]
Epoch 10/80 [Train]:  65%|██████▍   | 135/208 [00:05<00:02, 25.32it/s, loss=1.451, acc=74.0%, lr=3.0e-04]
Epoch 10/80 [Train]:  65%|██████▍   | 135/208 [00:05<00:02, 25.32it/s, loss=1.392, acc=74.0%, lr=3.0e-04]
Epoch 10/80 [Train]:  65%|██████▍   | 135/208 [00:05<00:02, 25.32it/s, loss=1.714, acc=74.0%, lr=3.0e-04]
Epoch 10/80 [Train]:  65%|██████▍   | 135/208 [00:05<00:02, 25.32it/s, loss=1.298, acc=74.0%, lr=3.0e-04]
Epoch 10/80 [Train]:  66%|██████▋   | 138/208 [00:05<00:02, 25.47it/s, loss=1.298, acc=74.0%, lr=3.0e-04]
Epoch 10/80 [Train]:  66%|██████▋   | 138/208 [00:05<00:02, 25.47it/s, loss=1.311, acc=74.0%, lr=3.0e-04]
Epoch 10/80 [Train]:  66%|██████▋   | 138/208 [00:05<00:02, 25.47it/s, loss=1.289, acc=74.0%, lr=3.0e-04]
Epoch 10/80 [Train]:  66%|██████▋   | 138/208 [00:05<00:02, 25.47it/s, loss=1.608, acc=74.0%, lr=3.0e-04]
Epoch 10/80 [Train]:  68%|██████▊   | 141/208 [00:05<00:02, 25.47it/s, loss=1.608, acc=74.0%, lr=3.0e-04]
Epoch 10/80 [Train]:  68%|██████▊   | 141/208 [00:05<00:02, 25.47it/s, loss=1.644, acc=73.9%, lr=3.0e-04]
Epoch 10/80 [Train]:  68%|██████▊   | 141/208 [00:05<00:02, 25.47it/s, loss=1.472, acc=73.8%, lr=3.0e-04]
Epoch 10/80 [Train]:  68%|██████▊   | 141/208 [00:05<00:02, 25.47it/s, loss=1.344, acc=73.9%, lr=3.0e-04]
Epoch 10/80 [Train]:  69%|██████▉   | 144/208 [00:05<00:02, 25.15it/s, loss=1.344, acc=73.9%, lr=3.0e-04]
Epoch 10/80 [Train]:  69%|██████▉   | 144/208 [00:05<00:02, 25.15it/s, loss=1.382, acc=73.8%, lr=3.0e-04]
Epoch 10/80 [Train]:  69%|██████▉   | 144/208 [00:05<00:02, 25.15it/s, loss=1.442, acc=73.9%, lr=3.0e-04]
Epoch 10/80 [Train]:  69%|██████▉   | 144/208 [00:05<00:02, 25.15it/s, loss=1.426, acc=73.8%, lr=3.0e-04]
Epoch 10/80 [Train]:  71%|███████   | 147/208 [00:05<00:02, 25.08it/s, loss=1.426, acc=73.8%, lr=3.0e-04]
Epoch 10/80 [Train]:  71%|███████   | 147/208 [00:05<00:02, 25.08it/s, loss=1.427, acc=73.9%, lr=3.0e-04]
Epoch 10/80 [Train]:  71%|███████   | 147/208 [00:05<00:02, 25.08it/s, loss=1.479, acc=73.8%, lr=3.0e-04]
Epoch 10/80 [Train]:  71%|███████   | 147/208 [00:05<00:02, 25.08it/s, loss=1.113, acc=73.9%, lr=3.0e-04]
Epoch 10/80 [Train]:  72%|███████▏  | 150/208 [00:05<00:02, 24.76it/s, loss=1.113, acc=73.9%, lr=3.0e-04]
Epoch 10/80 [Train]:  72%|███████▏  | 150/208 [00:06<00:02, 24.76it/s, loss=1.324, acc=73.9%, lr=3.0e-04]
Epoch 10/80 [Train]:  72%|███████▏  | 150/208 [00:06<00:02, 24.76it/s, loss=1.291, acc=73.9%, lr=3.0e-04]
Epoch 10/80 [Train]:  72%|███████▏  | 150/208 [00:06<00:02, 24.76it/s, loss=1.299, acc=74.0%, lr=3.0e-04]
Epoch 10/80 [Train]:  74%|███████▎  | 153/208 [00:06<00:02, 24.89it/s, loss=1.299, acc=74.0%, lr=3.0e-04]
Epoch 10/80 [Train]:  74%|███████▎  | 153/208 [00:06<00:02, 24.89it/s, loss=1.310, acc=74.0%, lr=3.0e-04]
Epoch 10/80 [Train]:  74%|███████▎  | 153/208 [00:06<00:02, 24.89it/s, loss=1.481, acc=74.0%, lr=3.0e-04]
Epoch 10/80 [Train]:  74%|███████▎  | 153/208 [00:06<00:02, 24.89it/s, loss=1.125, acc=74.0%, lr=3.0e-04]
Epoch 10/80 [Train]:  75%|███████▌  | 156/208 [00:06<00:02, 24.97it/s, loss=1.125, acc=74.0%, lr=3.0e-04]
Epoch 10/80 [Train]:  75%|███████▌  | 156/208 [00:06<00:02, 24.97it/s, loss=1.433, acc=74.0%, lr=3.0e-04]
Epoch 10/80 [Train]:  75%|███████▌  | 156/208 [00:06<00:02, 24.97it/s, loss=1.168, acc=74.0%, lr=3.0e-04]
Epoch 10/80 [Train]:  75%|███████▌  | 156/208 [00:06<00:02, 24.97it/s, loss=1.217, acc=74.0%, lr=3.0e-04]
Epoch 10/80 [Train]:  76%|███████▋  | 159/208 [00:06<00:01, 24.89it/s, loss=1.217, acc=74.0%, lr=3.0e-04]
Epoch 10/80 [Train]:  76%|███████▋  | 159/208 [00:06<00:01, 24.89it/s, loss=1.568, acc=74.0%, lr=3.0e-04]
Epoch 10/80 [Train]:  76%|███████▋  | 159/208 [00:06<00:01, 24.89it/s, loss=1.447, acc=74.0%, lr=3.0e-04]
Epoch 10/80 [Train]:  76%|███████▋  | 159/208 [00:06<00:01, 24.89it/s, loss=1.468, acc=74.0%, lr=3.0e-04]
Epoch 10/80 [Train]:  78%|███████▊  | 162/208 [00:06<00:01, 24.99it/s, loss=1.468, acc=74.0%, lr=3.0e-04]
Epoch 10/80 [Train]:  78%|███████▊  | 162/208 [00:06<00:01, 24.99it/s, loss=1.483, acc=74.0%, lr=3.0e-04]
Epoch 10/80 [Train]:  78%|███████▊  | 162/208 [00:06<00:01, 24.99it/s, loss=1.250, acc=74.0%, lr=3.0e-04]
Epoch 10/80 [Train]:  78%|███████▊  | 162/208 [00:06<00:01, 24.99it/s, loss=1.366, acc=74.0%, lr=3.0e-04]
Epoch 10/80 [Train]:  79%|███████▉  | 165/208 [00:06<00:01, 25.23it/s, loss=1.366, acc=74.0%, lr=3.0e-04]
Epoch 10/80 [Train]:  79%|███████▉  | 165/208 [00:06<00:01, 25.23it/s, loss=1.401, acc=74.0%, lr=3.0e-04]
Epoch 10/80 [Train]:  79%|███████▉  | 165/208 [00:06<00:01, 25.23it/s, loss=1.755, acc=74.0%, lr=3.0e-04]
Epoch 10/80 [Train]:  79%|███████▉  | 165/208 [00:06<00:01, 25.23it/s, loss=1.360, acc=74.0%, lr=3.0e-04]
Epoch 10/80 [Train]:  81%|████████  | 168/208 [00:06<00:01, 25.08it/s, loss=1.360, acc=74.0%, lr=3.0e-04]
Epoch 10/80 [Train]:  81%|████████  | 168/208 [00:06<00:01, 25.08it/s, loss=1.362, acc=74.0%, lr=3.0e-04]
Epoch 10/80 [Train]:  81%|████████  | 168/208 [00:06<00:01, 25.08it/s, loss=1.285, acc=74.0%, lr=3.0e-04]
Epoch 10/80 [Train]:  81%|████████  | 168/208 [00:06<00:01, 25.08it/s, loss=1.457, acc=74.0%, lr=3.0e-04]
Epoch 10/80 [Train]:  82%|████████▏ | 171/208 [00:06<00:01, 24.95it/s, loss=1.457, acc=74.0%, lr=3.0e-04]
Epoch 10/80 [Train]:  82%|████████▏ | 171/208 [00:06<00:01, 24.95it/s, loss=1.301, acc=74.0%, lr=3.0e-04]
Epoch 10/80 [Train]:  82%|████████▏ | 171/208 [00:06<00:01, 24.95it/s, loss=1.474, acc=74.0%, lr=3.0e-04]
Epoch 10/80 [Train]:  82%|████████▏ | 171/208 [00:06<00:01, 24.95it/s, loss=1.860, acc=73.9%, lr=3.0e-04]
Epoch 10/80 [Train]:  84%|████████▎ | 174/208 [00:06<00:01, 25.09it/s, loss=1.860, acc=73.9%, lr=3.0e-04]
Epoch 10/80 [Train]:  84%|████████▎ | 174/208 [00:06<00:01, 25.09it/s, loss=1.504, acc=73.9%, lr=3.0e-04]
Epoch 10/80 [Train]:  84%|████████▎ | 174/208 [00:06<00:01, 25.09it/s, loss=1.452, acc=73.9%, lr=3.0e-04]
Epoch 10/80 [Train]:  84%|████████▎ | 174/208 [00:07<00:01, 25.09it/s, loss=1.174, acc=74.0%, lr=3.0e-04]
Epoch 10/80 [Train]:  85%|████████▌ | 177/208 [00:07<00:01, 25.07it/s, loss=1.174, acc=74.0%, lr=3.0e-04]
Epoch 10/80 [Train]:  85%|████████▌ | 177/208 [00:07<00:01, 25.07it/s, loss=1.366, acc=74.0%, lr=3.0e-04]
Epoch 10/80 [Train]:  85%|████████▌ | 177/208 [00:07<00:01, 25.07it/s, loss=1.324, acc=74.0%, lr=3.0e-04]
Epoch 10/80 [Train]:  85%|████████▌ | 177/208 [00:07<00:01, 25.07it/s, loss=1.213, acc=74.0%, lr=3.0e-04]
Epoch 10/80 [Train]:  87%|████████▋ | 180/208 [00:07<00:01, 24.99it/s, loss=1.213, acc=74.0%, lr=3.0e-04]
Epoch 10/80 [Train]:  87%|████████▋ | 180/208 [00:07<00:01, 24.99it/s, loss=1.285, acc=74.0%, lr=3.0e-04]
Epoch 10/80 [Train]:  87%|████████▋ | 180/208 [00:07<00:01, 24.99it/s, loss=1.238, acc=74.0%, lr=3.0e-04]
Epoch 10/80 [Train]:  87%|████████▋ | 180/208 [00:07<00:01, 24.99it/s, loss=1.664, acc=74.0%, lr=3.0e-04]
Epoch 10/80 [Train]:  88%|████████▊ | 183/208 [00:07<00:00, 25.02it/s, loss=1.664, acc=74.0%, lr=3.0e-04]
Epoch 10/80 [Train]:  88%|████████▊ | 183/208 [00:07<00:00, 25.02it/s, loss=1.393, acc=74.0%, lr=3.0e-04]
Epoch 10/80 [Train]:  88%|████████▊ | 183/208 [00:07<00:00, 25.02it/s, loss=1.324, acc=74.0%, lr=3.0e-04]
Epoch 10/80 [Train]:  88%|████████▊ | 183/208 [00:07<00:00, 25.02it/s, loss=1.485, acc=74.0%, lr=3.0e-04]
Epoch 10/80 [Train]:  89%|████████▉ | 186/208 [00:07<00:00, 25.33it/s, loss=1.485, acc=74.0%, lr=3.0e-04]
Epoch 10/80 [Train]:  89%|████████▉ | 186/208 [00:07<00:00, 25.33it/s, loss=1.048, acc=74.1%, lr=3.0e-04]
Epoch 10/80 [Train]:  89%|████████▉ | 186/208 [00:07<00:00, 25.33it/s, loss=1.306, acc=74.1%, lr=3.0e-04]
Epoch 10/80 [Train]:  89%|████████▉ | 186/208 [00:07<00:00, 25.33it/s, loss=1.347, acc=74.1%, lr=3.0e-04]
Epoch 10/80 [Train]:  91%|█████████ | 189/208 [00:07<00:00, 25.34it/s, loss=1.347, acc=74.1%, lr=3.0e-04]
Epoch 10/80 [Train]:  91%|█████████ | 189/208 [00:07<00:00, 25.34it/s, loss=1.490, acc=74.1%, lr=3.0e-04]
Epoch 10/80 [Train]:  91%|█████████ | 189/208 [00:07<00:00, 25.34it/s, loss=1.402, acc=74.1%, lr=3.0e-04]
Epoch 10/80 [Train]:  91%|█████████ | 189/208 [00:07<00:00, 25.34it/s, loss=1.191, acc=74.1%, lr=3.0e-04]
Epoch 10/80 [Train]:  92%|█████████▏| 192/208 [00:07<00:00, 25.32it/s, loss=1.191, acc=74.1%, lr=3.0e-04]
Epoch 10/80 [Train]:  92%|█████████▏| 192/208 [00:07<00:00, 25.32it/s, loss=1.357, acc=74.1%, lr=3.0e-04]
Epoch 10/80 [Train]:  92%|█████████▏| 192/208 [00:07<00:00, 25.32it/s, loss=1.400, acc=74.1%, lr=3.0e-04]
Epoch 10/80 [Train]:  92%|█████████▏| 192/208 [00:07<00:00, 25.32it/s, loss=1.287, acc=74.1%, lr=3.0e-04]
Epoch 10/80 [Train]:  94%|█████████▍| 195/208 [00:07<00:00, 25.42it/s, loss=1.287, acc=74.1%, lr=3.0e-04]
Epoch 10/80 [Train]:  94%|█████████▍| 195/208 [00:07<00:00, 25.42it/s, loss=1.497, acc=74.1%, lr=3.0e-04]
Epoch 10/80 [Train]:  94%|█████████▍| 195/208 [00:07<00:00, 25.42it/s, loss=1.379, acc=74.2%, lr=3.0e-04]
Epoch 10/80 [Train]:  94%|█████████▍| 195/208 [00:07<00:00, 25.42it/s, loss=1.316, acc=74.2%, lr=3.0e-04]
Epoch 10/80 [Train]:  95%|█████████▌| 198/208 [00:07<00:00, 25.55it/s, loss=1.316, acc=74.2%, lr=3.0e-04]
Epoch 10/80 [Train]:  95%|█████████▌| 198/208 [00:07<00:00, 25.55it/s, loss=1.380, acc=74.2%, lr=3.0e-04]
Epoch 10/80 [Train]:  95%|█████████▌| 198/208 [00:07<00:00, 25.55it/s, loss=1.532, acc=74.1%, lr=3.0e-04]
Epoch 10/80 [Train]:  95%|█████████▌| 198/208 [00:07<00:00, 25.55it/s, loss=0.953, acc=74.2%, lr=3.0e-04]
Epoch 10/80 [Train]:  97%|█████████▋| 201/208 [00:07<00:00, 25.38it/s, loss=0.953, acc=74.2%, lr=3.0e-04]
Epoch 10/80 [Train]:  97%|█████████▋| 201/208 [00:08<00:00, 25.38it/s, loss=1.343, acc=74.2%, lr=3.0e-04]
Epoch 10/80 [Train]:  97%|█████████▋| 201/208 [00:08<00:00, 25.38it/s, loss=1.265, acc=74.3%, lr=3.0e-04]
Epoch 10/80 [Train]:  97%|█████████▋| 201/208 [00:08<00:00, 25.38it/s, loss=1.632, acc=74.3%, lr=3.0e-04]
Epoch 10/80 [Train]:  98%|█████████▊| 204/208 [00:08<00:00, 25.42it/s, loss=1.632, acc=74.3%, lr=3.0e-04]
Epoch 10/80 [Train]:  98%|█████████▊| 204/208 [00:08<00:00, 25.42it/s, loss=1.348, acc=74.2%, lr=3.0e-04]
Epoch 10/80 [Train]:  98%|█████████▊| 204/208 [00:08<00:00, 25.42it/s, loss=1.395, acc=74.2%, lr=3.0e-04]
Epoch 10/80 [Train]:  98%|█████████▊| 204/208 [00:08<00:00, 25.42it/s, loss=1.702, acc=74.2%, lr=3.0e-04]
Epoch 10/80 [Train]: 100%|█████████▉| 207/208 [00:08<00:00, 25.52it/s, loss=1.702, acc=74.2%, lr=3.0e-04]
Epoch 10/80 [Train]: 100%|█████████▉| 207/208 [00:08<00:00, 25.52it/s, loss=1.684, acc=74.2%, lr=3.0e-04]
Epoch 10/80 [Train]: 100%|██████████| 208/208 [00:08<00:00, 25.25it/s, loss=1.684, acc=74.2%, lr=3.0e-04]

[2026-08-17 01:18:59] [EPOCH 10 SUMMARY]
  Train: Loss = 1.4139 | Top-1 Acc =  74.17%
  Val:   Top-1 Acc =  13.66% | Top-3 =  32.12% | Top-5 =  42.11%
         APL = 12.12 dB | Profile MAE =  2.34 dB (Rank Corr: 0.504)
  Time:  Epoch = 8.2s (Val Eval: 2.1s) | Total Elapsed = 00h:01m:33s | ETA: 00h:10m:57s
  -> [INFO] No improvement for 2/12 epochs (Best: 15.65%)

[2026-08-17 01:19:00] >>> [EPOCH 11/80] Training Started <<<

Epoch 11/80 [Train]:   0%|          | 0/208 [00:00<?, ?it/s]
Epoch 11/80 [Train]:   0%|          | 0/208 [00:00<?, ?it/s, loss=1.278, acc=67.2%, lr=3.0e-04]
Epoch 11/80 [Train]:   0%|          | 0/208 [00:00<?, ?it/s, loss=1.134, acc=75.0%, lr=3.0e-04]
Epoch 11/80 [Train]:   0%|          | 0/208 [00:00<?, ?it/s, loss=1.117, acc=76.6%, lr=3.0e-04]
Epoch 11/80 [Train]:   1%|▏         | 3/208 [00:00<00:08, 24.89it/s, loss=1.117, acc=76.6%, lr=3.0e-04]
Epoch 11/80 [Train]:   1%|▏         | 3/208 [00:00<00:08, 24.89it/s, loss=1.521, acc=77.0%, lr=3.0e-04]
Epoch 11/80 [Train]:   1%|▏         | 3/208 [00:00<00:08, 24.89it/s, loss=1.161, acc=75.6%, lr=3.0e-04]
Epoch 11/80 [Train]:   1%|▏         | 3/208 [00:00<00:08, 24.89it/s, loss=1.330, acc=74.2%, lr=3.0e-04]
Epoch 11/80 [Train]:   3%|▎         | 6/208 [00:00<00:08, 24.96it/s, loss=1.330, acc=74.2%, lr=3.0e-04]
Epoch 11/80 [Train]:   3%|▎         | 6/208 [00:00<00:08, 24.96it/s, loss=1.184, acc=74.3%, lr=3.0e-04]
Epoch 11/80 [Train]:   3%|▎         | 6/208 [00:00<00:08, 24.96it/s, loss=1.369, acc=74.4%, lr=3.0e-04]
Epoch 11/80 [Train]:   3%|▎         | 6/208 [00:00<00:08, 24.96it/s, loss=1.344, acc=74.7%, lr=3.0e-04]
Epoch 11/80 [Train]:   4%|▍         | 9/208 [00:00<00:07, 25.16it/s, loss=1.344, acc=74.7%, lr=3.0e-04]
Epoch 11/80 [Train]:   4%|▍         | 9/208 [00:00<00:07, 25.16it/s, loss=1.177, acc=74.8%, lr=3.0e-04]
Epoch 11/80 [Train]:   4%|▍         | 9/208 [00:00<00:07, 25.16it/s, loss=1.565, acc=74.7%, lr=3.0e-04]
Epoch 11/80 [Train]:   4%|▍         | 9/208 [00:00<00:07, 25.16it/s, loss=1.296, acc=74.3%, lr=3.0e-04]
Epoch 11/80 [Train]:   6%|▌         | 12/208 [00:00<00:07, 25.18it/s, loss=1.296, acc=74.3%, lr=3.0e-04]
Epoch 11/80 [Train]:   6%|▌         | 12/208 [00:00<00:07, 25.18it/s, loss=1.340, acc=74.5%, lr=3.0e-04]
Epoch 11/80 [Train]:   6%|▌         | 12/208 [00:00<00:07, 25.18it/s, loss=1.082, acc=74.8%, lr=3.0e-04]
Epoch 11/80 [Train]:   6%|▌         | 12/208 [00:00<00:07, 25.18it/s, loss=1.199, acc=75.0%, lr=3.0e-04]
Epoch 11/80 [Train]:   7%|▋         | 15/208 [00:00<00:07, 24.56it/s, loss=1.199, acc=75.0%, lr=3.0e-04]
Epoch 11/80 [Train]:   7%|▋         | 15/208 [00:00<00:07, 24.56it/s, loss=1.415, acc=75.1%, lr=3.0e-04]
Epoch 11/80 [Train]:   7%|▋         | 15/208 [00:00<00:07, 24.56it/s, loss=1.439, acc=74.7%, lr=3.0e-04]
Epoch 11/80 [Train]:   7%|▋         | 15/208 [00:00<00:07, 24.56it/s, loss=1.607, acc=74.2%, lr=3.0e-04]
Epoch 11/80 [Train]:   9%|▊         | 18/208 [00:00<00:07, 24.79it/s, loss=1.607, acc=74.2%, lr=3.0e-04]
Epoch 11/80 [Train]:   9%|▊         | 18/208 [00:00<00:07, 24.79it/s, loss=1.297, acc=74.3%, lr=3.0e-04]
Epoch 11/80 [Train]:   9%|▊         | 18/208 [00:00<00:07, 24.79it/s, loss=1.203, acc=74.8%, lr=3.0e-04]
Epoch 11/80 [Train]:   9%|▊         | 18/208 [00:00<00:07, 24.79it/s, loss=1.497, acc=74.7%, lr=3.0e-04]
Epoch 11/80 [Train]:  10%|█         | 21/208 [00:00<00:07, 25.10it/s, loss=1.497, acc=74.7%, lr=3.0e-04]
Epoch 11/80 [Train]:  10%|█         | 21/208 [00:00<00:07, 25.10it/s, loss=1.514, acc=74.7%, lr=3.0e-04]
Epoch 11/80 [Train]:  10%|█         | 21/208 [00:00<00:07, 25.10it/s, loss=1.322, acc=74.7%, lr=3.0e-04]
Epoch 11/80 [Train]:  10%|█         | 21/208 [00:00<00:07, 25.10it/s, loss=1.646, acc=74.2%, lr=3.0e-04]
Epoch 11/80 [Train]:  12%|█▏        | 24/208 [00:00<00:07, 25.19it/s, loss=1.646, acc=74.2%, lr=3.0e-04]
Epoch 11/80 [Train]:  12%|█▏        | 24/208 [00:00<00:07, 25.19it/s, loss=1.252, acc=74.4%, lr=3.0e-04]
Epoch 11/80 [Train]:  12%|█▏        | 24/208 [00:01<00:07, 25.19it/s, loss=1.235, acc=74.8%, lr=3.0e-04]
Epoch 11/80 [Train]:  12%|█▏        | 24/208 [00:01<00:07, 25.19it/s, loss=1.470, acc=74.8%, lr=3.0e-04]
Epoch 11/80 [Train]:  13%|█▎        | 27/208 [00:01<00:07, 25.16it/s, loss=1.470, acc=74.8%, lr=3.0e-04]
Epoch 11/80 [Train]:  13%|█▎        | 27/208 [00:01<00:07, 25.16it/s, loss=1.263, acc=74.9%, lr=3.0e-04]
Epoch 11/80 [Train]:  13%|█▎        | 27/208 [00:01<00:07, 25.16it/s, loss=1.459, acc=74.9%, lr=3.0e-04]
Epoch 11/80 [Train]:  13%|█▎        | 27/208 [00:01<00:07, 25.16it/s, loss=1.160, acc=75.1%, lr=3.0e-04]
Epoch 11/80 [Train]:  14%|█▍        | 30/208 [00:01<00:07, 24.57it/s, loss=1.160, acc=75.1%, lr=3.0e-04]
Epoch 11/80 [Train]:  14%|█▍        | 30/208 [00:01<00:07, 24.57it/s, loss=1.549, acc=75.1%, lr=3.0e-04]
Epoch 11/80 [Train]:  14%|█▍        | 30/208 [00:01<00:07, 24.57it/s, loss=1.292, acc=75.0%, lr=3.0e-04]
Epoch 11/80 [Train]:  14%|█▍        | 30/208 [00:01<00:07, 24.57it/s, loss=1.097, acc=75.3%, lr=3.0e-04]
Epoch 11/80 [Train]:  16%|█▌        | 33/208 [00:01<00:07, 24.83it/s, loss=1.097, acc=75.3%, lr=3.0e-04]
Epoch 11/80 [Train]:  16%|█▌        | 33/208 [00:01<00:07, 24.83it/s, loss=1.162, acc=75.5%, lr=3.0e-04]
Epoch 11/80 [Train]:  16%|█▌        | 33/208 [00:01<00:07, 24.83it/s, loss=1.254, acc=75.6%, lr=3.0e-04]
Epoch 11/80 [Train]:  16%|█▌        | 33/208 [00:01<00:07, 24.83it/s, loss=1.516, acc=75.4%, lr=3.0e-04]
Epoch 11/80 [Train]:  17%|█▋        | 36/208 [00:01<00:06, 24.79it/s, loss=1.516, acc=75.4%, lr=3.0e-04]
Epoch 11/80 [Train]:  17%|█▋        | 36/208 [00:01<00:06, 24.79it/s, loss=1.271, acc=75.5%, lr=3.0e-04]
Epoch 11/80 [Train]:  17%|█▋        | 36/208 [00:01<00:06, 24.79it/s, loss=1.471, acc=75.3%, lr=3.0e-04]
Epoch 11/80 [Train]:  17%|█▋        | 36/208 [00:01<00:06, 24.79it/s, loss=1.176, acc=75.5%, lr=3.0e-04]
Epoch 11/80 [Train]:  19%|█▉        | 39/208 [00:01<00:06, 24.91it/s, loss=1.176, acc=75.5%, lr=3.0e-04]
Epoch 11/80 [Train]:  19%|█▉        | 39/208 [00:01<00:06, 24.91it/s, loss=1.250, acc=75.6%, lr=3.0e-04]
Epoch 11/80 [Train]:  19%|█▉        | 39/208 [00:01<00:06, 24.91it/s, loss=1.172, acc=75.6%, lr=3.0e-04]
Epoch 11/80 [Train]:  19%|█▉        | 39/208 [00:01<00:06, 24.91it/s, loss=1.130, acc=75.6%, lr=3.0e-04]
Epoch 11/80 [Train]:  20%|██        | 42/208 [00:01<00:06, 25.00it/s, loss=1.130, acc=75.6%, lr=3.0e-04]
Epoch 11/80 [Train]:  20%|██        | 42/208 [00:01<00:06, 25.00it/s, loss=1.080, acc=75.8%, lr=3.0e-04]
Epoch 11/80 [Train]:  20%|██        | 42/208 [00:01<00:06, 25.00it/s, loss=1.288, acc=75.9%, lr=3.0e-04]
Epoch 11/80 [Train]:  20%|██        | 42/208 [00:01<00:06, 25.00it/s, loss=1.357, acc=76.0%, lr=3.0e-04]
Epoch 11/80 [Train]:  22%|██▏       | 45/208 [00:01<00:06, 25.16it/s, loss=1.357, acc=76.0%, lr=3.0e-04]
Epoch 11/80 [Train]:  22%|██▏       | 45/208 [00:01<00:06, 25.16it/s, loss=1.604, acc=75.8%, lr=3.0e-04]
Epoch 11/80 [Train]:  22%|██▏       | 45/208 [00:01<00:06, 25.16it/s, loss=1.377, acc=75.7%, lr=3.0e-04]
Epoch 11/80 [Train]:  22%|██▏       | 45/208 [00:01<00:06, 25.16it/s, loss=1.391, acc=75.6%, lr=3.0e-04]
Epoch 11/80 [Train]:  23%|██▎       | 48/208 [00:01<00:06, 25.20it/s, loss=1.391, acc=75.6%, lr=3.0e-04]
Epoch 11/80 [Train]:  23%|██▎       | 48/208 [00:01<00:06, 25.20it/s, loss=1.111, acc=75.9%, lr=3.0e-04]
Epoch 11/80 [Train]:  23%|██▎       | 48/208 [00:01<00:06, 25.20it/s, loss=1.430, acc=75.8%, lr=3.0e-04]
Epoch 11/80 [Train]:  23%|██▎       | 48/208 [00:02<00:06, 25.20it/s, loss=1.121, acc=75.8%, lr=3.0e-04]
Epoch 11/80 [Train]:  25%|██▍       | 51/208 [00:02<00:06, 25.30it/s, loss=1.121, acc=75.8%, lr=3.0e-04]
Epoch 11/80 [Train]:  25%|██▍       | 51/208 [00:02<00:06, 25.30it/s, loss=1.521, acc=75.7%, lr=3.0e-04]
Epoch 11/80 [Train]:  25%|██▍       | 51/208 [00:02<00:06, 25.30it/s, loss=1.429, acc=75.6%, lr=3.0e-04]
Epoch 11/80 [Train]:  25%|██▍       | 51/208 [00:02<00:06, 25.30it/s, loss=1.198, acc=75.8%, lr=2.9e-04]
Epoch 11/80 [Train]:  26%|██▌       | 54/208 [00:02<00:06, 25.39it/s, loss=1.198, acc=75.8%, lr=2.9e-04]
Epoch 11/80 [Train]:  26%|██▌       | 54/208 [00:02<00:06, 25.39it/s, loss=1.591, acc=75.8%, lr=2.9e-04]
Epoch 11/80 [Train]:  26%|██▌       | 54/208 [00:02<00:06, 25.39it/s, loss=1.486, acc=75.7%, lr=2.9e-04]
Epoch 11/80 [Train]:  26%|██▌       | 54/208 [00:02<00:06, 25.39it/s, loss=1.243, acc=75.6%, lr=2.9e-04]
Epoch 11/80 [Train]:  27%|██▋       | 57/208 [00:02<00:05, 25.24it/s, loss=1.243, acc=75.6%, lr=2.9e-04]
Epoch 11/80 [Train]:  27%|██▋       | 57/208 [00:02<00:05, 25.24it/s, loss=1.528, acc=75.6%, lr=2.9e-04]
Epoch 11/80 [Train]:  27%|██▋       | 57/208 [00:02<00:05, 25.24it/s, loss=1.339, acc=75.6%, lr=2.9e-04]
Epoch 11/80 [Train]:  27%|██▋       | 57/208 [00:02<00:05, 25.24it/s, loss=1.110, acc=75.8%, lr=2.9e-04]
Epoch 11/80 [Train]:  29%|██▉       | 60/208 [00:02<00:05, 25.22it/s, loss=1.110, acc=75.8%, lr=2.9e-04]
Epoch 11/80 [Train]:  29%|██▉       | 60/208 [00:02<00:05, 25.22it/s, loss=1.256, acc=75.7%, lr=2.9e-04]
Epoch 11/80 [Train]:  29%|██▉       | 60/208 [00:02<00:05, 25.22it/s, loss=1.195, acc=75.7%, lr=2.9e-04]
Epoch 11/80 [Train]:  29%|██▉       | 60/208 [00:02<00:05, 25.22it/s, loss=1.126, acc=75.8%, lr=2.9e-04]
Epoch 11/80 [Train]:  30%|███       | 63/208 [00:02<00:05, 25.33it/s, loss=1.126, acc=75.8%, lr=2.9e-04]
Epoch 11/80 [Train]:  30%|███       | 63/208 [00:02<00:05, 25.33it/s, loss=1.534, acc=75.8%, lr=2.9e-04]
Epoch 11/80 [Train]:  30%|███       | 63/208 [00:02<00:05, 25.33it/s, loss=1.642, acc=75.7%, lr=2.9e-04]
Epoch 11/80 [Train]:  30%|███       | 63/208 [00:02<00:05, 25.33it/s, loss=1.464, acc=75.6%, lr=2.9e-04]
Epoch 11/80 [Train]:  32%|███▏      | 66/208 [00:02<00:05, 25.38it/s, loss=1.464, acc=75.6%, lr=2.9e-04]
Epoch 11/80 [Train]:  32%|███▏      | 66/208 [00:02<00:05, 25.38it/s, loss=1.368, acc=75.6%, lr=2.9e-04]
Epoch 11/80 [Train]:  32%|███▏      | 66/208 [00:02<00:05, 25.38it/s, loss=1.379, acc=75.5%, lr=2.9e-04]
Epoch 11/80 [Train]:  32%|███▏      | 66/208 [00:02<00:05, 25.38it/s, loss=1.584, acc=75.4%, lr=2.9e-04]
Epoch 11/80 [Train]:  33%|███▎      | 69/208 [00:02<00:05, 25.40it/s, loss=1.584, acc=75.4%, lr=2.9e-04]
Epoch 11/80 [Train]:  33%|███▎      | 69/208 [00:02<00:05, 25.40it/s, loss=1.308, acc=75.5%, lr=2.9e-04]
Epoch 11/80 [Train]:  33%|███▎      | 69/208 [00:02<00:05, 25.40it/s, loss=1.194, acc=75.5%, lr=2.9e-04]
Epoch 11/80 [Train]:  33%|███▎      | 69/208 [00:02<00:05, 25.40it/s, loss=1.377, acc=75.5%, lr=2.9e-04]
Epoch 11/80 [Train]:  35%|███▍      | 72/208 [00:02<00:05, 25.55it/s, loss=1.377, acc=75.5%, lr=2.9e-04]
Epoch 11/80 [Train]:  35%|███▍      | 72/208 [00:02<00:05, 25.55it/s, loss=1.163, acc=75.6%, lr=2.9e-04]
Epoch 11/80 [Train]:  35%|███▍      | 72/208 [00:02<00:05, 25.55it/s, loss=1.320, acc=75.7%, lr=2.9e-04]
Epoch 11/80 [Train]:  35%|███▍      | 72/208 [00:02<00:05, 25.55it/s, loss=1.386, acc=75.7%, lr=2.9e-04]
Epoch 11/80 [Train]:  36%|███▌      | 75/208 [00:02<00:05, 25.43it/s, loss=1.386, acc=75.7%, lr=2.9e-04]
Epoch 11/80 [Train]:  36%|███▌      | 75/208 [00:03<00:05, 25.43it/s, loss=1.367, acc=75.6%, lr=2.9e-04]
Epoch 11/80 [Train]:  36%|███▌      | 75/208 [00:03<00:05, 25.43it/s, loss=1.111, acc=75.7%, lr=2.9e-04]
Epoch 11/80 [Train]:  36%|███▌      | 75/208 [00:03<00:05, 25.43it/s, loss=1.185, acc=75.7%, lr=2.9e-04]
Epoch 11/80 [Train]:  38%|███▊      | 78/208 [00:03<00:05, 25.41it/s, loss=1.185, acc=75.7%, lr=2.9e-04]
Epoch 11/80 [Train]:  38%|███▊      | 78/208 [00:03<00:05, 25.41it/s, loss=1.183, acc=75.8%, lr=2.9e-04]
Epoch 11/80 [Train]:  38%|███▊      | 78/208 [00:03<00:05, 25.41it/s, loss=1.260, acc=75.8%, lr=2.9e-04]
Epoch 11/80 [Train]:  38%|███▊      | 78/208 [00:03<00:05, 25.41it/s, loss=1.917, acc=75.7%, lr=2.9e-04]
Epoch 11/80 [Train]:  39%|███▉      | 81/208 [00:03<00:05, 25.33it/s, loss=1.917, acc=75.7%, lr=2.9e-04]
Epoch 11/80 [Train]:  39%|███▉      | 81/208 [00:03<00:05, 25.33it/s, loss=1.357, acc=75.7%, lr=2.9e-04]
Epoch 11/80 [Train]:  39%|███▉      | 81/208 [00:03<00:05, 25.33it/s, loss=1.415, acc=75.7%, lr=2.9e-04]
Epoch 11/80 [Train]:  39%|███▉      | 81/208 [00:03<00:05, 25.33it/s, loss=1.111, acc=75.8%, lr=2.9e-04]
Epoch 11/80 [Train]:  40%|████      | 84/208 [00:03<00:05, 24.56it/s, loss=1.111, acc=75.8%, lr=2.9e-04]
Epoch 11/80 [Train]:  40%|████      | 84/208 [00:03<00:05, 24.56it/s, loss=1.382, acc=75.8%, lr=2.9e-04]
Epoch 11/80 [Train]:  40%|████      | 84/208 [00:03<00:05, 24.56it/s, loss=1.128, acc=75.7%, lr=2.9e-04]
Epoch 11/80 [Train]:  40%|████      | 84/208 [00:03<00:05, 24.56it/s, loss=1.286, acc=75.8%, lr=2.9e-04]
Epoch 11/80 [Train]:  42%|████▏     | 87/208 [00:03<00:04, 24.73it/s, loss=1.286, acc=75.8%, lr=2.9e-04]
Epoch 11/80 [Train]:  42%|████▏     | 87/208 [00:03<00:04, 24.73it/s, loss=1.488, acc=75.8%, lr=2.9e-04]
Epoch 11/80 [Train]:  42%|████▏     | 87/208 [00:03<00:04, 24.73it/s, loss=1.338, acc=75.9%, lr=2.9e-04]
Epoch 11/80 [Train]:  42%|████▏     | 87/208 [00:03<00:04, 24.73it/s, loss=1.790, acc=75.8%, lr=2.9e-04]
Epoch 11/80 [Train]:  43%|████▎     | 90/208 [00:03<00:04, 25.02it/s, loss=1.790, acc=75.8%, lr=2.9e-04]
Epoch 11/80 [Train]:  43%|████▎     | 90/208 [00:03<00:04, 25.02it/s, loss=1.343, acc=75.7%, lr=2.9e-04]
Epoch 11/80 [Train]:  43%|████▎     | 90/208 [00:03<00:04, 25.02it/s, loss=1.419, acc=75.7%, lr=2.9e-04]
Epoch 11/80 [Train]:  43%|████▎     | 90/208 [00:03<00:04, 25.02it/s, loss=1.248, acc=75.6%, lr=2.9e-04]
Epoch 11/80 [Train]:  45%|████▍     | 93/208 [00:03<00:04, 24.93it/s, loss=1.248, acc=75.6%, lr=2.9e-04]
Epoch 11/80 [Train]:  45%|████▍     | 93/208 [00:03<00:04, 24.93it/s, loss=1.344, acc=75.6%, lr=2.9e-04]
Epoch 11/80 [Train]:  45%|████▍     | 93/208 [00:03<00:04, 24.93it/s, loss=1.260, acc=75.6%, lr=2.9e-04]
Epoch 11/80 [Train]:  45%|████▍     | 93/208 [00:03<00:04, 24.93it/s, loss=1.436, acc=75.6%, lr=2.9e-04]
Epoch 11/80 [Train]:  46%|████▌     | 96/208 [00:03<00:04, 25.10it/s, loss=1.436, acc=75.6%, lr=2.9e-04]
Epoch 11/80 [Train]:  46%|████▌     | 96/208 [00:03<00:04, 25.10it/s, loss=1.280, acc=75.6%, lr=2.9e-04]
Epoch 11/80 [Train]:  46%|████▌     | 96/208 [00:03<00:04, 25.10it/s, loss=1.296, acc=75.7%, lr=2.9e-04]
Epoch 11/80 [Train]:  46%|████▌     | 96/208 [00:03<00:04, 25.10it/s, loss=1.433, acc=75.6%, lr=2.9e-04]
Epoch 11/80 [Train]:  48%|████▊     | 99/208 [00:03<00:04, 25.08it/s, loss=1.433, acc=75.6%, lr=2.9e-04]
Epoch 11/80 [Train]:  48%|████▊     | 99/208 [00:03<00:04, 25.08it/s, loss=1.361, acc=75.7%, lr=2.9e-04]
Epoch 11/80 [Train]:  48%|████▊     | 99/208 [00:04<00:04, 25.08it/s, loss=1.234, acc=75.7%, lr=2.9e-04]
Epoch 11/80 [Train]:  48%|████▊     | 99/208 [00:04<00:04, 25.08it/s, loss=1.511, acc=75.7%, lr=2.9e-04]
Epoch 11/80 [Train]:  49%|████▉     | 102/208 [00:04<00:04, 25.23it/s, loss=1.511, acc=75.7%, lr=2.9e-04]
Epoch 11/80 [Train]:  49%|████▉     | 102/208 [00:04<00:04, 25.23it/s, loss=1.261, acc=75.7%, lr=2.9e-04]
Epoch 11/80 [Train]:  49%|████▉     | 102/208 [00:04<00:04, 25.23it/s, loss=1.659, acc=75.6%, lr=2.9e-04]
Epoch 11/80 [Train]:  49%|████▉     | 102/208 [00:04<00:04, 25.23it/s, loss=1.057, acc=75.6%, lr=2.9e-04]
Epoch 11/80 [Train]:  50%|█████     | 105/208 [00:04<00:04, 25.46it/s, loss=1.057, acc=75.6%, lr=2.9e-04]
Epoch 11/80 [Train]:  50%|█████     | 105/208 [00:04<00:04, 25.46it/s, loss=1.292, acc=75.6%, lr=2.9e-04]
Epoch 11/80 [Train]:  50%|█████     | 105/208 [00:04<00:04, 25.46it/s, loss=1.132, acc=75.6%, lr=2.9e-04]
Epoch 11/80 [Train]:  50%|█████     | 105/208 [00:04<00:04, 25.46it/s, loss=1.434, acc=75.6%, lr=2.9e-04]
Epoch 11/80 [Train]:  52%|█████▏    | 108/208 [00:04<00:03, 25.39it/s, loss=1.434, acc=75.6%, lr=2.9e-04]
Epoch 11/80 [Train]:  52%|█████▏    | 108/208 [00:04<00:03, 25.39it/s, loss=1.300, acc=75.6%, lr=2.9e-04]
Epoch 11/80 [Train]:  52%|█████▏    | 108/208 [00:04<00:03, 25.39it/s, loss=1.460, acc=75.5%, lr=2.9e-04]
Epoch 11/80 [Train]:  52%|█████▏    | 108/208 [00:04<00:03, 25.39it/s, loss=1.458, acc=75.5%, lr=2.9e-04]
Epoch 11/80 [Train]:  53%|█████▎    | 111/208 [00:04<00:03, 25.43it/s, loss=1.458, acc=75.5%, lr=2.9e-04]
Epoch 11/80 [Train]:  53%|█████▎    | 111/208 [00:04<00:03, 25.43it/s, loss=1.465, acc=75.5%, lr=2.9e-04]
Epoch 11/80 [Train]:  53%|█████▎    | 111/208 [00:04<00:03, 25.43it/s, loss=1.214, acc=75.5%, lr=2.9e-04]
Epoch 11/80 [Train]:  53%|█████▎    | 111/208 [00:04<00:03, 25.43it/s, loss=1.180, acc=75.5%, lr=2.9e-04]
Epoch 11/80 [Train]:  55%|█████▍    | 114/208 [00:04<00:03, 25.30it/s, loss=1.180, acc=75.5%, lr=2.9e-04]
Epoch 11/80 [Train]:  55%|█████▍    | 114/208 [00:04<00:03, 25.30it/s, loss=1.507, acc=75.5%, lr=2.9e-04]
Epoch 11/80 [Train]:  55%|█████▍    | 114/208 [00:04<00:03, 25.30it/s, loss=1.437, acc=75.4%, lr=2.9e-04]
Epoch 11/80 [Train]:  55%|█████▍    | 114/208 [00:04<00:03, 25.30it/s, loss=1.655, acc=75.4%, lr=2.9e-04]
Epoch 11/80 [Train]:  56%|█████▋    | 117/208 [00:04<00:03, 25.39it/s, loss=1.655, acc=75.4%, lr=2.9e-04]
Epoch 11/80 [Train]:  56%|█████▋    | 117/208 [00:04<00:03, 25.39it/s, loss=1.580, acc=75.3%, lr=2.9e-04]
Epoch 11/80 [Train]:  56%|█████▋    | 117/208 [00:04<00:03, 25.39it/s, loss=1.354, acc=75.3%, lr=2.9e-04]
Epoch 11/80 [Train]:  56%|█████▋    | 117/208 [00:04<00:03, 25.39it/s, loss=1.587, acc=75.3%, lr=2.9e-04]
Epoch 11/80 [Train]:  58%|█████▊    | 120/208 [00:04<00:03, 25.36it/s, loss=1.587, acc=75.3%, lr=2.9e-04]
Epoch 11/80 [Train]:  58%|█████▊    | 120/208 [00:04<00:03, 25.36it/s, loss=1.151, acc=75.3%, lr=2.9e-04]
Epoch 11/80 [Train]:  58%|█████▊    | 120/208 [00:04<00:03, 25.36it/s, loss=1.262, acc=75.3%, lr=2.9e-04]
Epoch 11/80 [Train]:  58%|█████▊    | 120/208 [00:04<00:03, 25.36it/s, loss=1.237, acc=75.4%, lr=2.9e-04]
Epoch 11/80 [Train]:  59%|█████▉    | 123/208 [00:04<00:03, 24.84it/s, loss=1.237, acc=75.4%, lr=2.9e-04]
Epoch 11/80 [Train]:  59%|█████▉    | 123/208 [00:04<00:03, 24.84it/s, loss=1.391, acc=75.3%, lr=2.9e-04]
Epoch 11/80 [Train]:  59%|█████▉    | 123/208 [00:04<00:03, 24.84it/s, loss=1.086, acc=75.3%, lr=2.9e-04]
Epoch 11/80 [Train]:  59%|█████▉    | 123/208 [00:05<00:03, 24.84it/s, loss=1.343, acc=75.3%, lr=2.9e-04]
Epoch 11/80 [Train]:  61%|██████    | 126/208 [00:05<00:03, 24.91it/s, loss=1.343, acc=75.3%, lr=2.9e-04]
Epoch 11/80 [Train]:  61%|██████    | 126/208 [00:05<00:03, 24.91it/s, loss=1.511, acc=75.3%, lr=2.9e-04]
Epoch 11/80 [Train]:  61%|██████    | 126/208 [00:05<00:03, 24.91it/s, loss=1.357, acc=75.3%, lr=2.9e-04]
Epoch 11/80 [Train]:  61%|██████    | 126/208 [00:05<00:03, 24.91it/s, loss=1.214, acc=75.3%, lr=2.9e-04]
Epoch 11/80 [Train]:  62%|██████▏   | 129/208 [00:05<00:03, 24.95it/s, loss=1.214, acc=75.3%, lr=2.9e-04]
Epoch 11/80 [Train]:  62%|██████▏   | 129/208 [00:05<00:03, 24.95it/s, loss=1.415, acc=75.2%, lr=2.9e-04]
Epoch 11/80 [Train]:  62%|██████▏   | 129/208 [00:05<00:03, 24.95it/s, loss=1.498, acc=75.1%, lr=2.9e-04]
Epoch 11/80 [Train]:  62%|██████▏   | 129/208 [00:05<00:03, 24.95it/s, loss=1.212, acc=75.1%, lr=2.9e-04]
Epoch 11/80 [Train]:  63%|██████▎   | 132/208 [00:05<00:03, 24.24it/s, loss=1.212, acc=75.1%, lr=2.9e-04]
Epoch 11/80 [Train]:  63%|██████▎   | 132/208 [00:05<00:03, 24.24it/s, loss=1.398, acc=75.1%, lr=2.9e-04]
Epoch 11/80 [Train]:  63%|██████▎   | 132/208 [00:05<00:03, 24.24it/s, loss=1.304, acc=75.1%, lr=2.9e-04]
Epoch 11/80 [Train]:  63%|██████▎   | 132/208 [00:05<00:03, 24.24it/s, loss=1.630, acc=75.0%, lr=2.9e-04]
Epoch 11/80 [Train]:  65%|██████▍   | 135/208 [00:05<00:03, 24.25it/s, loss=1.630, acc=75.0%, lr=2.9e-04]
Epoch 11/80 [Train]:  65%|██████▍   | 135/208 [00:05<00:03, 24.25it/s, loss=1.217, acc=75.0%, lr=2.9e-04]
Epoch 11/80 [Train]:  65%|██████▍   | 135/208 [00:05<00:03, 24.25it/s, loss=1.380, acc=75.0%, lr=2.9e-04]
Epoch 11/80 [Train]:  65%|██████▍   | 135/208 [00:05<00:03, 24.25it/s, loss=1.265, acc=75.1%, lr=2.9e-04]
Epoch 11/80 [Train]:  66%|██████▋   | 138/208 [00:05<00:02, 24.34it/s, loss=1.265, acc=75.1%, lr=2.9e-04]
Epoch 11/80 [Train]:  66%|██████▋   | 138/208 [00:05<00:02, 24.34it/s, loss=1.484, acc=75.0%, lr=2.9e-04]
Epoch 11/80 [Train]:  66%|██████▋   | 138/208 [00:05<00:02, 24.34it/s, loss=1.325, acc=75.0%, lr=2.9e-04]
Epoch 11/80 [Train]:  66%|██████▋   | 138/208 [00:05<00:02, 24.34it/s, loss=1.406, acc=75.1%, lr=2.9e-04]
Epoch 11/80 [Train]:  68%|██████▊   | 141/208 [00:05<00:02, 24.11it/s, loss=1.406, acc=75.1%, lr=2.9e-04]
Epoch 11/80 [Train]:  68%|██████▊   | 141/208 [00:05<00:02, 24.11it/s, loss=1.202, acc=75.1%, lr=2.9e-04]
Epoch 11/80 [Train]:  68%|██████▊   | 141/208 [00:05<00:02, 24.11it/s, loss=1.359, acc=75.2%, lr=2.9e-04]
Epoch 11/80 [Train]:  68%|██████▊   | 141/208 [00:05<00:02, 24.11it/s, loss=1.232, acc=75.1%, lr=2.9e-04]
Epoch 11/80 [Train]:  69%|██████▉   | 144/208 [00:05<00:02, 24.26it/s, loss=1.232, acc=75.1%, lr=2.9e-04]
Epoch 11/80 [Train]:  69%|██████▉   | 144/208 [00:05<00:02, 24.26it/s, loss=1.333, acc=75.1%, lr=2.9e-04]
Epoch 11/80 [Train]:  69%|██████▉   | 144/208 [00:05<00:02, 24.26it/s, loss=1.305, acc=75.1%, lr=2.9e-04]
Epoch 11/80 [Train]:  69%|██████▉   | 144/208 [00:05<00:02, 24.26it/s, loss=1.166, acc=75.1%, lr=2.9e-04]
Epoch 11/80 [Train]:  71%|███████   | 147/208 [00:05<00:02, 24.42it/s, loss=1.166, acc=75.1%, lr=2.9e-04]
Epoch 11/80 [Train]:  71%|███████   | 147/208 [00:05<00:02, 24.42it/s, loss=1.270, acc=75.1%, lr=2.9e-04]
Epoch 11/80 [Train]:  71%|███████   | 147/208 [00:05<00:02, 24.42it/s, loss=1.549, acc=75.1%, lr=2.9e-04]
Epoch 11/80 [Train]:  71%|███████   | 147/208 [00:06<00:02, 24.42it/s, loss=1.157, acc=75.1%, lr=2.9e-04]
Epoch 11/80 [Train]:  72%|███████▏  | 150/208 [00:06<00:02, 24.54it/s, loss=1.157, acc=75.1%, lr=2.9e-04]
Epoch 11/80 [Train]:  72%|███████▏  | 150/208 [00:06<00:02, 24.54it/s, loss=1.234, acc=75.2%, lr=2.9e-04]
Epoch 11/80 [Train]:  72%|███████▏  | 150/208 [00:06<00:02, 24.54it/s, loss=1.392, acc=75.2%, lr=2.9e-04]
Epoch 11/80 [Train]:  72%|███████▏  | 150/208 [00:06<00:02, 24.54it/s, loss=1.335, acc=75.2%, lr=2.9e-04]
Epoch 11/80 [Train]:  74%|███████▎  | 153/208 [00:06<00:02, 24.66it/s, loss=1.335, acc=75.2%, lr=2.9e-04]
Epoch 11/80 [Train]:  74%|███████▎  | 153/208 [00:06<00:02, 24.66it/s, loss=1.031, acc=75.2%, lr=2.9e-04]
Epoch 11/80 [Train]:  74%|███████▎  | 153/208 [00:06<00:02, 24.66it/s, loss=1.650, acc=75.2%, lr=2.9e-04]
Epoch 11/80 [Train]:  74%|███████▎  | 153/208 [00:06<00:02, 24.66it/s, loss=1.677, acc=75.2%, lr=2.9e-04]
Epoch 11/80 [Train]:  75%|███████▌  | 156/208 [00:06<00:02, 24.54it/s, loss=1.677, acc=75.2%, lr=2.9e-04]
Epoch 11/80 [Train]:  75%|███████▌  | 156/208 [00:06<00:02, 24.54it/s, loss=1.326, acc=75.1%, lr=2.9e-04]
Epoch 11/80 [Train]:  75%|███████▌  | 156/208 [00:06<00:02, 24.54it/s, loss=1.243, acc=75.1%, lr=2.9e-04]
Epoch 11/80 [Train]:  75%|███████▌  | 156/208 [00:06<00:02, 24.54it/s, loss=1.537, acc=75.1%, lr=2.9e-04]
Epoch 11/80 [Train]:  76%|███████▋  | 159/208 [00:06<00:01, 24.57it/s, loss=1.537, acc=75.1%, lr=2.9e-04]
Epoch 11/80 [Train]:  76%|███████▋  | 159/208 [00:06<00:01, 24.57it/s, loss=1.100, acc=75.1%, lr=2.9e-04]
Epoch 11/80 [Train]:  76%|███████▋  | 159/208 [00:06<00:01, 24.57it/s, loss=1.102, acc=75.1%, lr=2.9e-04]
Epoch 11/80 [Train]:  76%|███████▋  | 159/208 [00:06<00:01, 24.57it/s, loss=1.137, acc=75.1%, lr=2.9e-04]
Epoch 11/80 [Train]:  78%|███████▊  | 162/208 [00:06<00:01, 24.69it/s, loss=1.137, acc=75.1%, lr=2.9e-04]
Epoch 11/80 [Train]:  78%|███████▊  | 162/208 [00:06<00:01, 24.69it/s, loss=1.308, acc=75.2%, lr=2.9e-04]
Epoch 11/80 [Train]:  78%|███████▊  | 162/208 [00:06<00:01, 24.69it/s, loss=1.046, acc=75.2%, lr=2.9e-04]
Epoch 11/80 [Train]:  78%|███████▊  | 162/208 [00:06<00:01, 24.69it/s, loss=1.284, acc=75.2%, lr=2.9e-04]
Epoch 11/80 [Train]:  79%|███████▉  | 165/208 [00:06<00:01, 24.61it/s, loss=1.284, acc=75.2%, lr=2.9e-04]
Epoch 11/80 [Train]:  79%|███████▉  | 165/208 [00:06<00:01, 24.61it/s, loss=1.651, acc=75.2%, lr=2.9e-04]
Epoch 11/80 [Train]:  79%|███████▉  | 165/208 [00:06<00:01, 24.61it/s, loss=1.386, acc=75.2%, lr=2.9e-04]
Epoch 11/80 [Train]:  79%|███████▉  | 165/208 [00:06<00:01, 24.61it/s, loss=1.372, acc=75.2%, lr=2.9e-04]
Epoch 11/80 [Train]:  81%|████████  | 168/208 [00:06<00:01, 24.93it/s, loss=1.372, acc=75.2%, lr=2.9e-04]
Epoch 11/80 [Train]:  81%|████████  | 168/208 [00:06<00:01, 24.93it/s, loss=1.686, acc=75.2%, lr=2.9e-04]
Epoch 11/80 [Train]:  81%|████████  | 168/208 [00:06<00:01, 24.93it/s, loss=1.267, acc=75.2%, lr=2.9e-04]
Epoch 11/80 [Train]:  81%|████████  | 168/208 [00:06<00:01, 24.93it/s, loss=1.483, acc=75.2%, lr=2.9e-04]
Epoch 11/80 [Train]:  82%|████████▏ | 171/208 [00:06<00:01, 25.10it/s, loss=1.483, acc=75.2%, lr=2.9e-04]
Epoch 11/80 [Train]:  82%|████████▏ | 171/208 [00:06<00:01, 25.10it/s, loss=1.372, acc=75.2%, lr=2.9e-04]
Epoch 11/80 [Train]:  82%|████████▏ | 171/208 [00:06<00:01, 25.10it/s, loss=1.464, acc=75.2%, lr=2.9e-04]
Epoch 11/80 [Train]:  82%|████████▏ | 171/208 [00:06<00:01, 25.10it/s, loss=1.455, acc=75.1%, lr=2.9e-04]
Epoch 11/80 [Train]:  84%|████████▎ | 174/208 [00:06<00:01, 25.10it/s, loss=1.455, acc=75.1%, lr=2.9e-04]
Epoch 11/80 [Train]:  84%|████████▎ | 174/208 [00:07<00:01, 25.10it/s, loss=1.080, acc=75.1%, lr=2.9e-04]
Epoch 11/80 [Train]:  84%|████████▎ | 174/208 [00:07<00:01, 25.10it/s, loss=1.488, acc=75.1%, lr=2.9e-04]
Epoch 11/80 [Train]:  84%|████████▎ | 174/208 [00:07<00:01, 25.10it/s, loss=1.216, acc=75.1%, lr=2.9e-04]
Epoch 11/80 [Train]:  85%|████████▌ | 177/208 [00:07<00:01, 25.10it/s, loss=1.216, acc=75.1%, lr=2.9e-04]
Epoch 11/80 [Train]:  85%|████████▌ | 177/208 [00:07<00:01, 25.10it/s, loss=1.534, acc=75.1%, lr=2.9e-04]
Epoch 11/80 [Train]:  85%|████████▌ | 177/208 [00:07<00:01, 25.10it/s, loss=1.096, acc=75.1%, lr=2.9e-04]
Epoch 11/80 [Train]:  85%|████████▌ | 177/208 [00:07<00:01, 25.10it/s, loss=1.263, acc=75.1%, lr=2.9e-04]
Epoch 11/80 [Train]:  87%|████████▋ | 180/208 [00:07<00:01, 24.95it/s, loss=1.263, acc=75.1%, lr=2.9e-04]
Epoch 11/80 [Train]:  87%|████████▋ | 180/208 [00:07<00:01, 24.95it/s, loss=1.221, acc=75.1%, lr=2.9e-04]
Epoch 11/80 [Train]:  87%|████████▋ | 180/208 [00:07<00:01, 24.95it/s, loss=1.512, acc=75.1%, lr=2.9e-04]
Epoch 11/80 [Train]:  87%|████████▋ | 180/208 [00:07<00:01, 24.95it/s, loss=1.522, acc=75.0%, lr=2.9e-04]
Epoch 11/80 [Train]:  88%|████████▊ | 183/208 [00:07<00:01, 24.89it/s, loss=1.522, acc=75.0%, lr=2.9e-04]
Epoch 11/80 [Train]:  88%|████████▊ | 183/208 [00:07<00:01, 24.89it/s, loss=1.504, acc=75.0%, lr=2.9e-04]
Epoch 11/80 [Train]:  88%|████████▊ | 183/208 [00:07<00:01, 24.89it/s, loss=1.229, acc=75.1%, lr=2.9e-04]
Epoch 11/80 [Train]:  88%|████████▊ | 183/208 [00:07<00:01, 24.89it/s, loss=1.386, acc=75.0%, lr=2.9e-04]
Epoch 11/80 [Train]:  89%|████████▉ | 186/208 [00:07<00:00, 24.79it/s, loss=1.386, acc=75.0%, lr=2.9e-04]
Epoch 11/80 [Train]:  89%|████████▉ | 186/208 [00:07<00:00, 24.79it/s, loss=1.126, acc=75.1%, lr=2.9e-04]
Epoch 11/80 [Train]:  89%|████████▉ | 186/208 [00:07<00:00, 24.79it/s, loss=1.396, acc=75.0%, lr=2.9e-04]
Epoch 11/80 [Train]:  89%|████████▉ | 186/208 [00:07<00:00, 24.79it/s, loss=1.300, acc=75.0%, lr=2.9e-04]
Epoch 11/80 [Train]:  91%|█████████ | 189/208 [00:07<00:00, 24.92it/s, loss=1.300, acc=75.0%, lr=2.9e-04]
Epoch 11/80 [Train]:  91%|█████████ | 189/208 [00:07<00:00, 24.92it/s, loss=1.421, acc=75.0%, lr=2.9e-04]
Epoch 11/80 [Train]:  91%|█████████ | 189/208 [00:07<00:00, 24.92it/s, loss=1.669, acc=75.0%, lr=2.9e-04]
Epoch 11/80 [Train]:  91%|█████████ | 189/208 [00:07<00:00, 24.92it/s, loss=1.690, acc=75.0%, lr=2.9e-04]
Epoch 11/80 [Train]:  92%|█████████▏| 192/208 [00:07<00:00, 24.94it/s, loss=1.690, acc=75.0%, lr=2.9e-04]
Epoch 11/80 [Train]:  92%|█████████▏| 192/208 [00:07<00:00, 24.94it/s, loss=1.357, acc=75.0%, lr=2.9e-04]
Epoch 11/80 [Train]:  92%|█████████▏| 192/208 [00:07<00:00, 24.94it/s, loss=1.200, acc=75.0%, lr=2.9e-04]
Epoch 11/80 [Train]:  92%|█████████▏| 192/208 [00:07<00:00, 24.94it/s, loss=1.493, acc=74.9%, lr=2.9e-04]
Epoch 11/80 [Train]:  94%|█████████▍| 195/208 [00:07<00:00, 25.03it/s, loss=1.493, acc=74.9%, lr=2.9e-04]
Epoch 11/80 [Train]:  94%|█████████▍| 195/208 [00:07<00:00, 25.03it/s, loss=1.245, acc=74.9%, lr=2.9e-04]
Epoch 11/80 [Train]:  94%|█████████▍| 195/208 [00:07<00:00, 25.03it/s, loss=1.571, acc=74.9%, lr=2.9e-04]
Epoch 11/80 [Train]:  94%|█████████▍| 195/208 [00:07<00:00, 25.03it/s, loss=1.298, acc=74.9%, lr=2.9e-04]
Epoch 11/80 [Train]:  95%|█████████▌| 198/208 [00:07<00:00, 25.21it/s, loss=1.298, acc=74.9%, lr=2.9e-04]
Epoch 11/80 [Train]:  95%|█████████▌| 198/208 [00:07<00:00, 25.21it/s, loss=1.306, acc=74.9%, lr=2.9e-04]
Epoch 11/80 [Train]:  95%|█████████▌| 198/208 [00:08<00:00, 25.21it/s, loss=1.175, acc=74.9%, lr=2.9e-04]
Epoch 11/80 [Train]:  95%|█████████▌| 198/208 [00:08<00:00, 25.21it/s, loss=1.385, acc=74.9%, lr=2.9e-04]
Epoch 11/80 [Train]:  97%|█████████▋| 201/208 [00:08<00:00, 25.23it/s, loss=1.385, acc=74.9%, lr=2.9e-04]
Epoch 11/80 [Train]:  97%|█████████▋| 201/208 [00:08<00:00, 25.23it/s, loss=1.186, acc=74.9%, lr=2.9e-04]
Epoch 11/80 [Train]:  97%|█████████▋| 201/208 [00:08<00:00, 25.23it/s, loss=1.364, acc=74.9%, lr=2.9e-04]
Epoch 11/80 [Train]:  97%|█████████▋| 201/208 [00:08<00:00, 25.23it/s, loss=1.058, acc=74.9%, lr=2.9e-04]
Epoch 11/80 [Train]:  98%|█████████▊| 204/208 [00:08<00:00, 25.00it/s, loss=1.058, acc=74.9%, lr=2.9e-04]
Epoch 11/80 [Train]:  98%|█████████▊| 204/208 [00:08<00:00, 25.00it/s, loss=1.255, acc=74.9%, lr=2.9e-04]
Epoch 11/80 [Train]:  98%|█████████▊| 204/208 [00:08<00:00, 25.00it/s, loss=1.421, acc=74.9%, lr=2.9e-04]
Epoch 11/80 [Train]:  98%|█████████▊| 204/208 [00:08<00:00, 25.00it/s, loss=1.245, acc=74.9%, lr=2.9e-04]
Epoch 11/80 [Train]: 100%|█████████▉| 207/208 [00:08<00:00, 25.10it/s, loss=1.245, acc=74.9%, lr=2.9e-04]
Epoch 11/80 [Train]: 100%|█████████▉| 207/208 [00:08<00:00, 25.10it/s, loss=1.230, acc=74.9%, lr=2.9e-04]
Epoch 11/80 [Train]: 100%|██████████| 208/208 [00:08<00:00, 25.04it/s, loss=1.230, acc=74.9%, lr=2.9e-04]

[2026-08-17 01:19:10] [EPOCH 11 SUMMARY]
  Train: Loss = 1.3412 | Top-1 Acc =  74.94%
  Val:   Top-1 Acc =  11.01% | Top-3 =  30.82% | Top-5 =  42.73%
         APL = 11.41 dB | Profile MAE =  2.45 dB (Rank Corr: 0.559)
  Time:  Epoch = 8.3s (Val Eval: 2.0s) | Total Elapsed = 00h:01m:42s | ETA: 00h:10m:40s
  -> [INFO] No improvement for 3/12 epochs (Best: 15.65%)

[2026-08-17 01:19:10] >>> [EPOCH 12/80] Training Started <<<

Epoch 12/80 [Train]:   0%|          | 0/208 [00:00<?, ?it/s]
Epoch 12/80 [Train]:   0%|          | 0/208 [00:00<?, ?it/s, loss=1.321, acc=81.2%, lr=2.9e-04]
Epoch 12/80 [Train]:   0%|          | 0/208 [00:00<?, ?it/s, loss=1.296, acc=78.1%, lr=2.9e-04]
Epoch 12/80 [Train]:   0%|          | 0/208 [00:00<?, ?it/s, loss=1.308, acc=77.6%, lr=2.9e-04]
Epoch 12/80 [Train]:   1%|▏         | 3/208 [00:00<00:08, 25.33it/s, loss=1.308, acc=77.6%, lr=2.9e-04]
Epoch 12/80 [Train]:   1%|▏         | 3/208 [00:00<00:08, 25.33it/s, loss=1.157, acc=78.1%, lr=2.9e-04]
Epoch 12/80 [Train]:   1%|▏         | 3/208 [00:00<00:08, 25.33it/s, loss=1.340, acc=77.8%, lr=2.9e-04]
Epoch 12/80 [Train]:   1%|▏         | 3/208 [00:00<00:08, 25.33it/s, loss=1.497, acc=77.9%, lr=2.9e-04]
Epoch 12/80 [Train]:   3%|▎         | 6/208 [00:00<00:08, 25.22it/s, loss=1.497, acc=77.9%, lr=2.9e-04]
Epoch 12/80 [Train]:   3%|▎         | 6/208 [00:00<00:08, 25.22it/s, loss=1.451, acc=77.5%, lr=2.9e-04]
Epoch 12/80 [Train]:   3%|▎         | 6/208 [00:00<00:08, 25.22it/s, loss=1.399, acc=77.0%, lr=2.9e-04]
Epoch 12/80 [Train]:   3%|▎         | 6/208 [00:00<00:08, 25.22it/s, loss=1.299, acc=76.6%, lr=2.9e-04]
Epoch 12/80 [Train]:   4%|▍         | 9/208 [00:00<00:08, 24.79it/s, loss=1.299, acc=76.6%, lr=2.9e-04]
Epoch 12/80 [Train]:   4%|▍         | 9/208 [00:00<00:08, 24.79it/s, loss=1.406, acc=77.0%, lr=2.9e-04]
Epoch 12/80 [Train]:   4%|▍         | 9/208 [00:00<00:08, 24.79it/s, loss=1.230, acc=76.7%, lr=2.9e-04]
Epoch 12/80 [Train]:   4%|▍         | 9/208 [00:00<00:08, 24.79it/s, loss=1.242, acc=76.7%, lr=2.9e-04]
Epoch 12/80 [Train]:   6%|▌         | 12/208 [00:00<00:08, 24.29it/s, loss=1.242, acc=76.7%, lr=2.9e-04]
Epoch 12/80 [Train]:   6%|▌         | 12/208 [00:00<00:08, 24.29it/s, loss=1.346, acc=76.3%, lr=2.9e-04]
Epoch 12/80 [Train]:   6%|▌         | 12/208 [00:00<00:08, 24.29it/s, loss=1.280, acc=76.5%, lr=2.9e-04]
Epoch 12/80 [Train]:   6%|▌         | 12/208 [00:00<00:08, 24.29it/s, loss=1.186, acc=76.8%, lr=2.9e-04]
Epoch 12/80 [Train]:   7%|▋         | 15/208 [00:00<00:07, 24.46it/s, loss=1.186, acc=76.8%, lr=2.9e-04]
Epoch 12/80 [Train]:   7%|▋         | 15/208 [00:00<00:07, 24.46it/s, loss=1.454, acc=76.8%, lr=2.9e-04]
Epoch 12/80 [Train]:   7%|▋         | 15/208 [00:00<00:07, 24.46it/s, loss=1.263, acc=76.7%, lr=2.9e-04]
Epoch 12/80 [Train]:   7%|▋         | 15/208 [00:00<00:07, 24.46it/s, loss=1.326, acc=76.3%, lr=2.9e-04]
Epoch 12/80 [Train]:   9%|▊         | 18/208 [00:00<00:07, 24.74it/s, loss=1.326, acc=76.3%, lr=2.9e-04]
Epoch 12/80 [Train]:   9%|▊         | 18/208 [00:00<00:07, 24.74it/s, loss=1.261, acc=76.8%, lr=2.9e-04]
Epoch 12/80 [Train]:   9%|▊         | 18/208 [00:00<00:07, 24.74it/s, loss=1.186, acc=76.9%, lr=2.9e-04]
Epoch 12/80 [Train]:   9%|▊         | 18/208 [00:00<00:07, 24.74it/s, loss=1.271, acc=76.8%, lr=2.9e-04]
Epoch 12/80 [Train]:  10%|█         | 21/208 [00:00<00:07, 24.63it/s, loss=1.271, acc=76.8%, lr=2.9e-04]
Epoch 12/80 [Train]:  10%|█         | 21/208 [00:00<00:07, 24.63it/s, loss=1.402, acc=76.6%, lr=2.9e-04]
Epoch 12/80 [Train]:  10%|█         | 21/208 [00:00<00:07, 24.63it/s, loss=1.324, acc=76.6%, lr=2.9e-04]
Epoch 12/80 [Train]:  10%|█         | 21/208 [00:00<00:07, 24.63it/s, loss=1.207, acc=76.6%, lr=2.9e-04]
Epoch 12/80 [Train]:  12%|█▏        | 24/208 [00:00<00:07, 24.91it/s, loss=1.207, acc=76.6%, lr=2.9e-04]
Epoch 12/80 [Train]:  12%|█▏        | 24/208 [00:01<00:07, 24.91it/s, loss=1.530, acc=76.1%, lr=2.9e-04]
Epoch 12/80 [Train]:  12%|█▏        | 24/208 [00:01<00:07, 24.91it/s, loss=1.332, acc=75.8%, lr=2.9e-04]
Epoch 12/80 [Train]:  12%|█▏        | 24/208 [00:01<00:07, 24.91it/s, loss=1.430, acc=75.6%, lr=2.9e-04]
Epoch 12/80 [Train]:  13%|█▎        | 27/208 [00:01<00:07, 24.66it/s, loss=1.430, acc=75.6%, lr=2.9e-04]
Epoch 12/80 [Train]:  13%|█▎        | 27/208 [00:01<00:07, 24.66it/s, loss=1.088, acc=75.8%, lr=2.9e-04]
Epoch 12/80 [Train]:  13%|█▎        | 27/208 [00:01<00:07, 24.66it/s, loss=1.188, acc=76.1%, lr=2.9e-04]
Epoch 12/80 [Train]:  13%|█▎        | 27/208 [00:01<00:07, 24.66it/s, loss=1.130, acc=76.2%, lr=2.9e-04]
Epoch 12/80 [Train]:  14%|█▍        | 30/208 [00:01<00:07, 24.84it/s, loss=1.130, acc=76.2%, lr=2.9e-04]
Epoch 12/80 [Train]:  14%|█▍        | 30/208 [00:01<00:07, 24.84it/s, loss=1.333, acc=76.2%, lr=2.9e-04]
Epoch 12/80 [Train]:  14%|█▍        | 30/208 [00:01<00:07, 24.84it/s, loss=1.203, acc=76.3%, lr=2.9e-04]
Epoch 12/80 [Train]:  14%|█▍        | 30/208 [00:01<00:07, 24.84it/s, loss=1.254, acc=76.1%, lr=2.9e-04]
Epoch 12/80 [Train]:  16%|█▌        | 33/208 [00:01<00:06, 25.04it/s, loss=1.254, acc=76.1%, lr=2.9e-04]
Epoch 12/80 [Train]:  16%|█▌        | 33/208 [00:01<00:06, 25.04it/s, loss=1.275, acc=76.2%, lr=2.9e-04]
Epoch 12/80 [Train]:  16%|█▌        | 33/208 [00:01<00:06, 25.04it/s, loss=1.066, acc=76.4%, lr=2.9e-04]
Epoch 12/80 [Train]:  16%|█▌        | 33/208 [00:01<00:06, 25.04it/s, loss=1.273, acc=76.3%, lr=2.9e-04]
Epoch 12/80 [Train]:  17%|█▋        | 36/208 [00:01<00:06, 25.07it/s, loss=1.273, acc=76.3%, lr=2.9e-04]
Epoch 12/80 [Train]:  17%|█▋        | 36/208 [00:01<00:06, 25.07it/s, loss=1.288, acc=76.3%, lr=2.9e-04]
Epoch 12/80 [Train]:  17%|█▋        | 36/208 [00:01<00:06, 25.07it/s, loss=1.286, acc=76.3%, lr=2.9e-04]
Epoch 12/80 [Train]:  17%|█▋        | 36/208 [00:01<00:06, 25.07it/s, loss=1.186, acc=76.4%, lr=2.9e-04]
Epoch 12/80 [Train]:  19%|█▉        | 39/208 [00:01<00:06, 25.12it/s, loss=1.186, acc=76.4%, lr=2.9e-04]
Epoch 12/80 [Train]:  19%|█▉        | 39/208 [00:01<00:06, 25.12it/s, loss=1.055, acc=76.5%, lr=2.9e-04]
Epoch 12/80 [Train]:  19%|█▉        | 39/208 [00:01<00:06, 25.12it/s, loss=1.467, acc=76.4%, lr=2.9e-04]
Epoch 12/80 [Train]:  19%|█▉        | 39/208 [00:01<00:06, 25.12it/s, loss=1.542, acc=76.3%, lr=2.9e-04]
Epoch 12/80 [Train]:  20%|██        | 42/208 [00:01<00:06, 25.10it/s, loss=1.542, acc=76.3%, lr=2.9e-04]
Epoch 12/80 [Train]:  20%|██        | 42/208 [00:01<00:06, 25.10it/s, loss=1.180, acc=76.2%, lr=2.9e-04]
Epoch 12/80 [Train]:  20%|██        | 42/208 [00:01<00:06, 25.10it/s, loss=1.287, acc=76.1%, lr=2.9e-04]
Epoch 12/80 [Train]:  20%|██        | 42/208 [00:01<00:06, 25.10it/s, loss=1.438, acc=76.0%, lr=2.9e-04]
Epoch 12/80 [Train]:  22%|██▏       | 45/208 [00:01<00:06, 25.34it/s, loss=1.438, acc=76.0%, lr=2.9e-04]
Epoch 12/80 [Train]:  22%|██▏       | 45/208 [00:01<00:06, 25.34it/s, loss=1.089, acc=76.1%, lr=2.9e-04]
Epoch 12/80 [Train]:  22%|██▏       | 45/208 [00:01<00:06, 25.34it/s, loss=1.196, acc=75.9%, lr=2.9e-04]
Epoch 12/80 [Train]:  22%|██▏       | 45/208 [00:01<00:06, 25.34it/s, loss=1.203, acc=75.7%, lr=2.9e-04]
Epoch 12/80 [Train]:  23%|██▎       | 48/208 [00:01<00:06, 25.57it/s, loss=1.203, acc=75.7%, lr=2.9e-04]
Epoch 12/80 [Train]:  23%|██▎       | 48/208 [00:01<00:06, 25.57it/s, loss=1.262, acc=75.8%, lr=2.9e-04]
Epoch 12/80 [Train]:  23%|██▎       | 48/208 [00:01<00:06, 25.57it/s, loss=1.255, acc=75.8%, lr=2.9e-04]
Epoch 12/80 [Train]:  23%|██▎       | 48/208 [00:02<00:06, 25.57it/s, loss=1.336, acc=75.9%, lr=2.9e-04]
Epoch 12/80 [Train]:  25%|██▍       | 51/208 [00:02<00:06, 25.50it/s, loss=1.336, acc=75.9%, lr=2.9e-04]
Epoch 12/80 [Train]:  25%|██▍       | 51/208 [00:02<00:06, 25.50it/s, loss=1.112, acc=76.1%, lr=2.9e-04]
Epoch 12/80 [Train]:  25%|██▍       | 51/208 [00:02<00:06, 25.50it/s, loss=1.454, acc=76.1%, lr=2.9e-04]
Epoch 12/80 [Train]:  25%|██▍       | 51/208 [00:02<00:06, 25.50it/s, loss=1.150, acc=76.1%, lr=2.9e-04]
Epoch 12/80 [Train]:  26%|██▌       | 54/208 [00:02<00:06, 25.13it/s, loss=1.150, acc=76.1%, lr=2.9e-04]
Epoch 12/80 [Train]:  26%|██▌       | 54/208 [00:02<00:06, 25.13it/s, loss=1.188, acc=76.2%, lr=2.9e-04]
Epoch 12/80 [Train]:  26%|██▌       | 54/208 [00:02<00:06, 25.13it/s, loss=1.419, acc=76.2%, lr=2.9e-04]
Epoch 12/80 [Train]:  26%|██▌       | 54/208 [00:02<00:06, 25.13it/s, loss=1.140, acc=76.3%, lr=2.9e-04]
Epoch 12/80 [Train]:  27%|██▋       | 57/208 [00:02<00:05, 25.25it/s, loss=1.140, acc=76.3%, lr=2.9e-04]
Epoch 12/80 [Train]:  27%|██▋       | 57/208 [00:02<00:05, 25.25it/s, loss=1.287, acc=76.3%, lr=2.9e-04]
Epoch 12/80 [Train]:  27%|██▋       | 57/208 [00:02<00:05, 25.25it/s, loss=1.267, acc=76.3%, lr=2.9e-04]
Epoch 12/80 [Train]:  27%|██▋       | 57/208 [00:02<00:05, 25.25it/s, loss=1.111, acc=76.4%, lr=2.9e-04]
Epoch 12/80 [Train]:  29%|██▉       | 60/208 [00:02<00:05, 25.34it/s, loss=1.111, acc=76.4%, lr=2.9e-04]
Epoch 12/80 [Train]:  29%|██▉       | 60/208 [00:02<00:05, 25.34it/s, loss=1.051, acc=76.3%, lr=2.9e-04]
Epoch 12/80 [Train]:  29%|██▉       | 60/208 [00:02<00:05, 25.34it/s, loss=1.355, acc=76.3%, lr=2.9e-04]
Epoch 12/80 [Train]:  29%|██▉       | 60/208 [00:02<00:05, 25.34it/s, loss=1.328, acc=76.4%, lr=2.9e-04]
Epoch 12/80 [Train]:  30%|███       | 63/208 [00:02<00:05, 24.52it/s, loss=1.328, acc=76.4%, lr=2.9e-04]
Epoch 12/80 [Train]:  30%|███       | 63/208 [00:02<00:05, 24.52it/s, loss=1.317, acc=76.4%, lr=2.9e-04]
Epoch 12/80 [Train]:  30%|███       | 63/208 [00:02<00:05, 24.52it/s, loss=1.265, acc=76.4%, lr=2.9e-04]
Epoch 12/80 [Train]:  30%|███       | 63/208 [00:02<00:05, 24.52it/s, loss=1.141, acc=76.4%, lr=2.9e-04]
Epoch 12/80 [Train]:  32%|███▏      | 66/208 [00:02<00:05, 24.78it/s, loss=1.141, acc=76.4%, lr=2.9e-04]
Epoch 12/80 [Train]:  32%|███▏      | 66/208 [00:02<00:05, 24.78it/s, loss=1.231, acc=76.4%, lr=2.9e-04]
Epoch 12/80 [Train]:  32%|███▏      | 66/208 [00:02<00:05, 24.78it/s, loss=1.102, acc=76.3%, lr=2.9e-04]
Epoch 12/80 [Train]:  32%|███▏      | 66/208 [00:02<00:05, 24.78it/s, loss=1.218, acc=76.3%, lr=2.9e-04]
Epoch 12/80 [Train]:  33%|███▎      | 69/208 [00:02<00:05, 24.91it/s, loss=1.218, acc=76.3%, lr=2.9e-04]
Epoch 12/80 [Train]:  33%|███▎      | 69/208 [00:02<00:05, 24.91it/s, loss=1.208, acc=76.3%, lr=2.9e-04]
Epoch 12/80 [Train]:  33%|███▎      | 69/208 [00:02<00:05, 24.91it/s, loss=0.967, acc=76.4%, lr=2.9e-04]
Epoch 12/80 [Train]:  33%|███▎      | 69/208 [00:02<00:05, 24.91it/s, loss=1.510, acc=76.3%, lr=2.9e-04]
Epoch 12/80 [Train]:  35%|███▍      | 72/208 [00:02<00:05, 25.15it/s, loss=1.510, acc=76.3%, lr=2.9e-04]
Epoch 12/80 [Train]:  35%|███▍      | 72/208 [00:02<00:05, 25.15it/s, loss=1.315, acc=76.3%, lr=2.9e-04]
Epoch 12/80 [Train]:  35%|███▍      | 72/208 [00:02<00:05, 25.15it/s, loss=1.037, acc=76.4%, lr=2.9e-04]
Epoch 12/80 [Train]:  35%|███▍      | 72/208 [00:02<00:05, 25.15it/s, loss=1.200, acc=76.3%, lr=2.9e-04]
Epoch 12/80 [Train]:  36%|███▌      | 75/208 [00:02<00:05, 25.26it/s, loss=1.200, acc=76.3%, lr=2.9e-04]
Epoch 12/80 [Train]:  36%|███▌      | 75/208 [00:03<00:05, 25.26it/s, loss=1.179, acc=76.3%, lr=2.9e-04]
Epoch 12/80 [Train]:  36%|███▌      | 75/208 [00:03<00:05, 25.26it/s, loss=1.254, acc=76.4%, lr=2.9e-04]
Epoch 12/80 [Train]:  36%|███▌      | 75/208 [00:03<00:05, 25.26it/s, loss=1.303, acc=76.5%, lr=2.9e-04]
Epoch 12/80 [Train]:  38%|███▊      | 78/208 [00:03<00:05, 25.41it/s, loss=1.303, acc=76.5%, lr=2.9e-04]
Epoch 12/80 [Train]:  38%|███▊      | 78/208 [00:03<00:05, 25.41it/s, loss=1.286, acc=76.5%, lr=2.9e-04]
Epoch 12/80 [Train]:  38%|███▊      | 78/208 [00:03<00:05, 25.41it/s, loss=1.516, acc=76.4%, lr=2.9e-04]
Epoch 12/80 [Train]:  38%|███▊      | 78/208 [00:03<00:05, 25.41it/s, loss=1.316, acc=76.4%, lr=2.9e-04]
Epoch 12/80 [Train]:  39%|███▉      | 81/208 [00:03<00:04, 25.44it/s, loss=1.316, acc=76.4%, lr=2.9e-04]
Epoch 12/80 [Train]:  39%|███▉      | 81/208 [00:03<00:04, 25.44it/s, loss=1.232, acc=76.4%, lr=2.9e-04]
Epoch 12/80 [Train]:  39%|███▉      | 81/208 [00:03<00:04, 25.44it/s, loss=0.987, acc=76.4%, lr=2.9e-04]
Epoch 12/80 [Train]:  39%|███▉      | 81/208 [00:03<00:04, 25.44it/s, loss=1.210, acc=76.4%, lr=2.9e-04]
Epoch 12/80 [Train]:  40%|████      | 84/208 [00:03<00:04, 25.56it/s, loss=1.210, acc=76.4%, lr=2.9e-04]
Epoch 12/80 [Train]:  40%|████      | 84/208 [00:03<00:04, 25.56it/s, loss=1.270, acc=76.3%, lr=2.9e-04]
Epoch 12/80 [Train]:  40%|████      | 84/208 [00:03<00:04, 25.56it/s, loss=1.183, acc=76.3%, lr=2.9e-04]
Epoch 12/80 [Train]:  40%|████      | 84/208 [00:03<00:04, 25.56it/s, loss=1.450, acc=76.2%, lr=2.9e-04]
Epoch 12/80 [Train]:  42%|████▏     | 87/208 [00:03<00:04, 25.62it/s, loss=1.450, acc=76.2%, lr=2.9e-04]
Epoch 12/80 [Train]:  42%|████▏     | 87/208 [00:03<00:04, 25.62it/s, loss=1.263, acc=76.2%, lr=2.9e-04]
Epoch 12/80 [Train]:  42%|████▏     | 87/208 [00:03<00:04, 25.62it/s, loss=1.257, acc=76.2%, lr=2.9e-04]
Epoch 12/80 [Train]:  42%|████▏     | 87/208 [00:03<00:04, 25.62it/s, loss=1.351, acc=76.2%, lr=2.9e-04]
Epoch 12/80 [Train]:  43%|████▎     | 90/208 [00:03<00:04, 25.60it/s, loss=1.351, acc=76.2%, lr=2.9e-04]
Epoch 12/80 [Train]:  43%|████▎     | 90/208 [00:03<00:04, 25.60it/s, loss=1.093, acc=76.2%, lr=2.9e-04]
Epoch 12/80 [Train]:  43%|████▎     | 90/208 [00:03<00:04, 25.60it/s, loss=1.174, acc=76.1%, lr=2.9e-04]
Epoch 12/80 [Train]:  43%|████▎     | 90/208 [00:03<00:04, 25.60it/s, loss=1.234, acc=76.1%, lr=2.9e-04]
Epoch 12/80 [Train]:  45%|████▍     | 93/208 [00:03<00:04, 25.33it/s, loss=1.234, acc=76.1%, lr=2.9e-04]
Epoch 12/80 [Train]:  45%|████▍     | 93/208 [00:03<00:04, 25.33it/s, loss=1.522, acc=76.1%, lr=2.9e-04]
Epoch 12/80 [Train]:  45%|████▍     | 93/208 [00:03<00:04, 25.33it/s, loss=1.230, acc=76.1%, lr=2.9e-04]
Epoch 12/80 [Train]:  45%|████▍     | 93/208 [00:03<00:04, 25.33it/s, loss=1.104, acc=76.1%, lr=2.9e-04]
Epoch 12/80 [Train]:  46%|████▌     | 96/208 [00:03<00:04, 25.38it/s, loss=1.104, acc=76.1%, lr=2.9e-04]
Epoch 12/80 [Train]:  46%|████▌     | 96/208 [00:03<00:04, 25.38it/s, loss=1.229, acc=76.1%, lr=2.9e-04]
Epoch 12/80 [Train]:  46%|████▌     | 96/208 [00:03<00:04, 25.38it/s, loss=1.262, acc=76.1%, lr=2.9e-04]
Epoch 12/80 [Train]:  46%|████▌     | 96/208 [00:03<00:04, 25.38it/s, loss=1.021, acc=76.2%, lr=2.9e-04]
Epoch 12/80 [Train]:  48%|████▊     | 99/208 [00:03<00:04, 25.33it/s, loss=1.021, acc=76.2%, lr=2.9e-04]
Epoch 12/80 [Train]:  48%|████▊     | 99/208 [00:03<00:04, 25.33it/s, loss=1.251, acc=76.1%, lr=2.9e-04]
Epoch 12/80 [Train]:  48%|████▊     | 99/208 [00:04<00:04, 25.33it/s, loss=1.467, acc=76.0%, lr=2.9e-04]
Epoch 12/80 [Train]:  48%|████▊     | 99/208 [00:04<00:04, 25.33it/s, loss=1.250, acc=76.1%, lr=2.9e-04]
Epoch 12/80 [Train]:  49%|████▉     | 102/208 [00:04<00:04, 25.52it/s, loss=1.250, acc=76.1%, lr=2.9e-04]
Epoch 12/80 [Train]:  49%|████▉     | 102/208 [00:04<00:04, 25.52it/s, loss=1.332, acc=76.1%, lr=2.9e-04]
Epoch 12/80 [Train]:  49%|████▉     | 102/208 [00:04<00:04, 25.52it/s, loss=1.170, acc=76.2%, lr=2.9e-04]
Epoch 12/80 [Train]:  49%|████▉     | 102/208 [00:04<00:04, 25.52it/s, loss=1.389, acc=76.1%, lr=2.9e-04]
Epoch 12/80 [Train]:  50%|█████     | 105/208 [00:04<00:04, 25.40it/s, loss=1.389, acc=76.1%, lr=2.9e-04]
Epoch 12/80 [Train]:  50%|█████     | 105/208 [00:04<00:04, 25.40it/s, loss=1.064, acc=76.1%, lr=2.9e-04]
Epoch 12/80 [Train]:  50%|█████     | 105/208 [00:04<00:04, 25.40it/s, loss=1.274, acc=76.1%, lr=2.9e-04]
Epoch 12/80 [Train]:  50%|█████     | 105/208 [00:04<00:04, 25.40it/s, loss=1.035, acc=76.2%, lr=2.9e-04]
Epoch 12/80 [Train]:  52%|█████▏    | 108/208 [00:04<00:03, 25.43it/s, loss=1.035, acc=76.2%, lr=2.9e-04]
Epoch 12/80 [Train]:  52%|█████▏    | 108/208 [00:04<00:03, 25.43it/s, loss=1.670, acc=76.1%, lr=2.9e-04]
Epoch 12/80 [Train]:  52%|█████▏    | 108/208 [00:04<00:03, 25.43it/s, loss=1.190, acc=76.2%, lr=2.9e-04]
Epoch 12/80 [Train]:  52%|█████▏    | 108/208 [00:04<00:03, 25.43it/s, loss=1.311, acc=76.1%, lr=2.9e-04]
Epoch 12/80 [Train]:  53%|█████▎    | 111/208 [00:04<00:03, 25.52it/s, loss=1.311, acc=76.1%, lr=2.9e-04]
Epoch 12/80 [Train]:  53%|█████▎    | 111/208 [00:04<00:03, 25.52it/s, loss=1.178, acc=76.1%, lr=2.9e-04]
Epoch 12/80 [Train]:  53%|█████▎    | 111/208 [00:04<00:03, 25.52it/s, loss=1.265, acc=76.1%, lr=2.9e-04]
Epoch 12/80 [Train]:  53%|█████▎    | 111/208 [00:04<00:03, 25.52it/s, loss=1.263, acc=76.1%, lr=2.9e-04]
Epoch 12/80 [Train]:  55%|█████▍    | 114/208 [00:04<00:03, 25.40it/s, loss=1.263, acc=76.1%, lr=2.9e-04]
Epoch 12/80 [Train]:  55%|█████▍    | 114/208 [00:04<00:03, 25.40it/s, loss=1.143, acc=76.2%, lr=2.9e-04]
Epoch 12/80 [Train]:  55%|█████▍    | 114/208 [00:04<00:03, 25.40it/s, loss=1.287, acc=76.1%, lr=2.9e-04]
Epoch 12/80 [Train]:  55%|█████▍    | 114/208 [00:04<00:03, 25.40it/s, loss=1.145, acc=76.1%, lr=2.9e-04]
Epoch 12/80 [Train]:  56%|█████▋    | 117/208 [00:04<00:03, 25.31it/s, loss=1.145, acc=76.1%, lr=2.9e-04]
Epoch 12/80 [Train]:  56%|█████▋    | 117/208 [00:04<00:03, 25.31it/s, loss=1.036, acc=76.2%, lr=2.9e-04]
Epoch 12/80 [Train]:  56%|█████▋    | 117/208 [00:04<00:03, 25.31it/s, loss=1.308, acc=76.2%, lr=2.9e-04]
Epoch 12/80 [Train]:  56%|█████▋    | 117/208 [00:04<00:03, 25.31it/s, loss=1.520, acc=76.1%, lr=2.9e-04]
Epoch 12/80 [Train]:  58%|█████▊    | 120/208 [00:04<00:03, 24.76it/s, loss=1.520, acc=76.1%, lr=2.9e-04]
Epoch 12/80 [Train]:  58%|█████▊    | 120/208 [00:04<00:03, 24.76it/s, loss=1.118, acc=76.1%, lr=2.9e-04]
Epoch 12/80 [Train]:  58%|█████▊    | 120/208 [00:04<00:03, 24.76it/s, loss=1.069, acc=76.2%, lr=2.9e-04]
Epoch 12/80 [Train]:  58%|█████▊    | 120/208 [00:04<00:03, 24.76it/s, loss=1.059, acc=76.2%, lr=2.9e-04]
Epoch 12/80 [Train]:  59%|█████▉    | 123/208 [00:04<00:03, 24.63it/s, loss=1.059, acc=76.2%, lr=2.9e-04]
Epoch 12/80 [Train]:  59%|█████▉    | 123/208 [00:04<00:03, 24.63it/s, loss=1.419, acc=76.1%, lr=2.9e-04]
Epoch 12/80 [Train]:  59%|█████▉    | 123/208 [00:04<00:03, 24.63it/s, loss=1.581, acc=76.0%, lr=2.9e-04]
Epoch 12/80 [Train]:  59%|█████▉    | 123/208 [00:05<00:03, 24.63it/s, loss=1.129, acc=76.0%, lr=2.9e-04]
Epoch 12/80 [Train]:  61%|██████    | 126/208 [00:05<00:03, 24.81it/s, loss=1.129, acc=76.0%, lr=2.9e-04]
Epoch 12/80 [Train]:  61%|██████    | 126/208 [00:05<00:03, 24.81it/s, loss=1.321, acc=76.0%, lr=2.9e-04]
Epoch 12/80 [Train]:  61%|██████    | 126/208 [00:05<00:03, 24.81it/s, loss=1.092, acc=76.0%, lr=2.9e-04]
Epoch 12/80 [Train]:  61%|██████    | 126/208 [00:05<00:03, 24.81it/s, loss=1.478, acc=75.9%, lr=2.9e-04]
Epoch 12/80 [Train]:  62%|██████▏   | 129/208 [00:05<00:03, 24.38it/s, loss=1.478, acc=75.9%, lr=2.9e-04]
Epoch 12/80 [Train]:  62%|██████▏   | 129/208 [00:05<00:03, 24.38it/s, loss=1.508, acc=75.8%, lr=2.9e-04]
Epoch 12/80 [Train]:  62%|██████▏   | 129/208 [00:05<00:03, 24.38it/s, loss=1.166, acc=75.9%, lr=2.9e-04]
Epoch 12/80 [Train]:  62%|██████▏   | 129/208 [00:05<00:03, 24.38it/s, loss=1.206, acc=75.9%, lr=2.9e-04]
Epoch 12/80 [Train]:  63%|██████▎   | 132/208 [00:05<00:03, 24.30it/s, loss=1.206, acc=75.9%, lr=2.9e-04]
Epoch 12/80 [Train]:  63%|██████▎   | 132/208 [00:05<00:03, 24.30it/s, loss=1.203, acc=76.0%, lr=2.9e-04]
Epoch 12/80 [Train]:  63%|██████▎   | 132/208 [00:05<00:03, 24.30it/s, loss=1.431, acc=75.9%, lr=2.9e-04]
Epoch 12/80 [Train]:  63%|██████▎   | 132/208 [00:05<00:03, 24.30it/s, loss=1.371, acc=75.9%, lr=2.9e-04]
Epoch 12/80 [Train]:  65%|██████▍   | 135/208 [00:05<00:02, 24.76it/s, loss=1.371, acc=75.9%, lr=2.9e-04]
Epoch 12/80 [Train]:  65%|██████▍   | 135/208 [00:05<00:02, 24.76it/s, loss=1.236, acc=75.9%, lr=2.9e-04]
Epoch 12/80 [Train]:  65%|██████▍   | 135/208 [00:05<00:02, 24.76it/s, loss=1.032, acc=76.0%, lr=2.9e-04]
Epoch 12/80 [Train]:  65%|██████▍   | 135/208 [00:05<00:02, 24.76it/s, loss=1.295, acc=76.0%, lr=2.9e-04]
Epoch 12/80 [Train]:  66%|██████▋   | 138/208 [00:05<00:02, 24.95it/s, loss=1.295, acc=76.0%, lr=2.9e-04]
Epoch 12/80 [Train]:  66%|██████▋   | 138/208 [00:05<00:02, 24.95it/s, loss=1.312, acc=75.9%, lr=2.9e-04]
Epoch 12/80 [Train]:  66%|██████▋   | 138/208 [00:05<00:02, 24.95it/s, loss=1.348, acc=75.9%, lr=2.9e-04]
Epoch 12/80 [Train]:  66%|██████▋   | 138/208 [00:05<00:02, 24.95it/s, loss=1.238, acc=75.9%, lr=2.9e-04]
Epoch 12/80 [Train]:  68%|██████▊   | 141/208 [00:05<00:02, 25.22it/s, loss=1.238, acc=75.9%, lr=2.9e-04]
Epoch 12/80 [Train]:  68%|██████▊   | 141/208 [00:05<00:02, 25.22it/s, loss=1.252, acc=75.9%, lr=2.9e-04]
Epoch 12/80 [Train]:  68%|██████▊   | 141/208 [00:05<00:02, 25.22it/s, loss=1.762, acc=75.8%, lr=2.9e-04]
Epoch 12/80 [Train]:  68%|██████▊   | 141/208 [00:05<00:02, 25.22it/s, loss=1.246, acc=75.8%, lr=2.9e-04]
Epoch 12/80 [Train]:  69%|██████▉   | 144/208 [00:05<00:02, 25.21it/s, loss=1.246, acc=75.8%, lr=2.9e-04]
Epoch 12/80 [Train]:  69%|██████▉   | 144/208 [00:05<00:02, 25.21it/s, loss=1.213, acc=75.8%, lr=2.9e-04]
Epoch 12/80 [Train]:  69%|██████▉   | 144/208 [00:05<00:02, 25.21it/s, loss=1.402, acc=75.8%, lr=2.9e-04]
Epoch 12/80 [Train]:  69%|██████▉   | 144/208 [00:05<00:02, 25.21it/s, loss=1.312, acc=75.7%, lr=2.9e-04]
Epoch 12/80 [Train]:  71%|███████   | 147/208 [00:05<00:02, 24.90it/s, loss=1.312, acc=75.7%, lr=2.9e-04]
Epoch 12/80 [Train]:  71%|███████   | 147/208 [00:05<00:02, 24.90it/s, loss=1.267, acc=75.7%, lr=2.9e-04]
Epoch 12/80 [Train]:  71%|███████   | 147/208 [00:05<00:02, 24.90it/s, loss=1.380, acc=75.8%, lr=2.9e-04]
Epoch 12/80 [Train]:  71%|███████   | 147/208 [00:05<00:02, 24.90it/s, loss=1.418, acc=75.8%, lr=2.9e-04]
Epoch 12/80 [Train]:  72%|███████▏  | 150/208 [00:05<00:02, 24.79it/s, loss=1.418, acc=75.8%, lr=2.9e-04]
Epoch 12/80 [Train]:  72%|███████▏  | 150/208 [00:06<00:02, 24.79it/s, loss=1.334, acc=75.7%, lr=2.9e-04]
Epoch 12/80 [Train]:  72%|███████▏  | 150/208 [00:06<00:02, 24.79it/s, loss=1.343, acc=75.7%, lr=2.9e-04]
Epoch 12/80 [Train]:  72%|███████▏  | 150/208 [00:06<00:02, 24.79it/s, loss=1.474, acc=75.7%, lr=2.9e-04]
Epoch 12/80 [Train]:  74%|███████▎  | 153/208 [00:06<00:02, 24.94it/s, loss=1.474, acc=75.7%, lr=2.9e-04]
Epoch 12/80 [Train]:  74%|███████▎  | 153/208 [00:06<00:02, 24.94it/s, loss=1.410, acc=75.7%, lr=2.9e-04]
Epoch 12/80 [Train]:  74%|███████▎  | 153/208 [00:06<00:02, 24.94it/s, loss=1.600, acc=75.7%, lr=2.9e-04]
Epoch 12/80 [Train]:  74%|███████▎  | 153/208 [00:06<00:02, 24.94it/s, loss=1.461, acc=75.6%, lr=2.9e-04]
Epoch 12/80 [Train]:  75%|███████▌  | 156/208 [00:06<00:02, 25.09it/s, loss=1.461, acc=75.6%, lr=2.9e-04]
Epoch 12/80 [Train]:  75%|███████▌  | 156/208 [00:06<00:02, 25.09it/s, loss=1.240, acc=75.6%, lr=2.9e-04]
Epoch 12/80 [Train]:  75%|███████▌  | 156/208 [00:06<00:02, 25.09it/s, loss=1.457, acc=75.6%, lr=2.9e-04]
Epoch 12/80 [Train]:  75%|███████▌  | 156/208 [00:06<00:02, 25.09it/s, loss=1.151, acc=75.6%, lr=2.9e-04]
Epoch 12/80 [Train]:  76%|███████▋  | 159/208 [00:06<00:01, 25.28it/s, loss=1.151, acc=75.6%, lr=2.9e-04]
Epoch 12/80 [Train]:  76%|███████▋  | 159/208 [00:06<00:01, 25.28it/s, loss=1.159, acc=75.6%, lr=2.9e-04]
Epoch 12/80 [Train]:  76%|███████▋  | 159/208 [00:06<00:01, 25.28it/s, loss=1.137, acc=75.7%, lr=2.9e-04]
Epoch 12/80 [Train]:  76%|███████▋  | 159/208 [00:06<00:01, 25.28it/s, loss=1.499, acc=75.6%, lr=2.9e-04]
Epoch 12/80 [Train]:  78%|███████▊  | 162/208 [00:06<00:01, 25.47it/s, loss=1.499, acc=75.6%, lr=2.9e-04]
Epoch 12/80 [Train]:  78%|███████▊  | 162/208 [00:06<00:01, 25.47it/s, loss=1.410, acc=75.6%, lr=2.9e-04]
Epoch 12/80 [Train]:  78%|███████▊  | 162/208 [00:06<00:01, 25.47it/s, loss=1.195, acc=75.6%, lr=2.9e-04]
Epoch 12/80 [Train]:  78%|███████▊  | 162/208 [00:06<00:01, 25.47it/s, loss=1.346, acc=75.6%, lr=2.9e-04]
Epoch 12/80 [Train]:  79%|███████▉  | 165/208 [00:06<00:01, 24.75it/s, loss=1.346, acc=75.6%, lr=2.9e-04]
Epoch 12/80 [Train]:  79%|███████▉  | 165/208 [00:06<00:01, 24.75it/s, loss=1.332, acc=75.6%, lr=2.9e-04]
Epoch 12/80 [Train]:  79%|███████▉  | 165/208 [00:06<00:01, 24.75it/s, loss=1.344, acc=75.5%, lr=2.9e-04]
Epoch 12/80 [Train]:  79%|███████▉  | 165/208 [00:06<00:01, 24.75it/s, loss=1.278, acc=75.5%, lr=2.9e-04]
Epoch 12/80 [Train]:  81%|████████  | 168/208 [00:06<00:01, 24.95it/s, loss=1.278, acc=75.5%, lr=2.9e-04]
Epoch 12/80 [Train]:  81%|████████  | 168/208 [00:06<00:01, 24.95it/s, loss=1.203, acc=75.5%, lr=2.9e-04]
Epoch 12/80 [Train]:  81%|████████  | 168/208 [00:06<00:01, 24.95it/s, loss=1.360, acc=75.5%, lr=2.9e-04]
Epoch 12/80 [Train]:  81%|████████  | 168/208 [00:06<00:01, 24.95it/s, loss=1.295, acc=75.5%, lr=2.9e-04]
Epoch 12/80 [Train]:  82%|████████▏ | 171/208 [00:06<00:01, 25.28it/s, loss=1.295, acc=75.5%, lr=2.9e-04]
Epoch 12/80 [Train]:  82%|████████▏ | 171/208 [00:06<00:01, 25.28it/s, loss=1.288, acc=75.5%, lr=2.9e-04]
Epoch 12/80 [Train]:  82%|████████▏ | 171/208 [00:06<00:01, 25.28it/s, loss=1.334, acc=75.5%, lr=2.9e-04]
Epoch 12/80 [Train]:  82%|████████▏ | 171/208 [00:06<00:01, 25.28it/s, loss=1.258, acc=75.5%, lr=2.9e-04]
Epoch 12/80 [Train]:  84%|████████▎ | 174/208 [00:06<00:01, 24.62it/s, loss=1.258, acc=75.5%, lr=2.9e-04]
Epoch 12/80 [Train]:  84%|████████▎ | 174/208 [00:06<00:01, 24.62it/s, loss=1.436, acc=75.5%, lr=2.9e-04]
Epoch 12/80 [Train]:  84%|████████▎ | 174/208 [00:07<00:01, 24.62it/s, loss=1.226, acc=75.5%, lr=2.9e-04]
Epoch 12/80 [Train]:  84%|████████▎ | 174/208 [00:07<00:01, 24.62it/s, loss=1.150, acc=75.5%, lr=2.9e-04]
Epoch 12/80 [Train]:  85%|████████▌ | 177/208 [00:07<00:01, 25.01it/s, loss=1.150, acc=75.5%, lr=2.9e-04]
Epoch 12/80 [Train]:  85%|████████▌ | 177/208 [00:07<00:01, 25.01it/s, loss=1.271, acc=75.5%, lr=2.9e-04]
Epoch 12/80 [Train]:  85%|████████▌ | 177/208 [00:07<00:01, 25.01it/s, loss=1.291, acc=75.5%, lr=2.9e-04]
Epoch 12/80 [Train]:  85%|████████▌ | 177/208 [00:07<00:01, 25.01it/s, loss=1.381, acc=75.5%, lr=2.9e-04]
Epoch 12/80 [Train]:  87%|████████▋ | 180/208 [00:07<00:01, 25.10it/s, loss=1.381, acc=75.5%, lr=2.9e-04]
Epoch 12/80 [Train]:  87%|████████▋ | 180/208 [00:07<00:01, 25.10it/s, loss=1.379, acc=75.4%, lr=2.9e-04]
Epoch 12/80 [Train]:  87%|████████▋ | 180/208 [00:07<00:01, 25.10it/s, loss=1.241, acc=75.5%, lr=2.9e-04]
Epoch 12/80 [Train]:  87%|████████▋ | 180/208 [00:07<00:01, 25.10it/s, loss=1.256, acc=75.5%, lr=2.9e-04]
Epoch 12/80 [Train]:  88%|████████▊ | 183/208 [00:07<00:00, 25.11it/s, loss=1.256, acc=75.5%, lr=2.9e-04]
Epoch 12/80 [Train]:  88%|████████▊ | 183/208 [00:07<00:00, 25.11it/s, loss=1.089, acc=75.5%, lr=2.9e-04]
Epoch 12/80 [Train]:  88%|████████▊ | 183/208 [00:07<00:00, 25.11it/s, loss=1.371, acc=75.5%, lr=2.9e-04]
Epoch 12/80 [Train]:  88%|████████▊ | 183/208 [00:07<00:00, 25.11it/s, loss=1.171, acc=75.5%, lr=2.9e-04]
Epoch 12/80 [Train]:  89%|████████▉ | 186/208 [00:07<00:00, 25.26it/s, loss=1.171, acc=75.5%, lr=2.9e-04]
Epoch 12/80 [Train]:  89%|████████▉ | 186/208 [00:07<00:00, 25.26it/s, loss=1.384, acc=75.5%, lr=2.9e-04]
Epoch 12/80 [Train]:  89%|████████▉ | 186/208 [00:07<00:00, 25.26it/s, loss=1.130, acc=75.5%, lr=2.9e-04]
Epoch 12/80 [Train]:  89%|████████▉ | 186/208 [00:07<00:00, 25.26it/s, loss=1.245, acc=75.5%, lr=2.9e-04]
Epoch 12/80 [Train]:  91%|█████████ | 189/208 [00:07<00:00, 25.42it/s, loss=1.245, acc=75.5%, lr=2.9e-04]
Epoch 12/80 [Train]:  91%|█████████ | 189/208 [00:07<00:00, 25.42it/s, loss=1.231, acc=75.5%, lr=2.9e-04]
Epoch 12/80 [Train]:  91%|█████████ | 189/208 [00:07<00:00, 25.42it/s, loss=1.301, acc=75.4%, lr=2.9e-04]
Epoch 12/80 [Train]:  91%|█████████ | 189/208 [00:07<00:00, 25.42it/s, loss=1.142, acc=75.5%, lr=2.9e-04]
Epoch 12/80 [Train]:  92%|█████████▏| 192/208 [00:07<00:00, 25.55it/s, loss=1.142, acc=75.5%, lr=2.9e-04]
Epoch 12/80 [Train]:  92%|█████████▏| 192/208 [00:07<00:00, 25.55it/s, loss=1.132, acc=75.5%, lr=2.9e-04]
Epoch 12/80 [Train]:  92%|█████████▏| 192/208 [00:07<00:00, 25.55it/s, loss=1.155, acc=75.5%, lr=2.9e-04]
Epoch 12/80 [Train]:  92%|█████████▏| 192/208 [00:07<00:00, 25.55it/s, loss=1.087, acc=75.5%, lr=2.9e-04]
Epoch 12/80 [Train]:  94%|█████████▍| 195/208 [00:07<00:00, 25.18it/s, loss=1.087, acc=75.5%, lr=2.9e-04]
Epoch 12/80 [Train]:  94%|█████████▍| 195/208 [00:07<00:00, 25.18it/s, loss=1.339, acc=75.5%, lr=2.9e-04]
Epoch 12/80 [Train]:  94%|█████████▍| 195/208 [00:07<00:00, 25.18it/s, loss=1.472, acc=75.6%, lr=2.9e-04]
Epoch 12/80 [Train]:  94%|█████████▍| 195/208 [00:07<00:00, 25.18it/s, loss=1.339, acc=75.6%, lr=2.9e-04]
Epoch 12/80 [Train]:  95%|█████████▌| 198/208 [00:07<00:00, 25.04it/s, loss=1.339, acc=75.6%, lr=2.9e-04]
Epoch 12/80 [Train]:  95%|█████████▌| 198/208 [00:07<00:00, 25.04it/s, loss=1.084, acc=75.6%, lr=2.9e-04]
Epoch 12/80 [Train]:  95%|█████████▌| 198/208 [00:07<00:00, 25.04it/s, loss=1.255, acc=75.6%, lr=2.9e-04]
Epoch 12/80 [Train]:  95%|█████████▌| 198/208 [00:08<00:00, 25.04it/s, loss=1.399, acc=75.6%, lr=2.9e-04]
Epoch 12/80 [Train]:  97%|█████████▋| 201/208 [00:08<00:00, 25.09it/s, loss=1.399, acc=75.6%, lr=2.9e-04]
Epoch 12/80 [Train]:  97%|█████████▋| 201/208 [00:08<00:00, 25.09it/s, loss=1.226, acc=75.6%, lr=2.9e-04]
Epoch 12/80 [Train]:  97%|█████████▋| 201/208 [00:08<00:00, 25.09it/s, loss=0.982, acc=75.6%, lr=2.9e-04]
Epoch 12/80 [Train]:  97%|█████████▋| 201/208 [00:08<00:00, 25.09it/s, loss=0.976, acc=75.7%, lr=2.9e-04]
Epoch 12/80 [Train]:  98%|█████████▊| 204/208 [00:08<00:00, 25.12it/s, loss=0.976, acc=75.7%, lr=2.9e-04]
Epoch 12/80 [Train]:  98%|█████████▊| 204/208 [00:08<00:00, 25.12it/s, loss=1.120, acc=75.7%, lr=2.9e-04]
Epoch 12/80 [Train]:  98%|█████████▊| 204/208 [00:08<00:00, 25.12it/s, loss=1.609, acc=75.7%, lr=2.9e-04]
Epoch 12/80 [Train]:  98%|█████████▊| 204/208 [00:08<00:00, 25.12it/s, loss=1.669, acc=75.7%, lr=2.9e-04]
Epoch 12/80 [Train]: 100%|█████████▉| 207/208 [00:08<00:00, 24.70it/s, loss=1.669, acc=75.7%, lr=2.9e-04]
Epoch 12/80 [Train]: 100%|█████████▉| 207/208 [00:08<00:00, 24.70it/s, loss=1.415, acc=75.7%, lr=2.9e-04]
Epoch 12/80 [Train]: 100%|██████████| 208/208 [00:08<00:00, 25.12it/s, loss=1.415, acc=75.7%, lr=2.9e-04]

[2026-08-17 01:19:20] [EPOCH 12 SUMMARY]
  Train: Loss = 1.2744 | Top-1 Acc =  75.69%
  Val:   Top-1 Acc =  11.07% | Top-3 =  28.93% | Top-5 =  39.89%
         APL = 11.98 dB | Profile MAE =  2.34 dB (Rank Corr: 0.471)
  Time:  Epoch = 8.3s (Val Eval: 2.1s) | Total Elapsed = 00h:01m:50s | ETA: 00h:10m:25s
  -> [INFO] No improvement for 4/12 epochs (Best: 15.65%)

[2026-08-17 01:19:20] >>> [EPOCH 13/80] Training Started <<<

Epoch 13/80 [Train]:   0%|          | 0/208 [00:00<?, ?it/s]
Epoch 13/80 [Train]:   0%|          | 0/208 [00:00<?, ?it/s, loss=1.134, acc=78.1%, lr=2.9e-04]
Epoch 13/80 [Train]:   0%|          | 0/208 [00:00<?, ?it/s, loss=1.235, acc=78.1%, lr=2.9e-04]
Epoch 13/80 [Train]:   0%|          | 0/208 [00:00<?, ?it/s, loss=1.203, acc=80.7%, lr=2.9e-04]
Epoch 13/80 [Train]:   1%|▏         | 3/208 [00:00<00:08, 25.12it/s, loss=1.203, acc=80.7%, lr=2.9e-04]
Epoch 13/80 [Train]:   1%|▏         | 3/208 [00:00<00:08, 25.12it/s, loss=1.359, acc=78.5%, lr=2.9e-04]
Epoch 13/80 [Train]:   1%|▏         | 3/208 [00:00<00:08, 25.12it/s, loss=1.412, acc=75.9%, lr=2.9e-04]
Epoch 13/80 [Train]:   1%|▏         | 3/208 [00:00<00:08, 25.12it/s, loss=1.306, acc=77.1%, lr=2.9e-04]
Epoch 13/80 [Train]:   3%|▎         | 6/208 [00:00<00:07, 25.45it/s, loss=1.306, acc=77.1%, lr=2.9e-04]
Epoch 13/80 [Train]:   3%|▎         | 6/208 [00:00<00:07, 25.45it/s, loss=1.344, acc=77.5%, lr=2.9e-04]
Epoch 13/80 [Train]:   3%|▎         | 6/208 [00:00<00:07, 25.45it/s, loss=1.342, acc=75.6%, lr=2.9e-04]
Epoch 13/80 [Train]:   3%|▎         | 6/208 [00:00<00:07, 25.45it/s, loss=1.298, acc=76.2%, lr=2.9e-04]
Epoch 13/80 [Train]:   4%|▍         | 9/208 [00:00<00:07, 25.29it/s, loss=1.298, acc=76.2%, lr=2.9e-04]
Epoch 13/80 [Train]:   4%|▍         | 9/208 [00:00<00:07, 25.29it/s, loss=1.064, acc=76.9%, lr=2.9e-04]
Epoch 13/80 [Train]:   4%|▍         | 9/208 [00:00<00:07, 25.29it/s, loss=1.368, acc=77.1%, lr=2.9e-04]
Epoch 13/80 [Train]:   4%|▍         | 9/208 [00:00<00:07, 25.29it/s, loss=1.549, acc=76.3%, lr=2.9e-04]
Epoch 13/80 [Train]:   6%|▌         | 12/208 [00:00<00:07, 24.97it/s, loss=1.549, acc=76.3%, lr=2.9e-04]
Epoch 13/80 [Train]:   6%|▌         | 12/208 [00:00<00:07, 24.97it/s, loss=1.440, acc=75.7%, lr=2.9e-04]
Epoch 13/80 [Train]:   6%|▌         | 12/208 [00:00<00:07, 24.97it/s, loss=1.136, acc=76.5%, lr=2.9e-04]
Epoch 13/80 [Train]:   6%|▌         | 12/208 [00:00<00:07, 24.97it/s, loss=1.282, acc=76.4%, lr=2.9e-04]
Epoch 13/80 [Train]:   7%|▋         | 15/208 [00:00<00:07, 25.02it/s, loss=1.282, acc=76.4%, lr=2.9e-04]
Epoch 13/80 [Train]:   7%|▋         | 15/208 [00:00<00:07, 25.02it/s, loss=1.169, acc=76.9%, lr=2.9e-04]
Epoch 13/80 [Train]:   7%|▋         | 15/208 [00:00<00:07, 25.02it/s, loss=1.255, acc=76.7%, lr=2.9e-04]
Epoch 13/80 [Train]:   7%|▋         | 15/208 [00:00<00:07, 25.02it/s, loss=1.265, acc=76.6%, lr=2.9e-04]
Epoch 13/80 [Train]:   9%|▊         | 18/208 [00:00<00:07, 25.31it/s, loss=1.265, acc=76.6%, lr=2.9e-04]
Epoch 13/80 [Train]:   9%|▊         | 18/208 [00:00<00:07, 25.31it/s, loss=1.141, acc=76.9%, lr=2.9e-04]
Epoch 13/80 [Train]:   9%|▊         | 18/208 [00:00<00:07, 25.31it/s, loss=1.032, acc=76.5%, lr=2.9e-04]
Epoch 13/80 [Train]:   9%|▊         | 18/208 [00:00<00:07, 25.31it/s, loss=1.219, acc=76.3%, lr=2.9e-04]
Epoch 13/80 [Train]:  10%|█         | 21/208 [00:00<00:07, 25.49it/s, loss=1.219, acc=76.3%, lr=2.9e-04]
Epoch 13/80 [Train]:  10%|█         | 21/208 [00:00<00:07, 25.49it/s, loss=1.106, acc=76.6%, lr=2.9e-04]
Epoch 13/80 [Train]:  10%|█         | 21/208 [00:00<00:07, 25.49it/s, loss=1.112, acc=76.6%, lr=2.9e-04]
Epoch 13/80 [Train]:  10%|█         | 21/208 [00:00<00:07, 25.49it/s, loss=1.261, acc=76.9%, lr=2.9e-04]
Epoch 13/80 [Train]:  12%|█▏        | 24/208 [00:00<00:07, 24.80it/s, loss=1.261, acc=76.9%, lr=2.9e-04]
Epoch 13/80 [Train]:  12%|█▏        | 24/208 [00:00<00:07, 24.80it/s, loss=1.134, acc=76.8%, lr=2.9e-04]
Epoch 13/80 [Train]:  12%|█▏        | 24/208 [00:01<00:07, 24.80it/s, loss=1.020, acc=77.1%, lr=2.9e-04]
Epoch 13/80 [Train]:  12%|█▏        | 24/208 [00:01<00:07, 24.80it/s, loss=1.158, acc=77.2%, lr=2.9e-04]
Epoch 13/80 [Train]:  13%|█▎        | 27/208 [00:01<00:07, 24.78it/s, loss=1.158, acc=77.2%, lr=2.9e-04]
Epoch 13/80 [Train]:  13%|█▎        | 27/208 [00:01<00:07, 24.78it/s, loss=1.141, acc=77.2%, lr=2.9e-04]
Epoch 13/80 [Train]:  13%|█▎        | 27/208 [00:01<00:07, 24.78it/s, loss=1.145, acc=76.9%, lr=2.9e-04]
Epoch 13/80 [Train]:  13%|█▎        | 27/208 [00:01<00:07, 24.78it/s, loss=1.452, acc=76.8%, lr=2.9e-04]
Epoch 13/80 [Train]:  14%|█▍        | 30/208 [00:01<00:07, 24.96it/s, loss=1.452, acc=76.8%, lr=2.9e-04]
Epoch 13/80 [Train]:  14%|█▍        | 30/208 [00:01<00:07, 24.96it/s, loss=1.273, acc=76.6%, lr=2.9e-04]
Epoch 13/80 [Train]:  14%|█▍        | 30/208 [00:01<00:07, 24.96it/s, loss=1.303, acc=76.6%, lr=2.9e-04]
Epoch 13/80 [Train]:  14%|█▍        | 30/208 [00:01<00:07, 24.96it/s, loss=1.045, acc=76.7%, lr=2.9e-04]
Epoch 13/80 [Train]:  16%|█▌        | 33/208 [00:01<00:06, 25.13it/s, loss=1.045, acc=76.7%, lr=2.9e-04]
Epoch 13/80 [Train]:  16%|█▌        | 33/208 [00:01<00:06, 25.13it/s, loss=1.345, acc=76.7%, lr=2.9e-04]
Epoch 13/80 [Train]:  16%|█▌        | 33/208 [00:01<00:06, 25.13it/s, loss=1.101, acc=76.7%, lr=2.9e-04]
Epoch 13/80 [Train]:  16%|█▌        | 33/208 [00:01<00:06, 25.13it/s, loss=0.887, acc=76.8%, lr=2.9e-04]
Epoch 13/80 [Train]:  17%|█▋        | 36/208 [00:01<00:06, 25.25it/s, loss=0.887, acc=76.8%, lr=2.9e-04]
Epoch 13/80 [Train]:  17%|█▋        | 36/208 [00:01<00:06, 25.25it/s, loss=1.153, acc=76.8%, lr=2.9e-04]
Epoch 13/80 [Train]:  17%|█▋        | 36/208 [00:01<00:06, 25.25it/s, loss=1.135, acc=76.7%, lr=2.9e-04]
Epoch 13/80 [Train]:  17%|█▋        | 36/208 [00:01<00:06, 25.25it/s, loss=1.167, acc=76.8%, lr=2.9e-04]
Epoch 13/80 [Train]:  19%|█▉        | 39/208 [00:01<00:06, 25.29it/s, loss=1.167, acc=76.8%, lr=2.9e-04]
Epoch 13/80 [Train]:  19%|█▉        | 39/208 [00:01<00:06, 25.29it/s, loss=1.057, acc=76.9%, lr=2.9e-04]
Epoch 13/80 [Train]:  19%|█▉        | 39/208 [00:01<00:06, 25.29it/s, loss=1.093, acc=77.0%, lr=2.9e-04]
Epoch 13/80 [Train]:  19%|█▉        | 39/208 [00:01<00:06, 25.29it/s, loss=1.178, acc=77.0%, lr=2.9e-04]
Epoch 13/80 [Train]:  20%|██        | 42/208 [00:01<00:06, 25.51it/s, loss=1.178, acc=77.0%, lr=2.9e-04]
Epoch 13/80 [Train]:  20%|██        | 42/208 [00:01<00:06, 25.51it/s, loss=1.302, acc=76.9%, lr=2.9e-04]
Epoch 13/80 [Train]:  20%|██        | 42/208 [00:01<00:06, 25.51it/s, loss=1.127, acc=77.0%, lr=2.9e-04]
Epoch 13/80 [Train]:  20%|██        | 42/208 [00:01<00:06, 25.51it/s, loss=1.306, acc=77.1%, lr=2.9e-04]
Epoch 13/80 [Train]:  22%|██▏       | 45/208 [00:01<00:06, 25.66it/s, loss=1.306, acc=77.1%, lr=2.9e-04]
Epoch 13/80 [Train]:  22%|██▏       | 45/208 [00:01<00:06, 25.66it/s, loss=1.064, acc=77.2%, lr=2.9e-04]
Epoch 13/80 [Train]:  22%|██▏       | 45/208 [00:01<00:06, 25.66it/s, loss=1.485, acc=77.0%, lr=2.9e-04]
Epoch 13/80 [Train]:  22%|██▏       | 45/208 [00:01<00:06, 25.66it/s, loss=1.096, acc=77.0%, lr=2.9e-04]
Epoch 13/80 [Train]:  23%|██▎       | 48/208 [00:01<00:06, 25.15it/s, loss=1.096, acc=77.0%, lr=2.9e-04]
Epoch 13/80 [Train]:  23%|██▎       | 48/208 [00:01<00:06, 25.15it/s, loss=1.259, acc=77.0%, lr=2.9e-04]
Epoch 13/80 [Train]:  23%|██▎       | 48/208 [00:01<00:06, 25.15it/s, loss=1.647, acc=76.8%, lr=2.9e-04]
Epoch 13/80 [Train]:  23%|██▎       | 48/208 [00:02<00:06, 25.15it/s, loss=1.182, acc=76.8%, lr=2.9e-04]
Epoch 13/80 [Train]:  25%|██▍       | 51/208 [00:02<00:06, 25.29it/s, loss=1.182, acc=76.8%, lr=2.9e-04]
Epoch 13/80 [Train]:  25%|██▍       | 51/208 [00:02<00:06, 25.29it/s, loss=1.420, acc=76.8%, lr=2.9e-04]
Epoch 13/80 [Train]:  25%|██▍       | 51/208 [00:02<00:06, 25.29it/s, loss=1.229, acc=76.8%, lr=2.9e-04]
Epoch 13/80 [Train]:  25%|██▍       | 51/208 [00:02<00:06, 25.29it/s, loss=1.066, acc=76.8%, lr=2.9e-04]
Epoch 13/80 [Train]:  26%|██▌       | 54/208 [00:02<00:06, 25.16it/s, loss=1.066, acc=76.8%, lr=2.9e-04]
Epoch 13/80 [Train]:  26%|██▌       | 54/208 [00:02<00:06, 25.16it/s, loss=1.164, acc=77.0%, lr=2.9e-04]
Epoch 13/80 [Train]:  26%|██▌       | 54/208 [00:02<00:06, 25.16it/s, loss=1.345, acc=77.0%, lr=2.9e-04]
Epoch 13/80 [Train]:  26%|██▌       | 54/208 [00:02<00:06, 25.16it/s, loss=1.307, acc=77.0%, lr=2.9e-04]
Epoch 13/80 [Train]:  27%|██▋       | 57/208 [00:02<00:06, 25.09it/s, loss=1.307, acc=77.0%, lr=2.9e-04]
Epoch 13/80 [Train]:  27%|██▋       | 57/208 [00:02<00:06, 25.09it/s, loss=1.278, acc=76.9%, lr=2.9e-04]
Epoch 13/80 [Train]:  27%|██▋       | 57/208 [00:02<00:06, 25.09it/s, loss=1.172, acc=77.0%, lr=2.9e-04]
Epoch 13/80 [Train]:  27%|██▋       | 57/208 [00:02<00:06, 25.09it/s, loss=1.188, acc=77.0%, lr=2.9e-04]
Epoch 13/80 [Train]:  29%|██▉       | 60/208 [00:02<00:05, 25.10it/s, loss=1.188, acc=77.0%, lr=2.9e-04]
Epoch 13/80 [Train]:  29%|██▉       | 60/208 [00:02<00:05, 25.10it/s, loss=1.166, acc=77.0%, lr=2.9e-04]
Epoch 13/80 [Train]:  29%|██▉       | 60/208 [00:02<00:05, 25.10it/s, loss=1.136, acc=77.2%, lr=2.9e-04]
Epoch 13/80 [Train]:  29%|██▉       | 60/208 [00:02<00:05, 25.10it/s, loss=1.248, acc=77.1%, lr=2.9e-04]
Epoch 13/80 [Train]:  30%|███       | 63/208 [00:02<00:05, 25.27it/s, loss=1.248, acc=77.1%, lr=2.9e-04]
Epoch 13/80 [Train]:  30%|███       | 63/208 [00:02<00:05, 25.27it/s, loss=1.463, acc=76.9%, lr=2.9e-04]
Epoch 13/80 [Train]:  30%|███       | 63/208 [00:02<00:05, 25.27it/s, loss=1.003, acc=76.9%, lr=2.9e-04]
Epoch 13/80 [Train]:  30%|███       | 63/208 [00:02<00:05, 25.27it/s, loss=1.146, acc=76.9%, lr=2.9e-04]
Epoch 13/80 [Train]:  32%|███▏      | 66/208 [00:02<00:05, 24.92it/s, loss=1.146, acc=76.9%, lr=2.9e-04]
Epoch 13/80 [Train]:  32%|███▏      | 66/208 [00:02<00:05, 24.92it/s, loss=1.032, acc=77.1%, lr=2.9e-04]
Epoch 13/80 [Train]:  32%|███▏      | 66/208 [00:02<00:05, 24.92it/s, loss=0.998, acc=77.1%, lr=2.9e-04]
Epoch 13/80 [Train]:  32%|███▏      | 66/208 [00:02<00:05, 24.92it/s, loss=1.297, acc=77.0%, lr=2.9e-04]
Epoch 13/80 [Train]:  33%|███▎      | 69/208 [00:02<00:05, 25.21it/s, loss=1.297, acc=77.0%, lr=2.9e-04]
Epoch 13/80 [Train]:  33%|███▎      | 69/208 [00:02<00:05, 25.21it/s, loss=1.054, acc=77.1%, lr=2.9e-04]
Epoch 13/80 [Train]:  33%|███▎      | 69/208 [00:02<00:05, 25.21it/s, loss=1.268, acc=77.2%, lr=2.9e-04]
Epoch 13/80 [Train]:  33%|███▎      | 69/208 [00:02<00:05, 25.21it/s, loss=1.170, acc=77.2%, lr=2.9e-04]
Epoch 13/80 [Train]:  35%|███▍      | 72/208 [00:02<00:05, 25.34it/s, loss=1.170, acc=77.2%, lr=2.9e-04]
Epoch 13/80 [Train]:  35%|███▍      | 72/208 [00:02<00:05, 25.34it/s, loss=1.100, acc=77.2%, lr=2.9e-04]
Epoch 13/80 [Train]:  35%|███▍      | 72/208 [00:02<00:05, 25.34it/s, loss=1.308, acc=77.1%, lr=2.9e-04]
Epoch 13/80 [Train]:  35%|███▍      | 72/208 [00:02<00:05, 25.34it/s, loss=1.273, acc=77.1%, lr=2.9e-04]
Epoch 13/80 [Train]:  36%|███▌      | 75/208 [00:02<00:05, 25.47it/s, loss=1.273, acc=77.1%, lr=2.9e-04]
Epoch 13/80 [Train]:  36%|███▌      | 75/208 [00:03<00:05, 25.47it/s, loss=1.457, acc=77.1%, lr=2.9e-04]
Epoch 13/80 [Train]:  36%|███▌      | 75/208 [00:03<00:05, 25.47it/s, loss=1.254, acc=77.2%, lr=2.9e-04]
Epoch 13/80 [Train]:  36%|███▌      | 75/208 [00:03<00:05, 25.47it/s, loss=1.227, acc=77.2%, lr=2.9e-04]
Epoch 13/80 [Train]:  38%|███▊      | 78/208 [00:03<00:05, 25.31it/s, loss=1.227, acc=77.2%, lr=2.9e-04]
Epoch 13/80 [Train]:  38%|███▊      | 78/208 [00:03<00:05, 25.31it/s, loss=1.020, acc=77.3%, lr=2.9e-04]
Epoch 13/80 [Train]:  38%|███▊      | 78/208 [00:03<00:05, 25.31it/s, loss=1.185, acc=77.3%, lr=2.9e-04]
Epoch 13/80 [Train]:  38%|███▊      | 78/208 [00:03<00:05, 25.31it/s, loss=1.353, acc=77.3%, lr=2.9e-04]
Epoch 13/80 [Train]:  39%|███▉      | 81/208 [00:03<00:05, 25.17it/s, loss=1.353, acc=77.3%, lr=2.9e-04]
Epoch 13/80 [Train]:  39%|███▉      | 81/208 [00:03<00:05, 25.17it/s, loss=1.266, acc=77.3%, lr=2.9e-04]
Epoch 13/80 [Train]:  39%|███▉      | 81/208 [00:03<00:05, 25.17it/s, loss=1.374, acc=77.3%, lr=2.9e-04]
Epoch 13/80 [Train]:  39%|███▉      | 81/208 [00:03<00:05, 25.17it/s, loss=1.267, acc=77.3%, lr=2.9e-04]
Epoch 13/80 [Train]:  40%|████      | 84/208 [00:03<00:05, 24.68it/s, loss=1.267, acc=77.3%, lr=2.9e-04]
Epoch 13/80 [Train]:  40%|████      | 84/208 [00:03<00:05, 24.68it/s, loss=1.417, acc=77.1%, lr=2.9e-04]
Epoch 13/80 [Train]:  40%|████      | 84/208 [00:03<00:05, 24.68it/s, loss=1.368, acc=77.1%, lr=2.9e-04]
Epoch 13/80 [Train]:  40%|████      | 84/208 [00:03<00:05, 24.68it/s, loss=1.292, acc=77.1%, lr=2.9e-04]
Epoch 13/80 [Train]:  42%|████▏     | 87/208 [00:03<00:04, 24.97it/s, loss=1.292, acc=77.1%, lr=2.9e-04]
Epoch 13/80 [Train]:  42%|████▏     | 87/208 [00:03<00:04, 24.97it/s, loss=1.491, acc=77.0%, lr=2.9e-04]
Epoch 13/80 [Train]:  42%|████▏     | 87/208 [00:03<00:04, 24.97it/s, loss=1.228, acc=76.9%, lr=2.9e-04]
Epoch 13/80 [Train]:  42%|████▏     | 87/208 [00:03<00:04, 24.97it/s, loss=1.142, acc=76.8%, lr=2.9e-04]
Epoch 13/80 [Train]:  43%|████▎     | 90/208 [00:03<00:04, 25.18it/s, loss=1.142, acc=76.8%, lr=2.9e-04]
Epoch 13/80 [Train]:  43%|████▎     | 90/208 [00:03<00:04, 25.18it/s, loss=1.047, acc=76.9%, lr=2.9e-04]
Epoch 13/80 [Train]:  43%|████▎     | 90/208 [00:03<00:04, 25.18it/s, loss=1.329, acc=76.9%, lr=2.9e-04]
Epoch 13/80 [Train]:  43%|████▎     | 90/208 [00:03<00:04, 25.18it/s, loss=0.996, acc=77.0%, lr=2.9e-04]
Epoch 13/80 [Train]:  45%|████▍     | 93/208 [00:03<00:04, 24.80it/s, loss=0.996, acc=77.0%, lr=2.9e-04]
Epoch 13/80 [Train]:  45%|████▍     | 93/208 [00:03<00:04, 24.80it/s, loss=1.330, acc=77.0%, lr=2.9e-04]
Epoch 13/80 [Train]:  45%|████▍     | 93/208 [00:03<00:04, 24.80it/s, loss=1.245, acc=77.0%, lr=2.9e-04]
Epoch 13/80 [Train]:  45%|████▍     | 93/208 [00:03<00:04, 24.80it/s, loss=1.298, acc=77.0%, lr=2.9e-04]
Epoch 13/80 [Train]:  46%|████▌     | 96/208 [00:03<00:04, 24.89it/s, loss=1.298, acc=77.0%, lr=2.9e-04]
Epoch 13/80 [Train]:  46%|████▌     | 96/208 [00:03<00:04, 24.89it/s, loss=1.349, acc=77.0%, lr=2.9e-04]
Epoch 13/80 [Train]:  46%|████▌     | 96/208 [00:03<00:04, 24.89it/s, loss=1.189, acc=77.1%, lr=2.9e-04]
Epoch 13/80 [Train]:  46%|████▌     | 96/208 [00:03<00:04, 24.89it/s, loss=1.311, acc=77.0%, lr=2.9e-04]
Epoch 13/80 [Train]:  48%|████▊     | 99/208 [00:03<00:04, 24.91it/s, loss=1.311, acc=77.0%, lr=2.9e-04]
Epoch 13/80 [Train]:  48%|████▊     | 99/208 [00:03<00:04, 24.91it/s, loss=1.407, acc=77.0%, lr=2.9e-04]
Epoch 13/80 [Train]:  48%|████▊     | 99/208 [00:04<00:04, 24.91it/s, loss=1.288, acc=76.9%, lr=2.9e-04]
Epoch 13/80 [Train]:  48%|████▊     | 99/208 [00:04<00:04, 24.91it/s, loss=1.339, acc=76.9%, lr=2.9e-04]
Epoch 13/80 [Train]:  49%|████▉     | 102/208 [00:04<00:04, 24.89it/s, loss=1.339, acc=76.9%, lr=2.9e-04]
Epoch 13/80 [Train]:  49%|████▉     | 102/208 [00:04<00:04, 24.89it/s, loss=1.386, acc=76.9%, lr=2.9e-04]
Epoch 13/80 [Train]:  49%|████▉     | 102/208 [00:04<00:04, 24.89it/s, loss=1.112, acc=76.8%, lr=2.9e-04]
Epoch 13/80 [Train]:  49%|████▉     | 102/208 [00:04<00:04, 24.89it/s, loss=1.184, acc=76.8%, lr=2.9e-04]
Epoch 13/80 [Train]:  50%|█████     | 105/208 [00:04<00:04, 25.12it/s, loss=1.184, acc=76.8%, lr=2.9e-04]
Epoch 13/80 [Train]:  50%|█████     | 105/208 [00:04<00:04, 25.12it/s, loss=1.600, acc=76.7%, lr=2.9e-04]
Epoch 13/80 [Train]:  50%|█████     | 105/208 [00:04<00:04, 25.12it/s, loss=1.056, acc=76.8%, lr=2.9e-04]
Epoch 13/80 [Train]:  50%|█████     | 105/208 [00:04<00:04, 25.12it/s, loss=1.253, acc=76.8%, lr=2.9e-04]
Epoch 13/80 [Train]:  52%|█████▏    | 108/208 [00:04<00:03, 25.20it/s, loss=1.253, acc=76.8%, lr=2.9e-04]
Epoch 13/80 [Train]:  52%|█████▏    | 108/208 [00:04<00:03, 25.20it/s, loss=1.304, acc=76.8%, lr=2.9e-04]
Epoch 13/80 [Train]:  52%|█████▏    | 108/208 [00:04<00:03, 25.20it/s, loss=1.046, acc=76.8%, lr=2.9e-04]
Epoch 13/80 [Train]:  52%|█████▏    | 108/208 [00:04<00:03, 25.20it/s, loss=1.195, acc=76.8%, lr=2.9e-04]
Epoch 13/80 [Train]:  53%|█████▎    | 111/208 [00:04<00:03, 25.29it/s, loss=1.195, acc=76.8%, lr=2.9e-04]
Epoch 13/80 [Train]:  53%|█████▎    | 111/208 [00:04<00:03, 25.29it/s, loss=1.211, acc=76.8%, lr=2.9e-04]
Epoch 13/80 [Train]:  53%|█████▎    | 111/208 [00:04<00:03, 25.29it/s, loss=1.269, acc=76.8%, lr=2.9e-04]
Epoch 13/80 [Train]:  53%|█████▎    | 111/208 [00:04<00:03, 25.29it/s, loss=1.254, acc=76.7%, lr=2.9e-04]
Epoch 13/80 [Train]:  55%|█████▍    | 114/208 [00:04<00:03, 25.42it/s, loss=1.254, acc=76.7%, lr=2.9e-04]
Epoch 13/80 [Train]:  55%|█████▍    | 114/208 [00:04<00:03, 25.42it/s, loss=1.176, acc=76.8%, lr=2.9e-04]
Epoch 13/80 [Train]:  55%|█████▍    | 114/208 [00:04<00:03, 25.42it/s, loss=1.323, acc=76.8%, lr=2.9e-04]
Epoch 13/80 [Train]:  55%|█████▍    | 114/208 [00:04<00:03, 25.42it/s, loss=0.995, acc=76.8%, lr=2.9e-04]
Epoch 13/80 [Train]:  56%|█████▋    | 117/208 [00:04<00:03, 25.49it/s, loss=0.995, acc=76.8%, lr=2.9e-04]
Epoch 13/80 [Train]:  56%|█████▋    | 117/208 [00:04<00:03, 25.49it/s, loss=1.149, acc=76.8%, lr=2.9e-04]
Epoch 13/80 [Train]:  56%|█████▋    | 117/208 [00:04<00:03, 25.49it/s, loss=1.073, acc=76.9%, lr=2.9e-04]
Epoch 13/80 [Train]:  56%|█████▋    | 117/208 [00:04<00:03, 25.49it/s, loss=1.416, acc=76.9%, lr=2.9e-04]
Epoch 13/80 [Train]:  58%|█████▊    | 120/208 [00:04<00:03, 25.31it/s, loss=1.416, acc=76.9%, lr=2.9e-04]
Epoch 13/80 [Train]:  58%|█████▊    | 120/208 [00:04<00:03, 25.31it/s, loss=1.221, acc=76.9%, lr=2.9e-04]
Epoch 13/80 [Train]:  58%|█████▊    | 120/208 [00:04<00:03, 25.31it/s, loss=1.464, acc=76.9%, lr=2.9e-04]
Epoch 13/80 [Train]:  58%|█████▊    | 120/208 [00:04<00:03, 25.31it/s, loss=1.223, acc=76.9%, lr=2.9e-04]
Epoch 13/80 [Train]:  59%|█████▉    | 123/208 [00:04<00:03, 25.37it/s, loss=1.223, acc=76.9%, lr=2.9e-04]
Epoch 13/80 [Train]:  59%|█████▉    | 123/208 [00:04<00:03, 25.37it/s, loss=1.322, acc=76.9%, lr=2.9e-04]
Epoch 13/80 [Train]:  59%|█████▉    | 123/208 [00:04<00:03, 25.37it/s, loss=1.266, acc=76.9%, lr=2.9e-04]
Epoch 13/80 [Train]:  59%|█████▉    | 123/208 [00:05<00:03, 25.37it/s, loss=1.174, acc=76.9%, lr=2.9e-04]
Epoch 13/80 [Train]:  61%|██████    | 126/208 [00:05<00:03, 25.27it/s, loss=1.174, acc=76.9%, lr=2.9e-04]
Epoch 13/80 [Train]:  61%|██████    | 126/208 [00:05<00:03, 25.27it/s, loss=1.367, acc=76.8%, lr=2.9e-04]
Epoch 13/80 [Train]:  61%|██████    | 126/208 [00:05<00:03, 25.27it/s, loss=1.387, acc=76.8%, lr=2.9e-04]
Epoch 13/80 [Train]:  61%|██████    | 126/208 [00:05<00:03, 25.27it/s, loss=1.193, acc=76.8%, lr=2.9e-04]
Epoch 13/80 [Train]:  62%|██████▏   | 129/208 [00:05<00:03, 25.38it/s, loss=1.193, acc=76.8%, lr=2.9e-04]
Epoch 13/80 [Train]:  62%|██████▏   | 129/208 [00:05<00:03, 25.38it/s, loss=1.227, acc=76.8%, lr=2.9e-04]
Epoch 13/80 [Train]:  62%|██████▏   | 129/208 [00:05<00:03, 25.38it/s, loss=1.127, acc=76.9%, lr=2.9e-04]
Epoch 13/80 [Train]:  62%|██████▏   | 129/208 [00:05<00:03, 25.38it/s, loss=1.247, acc=76.8%, lr=2.9e-04]
Epoch 13/80 [Train]:  63%|██████▎   | 132/208 [00:05<00:02, 25.35it/s, loss=1.247, acc=76.8%, lr=2.9e-04]
Epoch 13/80 [Train]:  63%|██████▎   | 132/208 [00:05<00:02, 25.35it/s, loss=1.153, acc=76.9%, lr=2.9e-04]
Epoch 13/80 [Train]:  63%|██████▎   | 132/208 [00:05<00:02, 25.35it/s, loss=1.462, acc=76.8%, lr=2.9e-04]
Epoch 13/80 [Train]:  63%|██████▎   | 132/208 [00:05<00:02, 25.35it/s, loss=1.241, acc=76.8%, lr=2.9e-04]
Epoch 13/80 [Train]:  65%|██████▍   | 135/208 [00:05<00:02, 25.29it/s, loss=1.241, acc=76.8%, lr=2.9e-04]
Epoch 13/80 [Train]:  65%|██████▍   | 135/208 [00:05<00:02, 25.29it/s, loss=1.067, acc=76.9%, lr=2.9e-04]
Epoch 13/80 [Train]:  65%|██████▍   | 135/208 [00:05<00:02, 25.29it/s, loss=1.134, acc=76.9%, lr=2.9e-04]
Epoch 13/80 [Train]:  65%|██████▍   | 135/208 [00:05<00:02, 25.29it/s, loss=1.112, acc=77.0%, lr=2.9e-04]
Epoch 13/80 [Train]:  66%|██████▋   | 138/208 [00:05<00:02, 25.44it/s, loss=1.112, acc=77.0%, lr=2.9e-04]
Epoch 13/80 [Train]:  66%|██████▋   | 138/208 [00:05<00:02, 25.44it/s, loss=1.334, acc=76.9%, lr=2.9e-04]
Epoch 13/80 [Train]:  66%|██████▋   | 138/208 [00:05<00:02, 25.44it/s, loss=0.836, acc=77.0%, lr=2.9e-04]
Epoch 13/80 [Train]:  66%|██████▋   | 138/208 [00:05<00:02, 25.44it/s, loss=1.229, acc=77.0%, lr=2.9e-04]
Epoch 13/80 [Train]:  68%|██████▊   | 141/208 [00:05<00:02, 25.36it/s, loss=1.229, acc=77.0%, lr=2.9e-04]
Epoch 13/80 [Train]:  68%|██████▊   | 141/208 [00:05<00:02, 25.36it/s, loss=1.368, acc=76.9%, lr=2.9e-04]
Epoch 13/80 [Train]:  68%|██████▊   | 141/208 [00:05<00:02, 25.36it/s, loss=0.996, acc=77.0%, lr=2.9e-04]
Epoch 13/80 [Train]:  68%|██████▊   | 141/208 [00:05<00:02, 25.36it/s, loss=1.310, acc=76.9%, lr=2.9e-04]
Epoch 13/80 [Train]:  69%|██████▉   | 144/208 [00:05<00:02, 25.24it/s, loss=1.310, acc=76.9%, lr=2.9e-04]
Epoch 13/80 [Train]:  69%|██████▉   | 144/208 [00:05<00:02, 25.24it/s, loss=1.100, acc=76.9%, lr=2.9e-04]
Epoch 13/80 [Train]:  69%|██████▉   | 144/208 [00:05<00:02, 25.24it/s, loss=1.162, acc=76.9%, lr=2.9e-04]
Epoch 13/80 [Train]:  69%|██████▉   | 144/208 [00:05<00:02, 25.24it/s, loss=0.966, acc=76.9%, lr=2.9e-04]
Epoch 13/80 [Train]:  71%|███████   | 147/208 [00:05<00:02, 25.27it/s, loss=0.966, acc=76.9%, lr=2.9e-04]
Epoch 13/80 [Train]:  71%|███████   | 147/208 [00:05<00:02, 25.27it/s, loss=1.175, acc=76.9%, lr=2.9e-04]
Epoch 13/80 [Train]:  71%|███████   | 147/208 [00:05<00:02, 25.27it/s, loss=1.362, acc=76.9%, lr=2.9e-04]
Epoch 13/80 [Train]:  71%|███████   | 147/208 [00:05<00:02, 25.27it/s, loss=1.159, acc=76.9%, lr=2.9e-04]
Epoch 13/80 [Train]:  72%|███████▏  | 150/208 [00:05<00:02, 25.41it/s, loss=1.159, acc=76.9%, lr=2.9e-04]
Epoch 13/80 [Train]:  72%|███████▏  | 150/208 [00:05<00:02, 25.41it/s, loss=1.059, acc=77.0%, lr=2.9e-04]
Epoch 13/80 [Train]:  72%|███████▏  | 150/208 [00:06<00:02, 25.41it/s, loss=1.380, acc=76.9%, lr=2.9e-04]
Epoch 13/80 [Train]:  72%|███████▏  | 150/208 [00:06<00:02, 25.41it/s, loss=1.221, acc=76.9%, lr=2.9e-04]
Epoch 13/80 [Train]:  74%|███████▎  | 153/208 [00:06<00:02, 25.42it/s, loss=1.221, acc=76.9%, lr=2.9e-04]
Epoch 13/80 [Train]:  74%|███████▎  | 153/208 [00:06<00:02, 25.42it/s, loss=1.123, acc=76.9%, lr=2.9e-04]
Epoch 13/80 [Train]:  74%|███████▎  | 153/208 [00:06<00:02, 25.42it/s, loss=1.243, acc=76.9%, lr=2.9e-04]
Epoch 13/80 [Train]:  74%|███████▎  | 153/208 [00:06<00:02, 25.42it/s, loss=1.333, acc=76.9%, lr=2.9e-04]
Epoch 13/80 [Train]:  75%|███████▌  | 156/208 [00:06<00:02, 25.58it/s, loss=1.333, acc=76.9%, lr=2.9e-04]
Epoch 13/80 [Train]:  75%|███████▌  | 156/208 [00:06<00:02, 25.58it/s, loss=1.495, acc=76.8%, lr=2.9e-04]
Epoch 13/80 [Train]:  75%|███████▌  | 156/208 [00:06<00:02, 25.58it/s, loss=1.620, acc=76.8%, lr=2.9e-04]
Epoch 13/80 [Train]:  75%|███████▌  | 156/208 [00:06<00:02, 25.58it/s, loss=1.179, acc=76.8%, lr=2.9e-04]
Epoch 13/80 [Train]:  76%|███████▋  | 159/208 [00:06<00:01, 25.34it/s, loss=1.179, acc=76.8%, lr=2.9e-04]
Epoch 13/80 [Train]:  76%|███████▋  | 159/208 [00:06<00:01, 25.34it/s, loss=1.192, acc=76.7%, lr=2.9e-04]
Epoch 13/80 [Train]:  76%|███████▋  | 159/208 [00:06<00:01, 25.34it/s, loss=1.295, acc=76.7%, lr=2.9e-04]
Epoch 13/80 [Train]:  76%|███████▋  | 159/208 [00:06<00:01, 25.34it/s, loss=1.371, acc=76.7%, lr=2.9e-04]
Epoch 13/80 [Train]:  78%|███████▊  | 162/208 [00:06<00:01, 24.91it/s, loss=1.371, acc=76.7%, lr=2.9e-04]
Epoch 13/80 [Train]:  78%|███████▊  | 162/208 [00:06<00:01, 24.91it/s, loss=1.043, acc=76.7%, lr=2.9e-04]
Epoch 13/80 [Train]:  78%|███████▊  | 162/208 [00:06<00:01, 24.91it/s, loss=1.094, acc=76.7%, lr=2.9e-04]
Epoch 13/80 [Train]:  78%|███████▊  | 162/208 [00:06<00:01, 24.91it/s, loss=0.987, acc=76.8%, lr=2.9e-04]
Epoch 13/80 [Train]:  79%|███████▉  | 165/208 [00:06<00:01, 25.10it/s, loss=0.987, acc=76.8%, lr=2.9e-04]
Epoch 13/80 [Train]:  79%|███████▉  | 165/208 [00:06<00:01, 25.10it/s, loss=1.127, acc=76.8%, lr=2.9e-04]
Epoch 13/80 [Train]:  79%|███████▉  | 165/208 [00:06<00:01, 25.10it/s, loss=1.101, acc=76.8%, lr=2.9e-04]
Epoch 13/80 [Train]:  79%|███████▉  | 165/208 [00:06<00:01, 25.10it/s, loss=1.408, acc=76.8%, lr=2.9e-04]
Epoch 13/80 [Train]:  81%|████████  | 168/208 [00:06<00:01, 24.96it/s, loss=1.408, acc=76.8%, lr=2.9e-04]
Epoch 13/80 [Train]:  81%|████████  | 168/208 [00:06<00:01, 24.96it/s, loss=1.234, acc=76.8%, lr=2.9e-04]
Epoch 13/80 [Train]:  81%|████████  | 168/208 [00:06<00:01, 24.96it/s, loss=1.107, acc=76.8%, lr=2.9e-04]
Epoch 13/80 [Train]:  81%|████████  | 168/208 [00:06<00:01, 24.96it/s, loss=1.144, acc=76.8%, lr=2.9e-04]
Epoch 13/80 [Train]:  82%|████████▏ | 171/208 [00:06<00:01, 25.11it/s, loss=1.144, acc=76.8%, lr=2.9e-04]
Epoch 13/80 [Train]:  82%|████████▏ | 171/208 [00:06<00:01, 25.11it/s, loss=1.291, acc=76.8%, lr=2.9e-04]
Epoch 13/80 [Train]:  82%|████████▏ | 171/208 [00:06<00:01, 25.11it/s, loss=1.448, acc=76.8%, lr=2.9e-04]
Epoch 13/80 [Train]:  82%|████████▏ | 171/208 [00:06<00:01, 25.11it/s, loss=1.300, acc=76.7%, lr=2.9e-04]
Epoch 13/80 [Train]:  84%|████████▎ | 174/208 [00:06<00:01, 25.25it/s, loss=1.300, acc=76.7%, lr=2.9e-04]
Epoch 13/80 [Train]:  84%|████████▎ | 174/208 [00:06<00:01, 25.25it/s, loss=1.569, acc=76.7%, lr=2.9e-04]
Epoch 13/80 [Train]:  84%|████████▎ | 174/208 [00:06<00:01, 25.25it/s, loss=1.079, acc=76.7%, lr=2.9e-04]
Epoch 13/80 [Train]:  84%|████████▎ | 174/208 [00:07<00:01, 25.25it/s, loss=1.229, acc=76.7%, lr=2.9e-04]
Epoch 13/80 [Train]:  85%|████████▌ | 177/208 [00:07<00:01, 25.49it/s, loss=1.229, acc=76.7%, lr=2.9e-04]
Epoch 13/80 [Train]:  85%|████████▌ | 177/208 [00:07<00:01, 25.49it/s, loss=1.142, acc=76.7%, lr=2.9e-04]
Epoch 13/80 [Train]:  85%|████████▌ | 177/208 [00:07<00:01, 25.49it/s, loss=1.367, acc=76.7%, lr=2.9e-04]
Epoch 13/80 [Train]:  85%|████████▌ | 177/208 [00:07<00:01, 25.49it/s, loss=1.213, acc=76.7%, lr=2.9e-04]
Epoch 13/80 [Train]:  87%|████████▋ | 180/208 [00:07<00:01, 25.48it/s, loss=1.213, acc=76.7%, lr=2.9e-04]
Epoch 13/80 [Train]:  87%|████████▋ | 180/208 [00:07<00:01, 25.48it/s, loss=1.181, acc=76.7%, lr=2.9e-04]
Epoch 13/80 [Train]:  87%|████████▋ | 180/208 [00:07<00:01, 25.48it/s, loss=1.367, acc=76.7%, lr=2.9e-04]
Epoch 13/80 [Train]:  87%|████████▋ | 180/208 [00:07<00:01, 25.48it/s, loss=1.307, acc=76.7%, lr=2.9e-04]
Epoch 13/80 [Train]:  88%|████████▊ | 183/208 [00:07<00:00, 25.43it/s, loss=1.307, acc=76.7%, lr=2.9e-04]
Epoch 13/80 [Train]:  88%|████████▊ | 183/208 [00:07<00:00, 25.43it/s, loss=1.176, acc=76.7%, lr=2.9e-04]
Epoch 13/80 [Train]:  88%|████████▊ | 183/208 [00:07<00:00, 25.43it/s, loss=1.154, acc=76.7%, lr=2.9e-04]
Epoch 13/80 [Train]:  88%|████████▊ | 183/208 [00:07<00:00, 25.43it/s, loss=1.524, acc=76.7%, lr=2.9e-04]
Epoch 13/80 [Train]:  89%|████████▉ | 186/208 [00:07<00:00, 25.27it/s, loss=1.524, acc=76.7%, lr=2.9e-04]
Epoch 13/80 [Train]:  89%|████████▉ | 186/208 [00:07<00:00, 25.27it/s, loss=1.101, acc=76.7%, lr=2.9e-04]
Epoch 13/80 [Train]:  89%|████████▉ | 186/208 [00:07<00:00, 25.27it/s, loss=1.312, acc=76.7%, lr=2.9e-04]
Epoch 13/80 [Train]:  89%|████████▉ | 186/208 [00:07<00:00, 25.27it/s, loss=1.239, acc=76.7%, lr=2.9e-04]
Epoch 13/80 [Train]:  91%|█████████ | 189/208 [00:07<00:00, 25.16it/s, loss=1.239, acc=76.7%, lr=2.9e-04]
Epoch 13/80 [Train]:  91%|█████████ | 189/208 [00:07<00:00, 25.16it/s, loss=1.338, acc=76.7%, lr=2.9e-04]
Epoch 13/80 [Train]:  91%|█████████ | 189/208 [00:07<00:00, 25.16it/s, loss=1.078, acc=76.7%, lr=2.9e-04]
Epoch 13/80 [Train]:  91%|█████████ | 189/208 [00:07<00:00, 25.16it/s, loss=1.305, acc=76.6%, lr=2.9e-04]
Epoch 13/80 [Train]:  92%|█████████▏| 192/208 [00:07<00:00, 25.28it/s, loss=1.305, acc=76.6%, lr=2.9e-04]
Epoch 13/80 [Train]:  92%|█████████▏| 192/208 [00:07<00:00, 25.28it/s, loss=1.290, acc=76.6%, lr=2.9e-04]
Epoch 13/80 [Train]:  92%|█████████▏| 192/208 [00:07<00:00, 25.28it/s, loss=1.204, acc=76.5%, lr=2.9e-04]
Epoch 13/80 [Train]:  92%|█████████▏| 192/208 [00:07<00:00, 25.28it/s, loss=1.111, acc=76.5%, lr=2.9e-04]
Epoch 13/80 [Train]:  94%|█████████▍| 195/208 [00:07<00:00, 25.34it/s, loss=1.111, acc=76.5%, lr=2.9e-04]
Epoch 13/80 [Train]:  94%|█████████▍| 195/208 [00:07<00:00, 25.34it/s, loss=1.227, acc=76.5%, lr=2.9e-04]
Epoch 13/80 [Train]:  94%|█████████▍| 195/208 [00:07<00:00, 25.34it/s, loss=1.191, acc=76.5%, lr=2.9e-04]
Epoch 13/80 [Train]:  94%|█████████▍| 195/208 [00:07<00:00, 25.34it/s, loss=1.249, acc=76.5%, lr=2.9e-04]
Epoch 13/80 [Train]:  95%|█████████▌| 198/208 [00:07<00:00, 25.29it/s, loss=1.249, acc=76.5%, lr=2.9e-04]
Epoch 13/80 [Train]:  95%|█████████▌| 198/208 [00:07<00:00, 25.29it/s, loss=1.275, acc=76.5%, lr=2.9e-04]
Epoch 13/80 [Train]:  95%|█████████▌| 198/208 [00:07<00:00, 25.29it/s, loss=1.156, acc=76.5%, lr=2.9e-04]
Epoch 13/80 [Train]:  95%|█████████▌| 198/208 [00:07<00:00, 25.29it/s, loss=1.185, acc=76.5%, lr=2.9e-04]
Epoch 13/80 [Train]:  97%|█████████▋| 201/208 [00:07<00:00, 25.33it/s, loss=1.185, acc=76.5%, lr=2.9e-04]
Epoch 13/80 [Train]:  97%|█████████▋| 201/208 [00:08<00:00, 25.33it/s, loss=1.298, acc=76.5%, lr=2.9e-04]
Epoch 13/80 [Train]:  97%|█████████▋| 201/208 [00:08<00:00, 25.33it/s, loss=1.619, acc=76.6%, lr=2.9e-04]
Epoch 13/80 [Train]:  97%|█████████▋| 201/208 [00:08<00:00, 25.33it/s, loss=1.438, acc=76.5%, lr=2.9e-04]
Epoch 13/80 [Train]:  98%|█████████▊| 204/208 [00:08<00:00, 25.41it/s, loss=1.438, acc=76.5%, lr=2.9e-04]
Epoch 13/80 [Train]:  98%|█████████▊| 204/208 [00:08<00:00, 25.41it/s, loss=1.224, acc=76.5%, lr=2.9e-04]
Epoch 13/80 [Train]:  98%|█████████▊| 204/208 [00:08<00:00, 25.41it/s, loss=1.323, acc=76.5%, lr=2.9e-04]
Epoch 13/80 [Train]:  98%|█████████▊| 204/208 [00:08<00:00, 25.41it/s, loss=1.319, acc=76.5%, lr=2.9e-04]
Epoch 13/80 [Train]: 100%|█████████▉| 207/208 [00:08<00:00, 25.48it/s, loss=1.319, acc=76.5%, lr=2.9e-04]
Epoch 13/80 [Train]: 100%|█████████▉| 207/208 [00:08<00:00, 25.48it/s, loss=1.243, acc=76.5%, lr=2.9e-04]
Epoch 13/80 [Train]: 100%|██████████| 208/208 [00:08<00:00, 25.29it/s, loss=1.243, acc=76.5%, lr=2.9e-04]

[2026-08-17 01:19:31] [EPOCH 13 SUMMARY]
  Train: Loss = 1.2345 | Top-1 Acc =  76.48%
  Val:   Top-1 Acc =   9.10% | Top-3 =  30.47% | Top-5 =  42.83%
         APL = 11.32 dB | Profile MAE =  2.39 dB (Rank Corr: 0.500)
  Time:  Epoch = 8.2s (Val Eval: 2.0s) | Total Elapsed = 00h:01m:58s | ETA: 00h:10m:11s
  -> [INFO] No improvement for 5/12 epochs (Best: 15.65%)

[2026-08-17 01:19:31] >>> [EPOCH 14/80] Training Started <<<

Epoch 14/80 [Train]:   0%|          | 0/208 [00:00<?, ?it/s]
Epoch 14/80 [Train]:   0%|          | 0/208 [00:00<?, ?it/s, loss=0.987, acc=81.2%, lr=2.9e-04]
Epoch 14/80 [Train]:   0%|          | 0/208 [00:00<?, ?it/s, loss=1.034, acc=79.7%, lr=2.9e-04]
Epoch 14/80 [Train]:   0%|          | 0/208 [00:00<?, ?it/s, loss=0.990, acc=80.7%, lr=2.9e-04]
Epoch 14/80 [Train]:   1%|▏         | 3/208 [00:00<00:08, 25.02it/s, loss=0.990, acc=80.7%, lr=2.9e-04]
Epoch 14/80 [Train]:   1%|▏         | 3/208 [00:00<00:08, 25.02it/s, loss=1.136, acc=79.3%, lr=2.9e-04]
Epoch 14/80 [Train]:   1%|▏         | 3/208 [00:00<00:08, 25.02it/s, loss=1.121, acc=79.4%, lr=2.9e-04]
Epoch 14/80 [Train]:   1%|▏         | 3/208 [00:00<00:08, 25.02it/s, loss=1.056, acc=78.4%, lr=2.9e-04]
Epoch 14/80 [Train]:   3%|▎         | 6/208 [00:00<00:07, 25.33it/s, loss=1.056, acc=78.4%, lr=2.9e-04]
Epoch 14/80 [Train]:   3%|▎         | 6/208 [00:00<00:07, 25.33it/s, loss=1.154, acc=78.3%, lr=2.9e-04]
Epoch 14/80 [Train]:   3%|▎         | 6/208 [00:00<00:07, 25.33it/s, loss=1.228, acc=78.1%, lr=2.9e-04]
Epoch 14/80 [Train]:   3%|▎         | 6/208 [00:00<00:07, 25.33it/s, loss=1.226, acc=78.5%, lr=2.9e-04]
Epoch 14/80 [Train]:   4%|▍         | 9/208 [00:00<00:08, 24.25it/s, loss=1.226, acc=78.5%, lr=2.9e-04]
Epoch 14/80 [Train]:   4%|▍         | 9/208 [00:00<00:08, 24.25it/s, loss=1.151, acc=78.8%, lr=2.9e-04]
Epoch 14/80 [Train]:   4%|▍         | 9/208 [00:00<00:08, 24.25it/s, loss=1.388, acc=79.0%, lr=2.9e-04]
Epoch 14/80 [Train]:   4%|▍         | 9/208 [00:00<00:08, 24.25it/s, loss=1.276, acc=78.3%, lr=2.9e-04]
Epoch 14/80 [Train]:   6%|▌         | 12/208 [00:00<00:07, 24.82it/s, loss=1.276, acc=78.3%, lr=2.9e-04]
Epoch 14/80 [Train]:   6%|▌         | 12/208 [00:00<00:07, 24.82it/s, loss=1.053, acc=77.9%, lr=2.9e-04]
Epoch 14/80 [Train]:   6%|▌         | 12/208 [00:00<00:07, 24.82it/s, loss=1.223, acc=77.7%, lr=2.9e-04]
Epoch 14/80 [Train]:   6%|▌         | 12/208 [00:00<00:07, 24.82it/s, loss=1.368, acc=77.7%, lr=2.9e-04]
Epoch 14/80 [Train]:   7%|▋         | 15/208 [00:00<00:07, 24.96it/s, loss=1.368, acc=77.7%, lr=2.9e-04]
Epoch 14/80 [Train]:   7%|▋         | 15/208 [00:00<00:07, 24.96it/s, loss=1.113, acc=77.6%, lr=2.9e-04]
Epoch 14/80 [Train]:   7%|▋         | 15/208 [00:00<00:07, 24.96it/s, loss=1.309, acc=77.7%, lr=2.9e-04]
Epoch 14/80 [Train]:   7%|▋         | 15/208 [00:00<00:07, 24.96it/s, loss=1.339, acc=77.6%, lr=2.9e-04]
Epoch 14/80 [Train]:   9%|▊         | 18/208 [00:00<00:07, 25.05it/s, loss=1.339, acc=77.6%, lr=2.9e-04]
Epoch 14/80 [Train]:   9%|▊         | 18/208 [00:00<00:07, 25.05it/s, loss=1.301, acc=77.1%, lr=2.9e-04]
Epoch 14/80 [Train]:   9%|▊         | 18/208 [00:00<00:07, 25.05it/s, loss=1.434, acc=77.1%, lr=2.9e-04]
Epoch 14/80 [Train]:   9%|▊         | 18/208 [00:00<00:07, 25.05it/s, loss=1.281, acc=77.0%, lr=2.9e-04]
Epoch 14/80 [Train]:  10%|█         | 21/208 [00:00<00:07, 24.80it/s, loss=1.281, acc=77.0%, lr=2.9e-04]
Epoch 14/80 [Train]:  10%|█         | 21/208 [00:00<00:07, 24.80it/s, loss=1.078, acc=77.0%, lr=2.9e-04]
Epoch 14/80 [Train]:  10%|█         | 21/208 [00:00<00:07, 24.80it/s, loss=1.163, acc=77.0%, lr=2.9e-04]
Epoch 14/80 [Train]:  10%|█         | 21/208 [00:00<00:07, 24.80it/s, loss=1.412, acc=76.8%, lr=2.9e-04]
Epoch 14/80 [Train]:  12%|█▏        | 24/208 [00:00<00:07, 25.00it/s, loss=1.412, acc=76.8%, lr=2.9e-04]
Epoch 14/80 [Train]:  12%|█▏        | 24/208 [00:01<00:07, 25.00it/s, loss=1.310, acc=76.5%, lr=2.9e-04]
Epoch 14/80 [Train]:  12%|█▏        | 24/208 [00:01<00:07, 25.00it/s, loss=1.063, acc=76.7%, lr=2.9e-04]
Epoch 14/80 [Train]:  12%|█▏        | 24/208 [00:01<00:07, 25.00it/s, loss=0.848, acc=77.1%, lr=2.9e-04]
Epoch 14/80 [Train]:  13%|█▎        | 27/208 [00:01<00:07, 24.94it/s, loss=0.848, acc=77.1%, lr=2.9e-04]
Epoch 14/80 [Train]:  13%|█▎        | 27/208 [00:01<00:07, 24.94it/s, loss=1.178, acc=76.9%, lr=2.9e-04]
Epoch 14/80 [Train]:  13%|█▎        | 27/208 [00:01<00:07, 24.94it/s, loss=1.229, acc=76.8%, lr=2.9e-04]
Epoch 14/80 [Train]:  13%|█▎        | 27/208 [00:01<00:07, 24.94it/s, loss=1.204, acc=77.0%, lr=2.9e-04]
Epoch 14/80 [Train]:  14%|█▍        | 30/208 [00:01<00:07, 25.19it/s, loss=1.204, acc=77.0%, lr=2.9e-04]
Epoch 14/80 [Train]:  14%|█▍        | 30/208 [00:01<00:07, 25.19it/s, loss=1.123, acc=77.1%, lr=2.9e-04]
Epoch 14/80 [Train]:  14%|█▍        | 30/208 [00:01<00:07, 25.19it/s, loss=1.184, acc=77.0%, lr=2.9e-04]
Epoch 14/80 [Train]:  14%|█▍        | 30/208 [00:01<00:07, 25.19it/s, loss=1.040, acc=77.1%, lr=2.9e-04]
Epoch 14/80 [Train]:  16%|█▌        | 33/208 [00:01<00:07, 24.98it/s, loss=1.040, acc=77.1%, lr=2.9e-04]
Epoch 14/80 [Train]:  16%|█▌        | 33/208 [00:01<00:07, 24.98it/s, loss=1.277, acc=77.0%, lr=2.9e-04]
Epoch 14/80 [Train]:  16%|█▌        | 33/208 [00:01<00:07, 24.98it/s, loss=1.366, acc=77.0%, lr=2.9e-04]
Epoch 14/80 [Train]:  16%|█▌        | 33/208 [00:01<00:07, 24.98it/s, loss=1.206, acc=76.9%, lr=2.9e-04]
Epoch 14/80 [Train]:  17%|█▋        | 36/208 [00:01<00:06, 25.18it/s, loss=1.206, acc=76.9%, lr=2.9e-04]
Epoch 14/80 [Train]:  17%|█▋        | 36/208 [00:01<00:06, 25.18it/s, loss=1.112, acc=76.8%, lr=2.9e-04]
Epoch 14/80 [Train]:  17%|█▋        | 36/208 [00:01<00:06, 25.18it/s, loss=1.215, acc=76.7%, lr=2.9e-04]
Epoch 14/80 [Train]:  17%|█▋        | 36/208 [00:01<00:06, 25.18it/s, loss=0.999, acc=76.9%, lr=2.9e-04]
Epoch 14/80 [Train]:  19%|█▉        | 39/208 [00:01<00:06, 25.25it/s, loss=0.999, acc=76.9%, lr=2.9e-04]
Epoch 14/80 [Train]:  19%|█▉        | 39/208 [00:01<00:06, 25.25it/s, loss=1.277, acc=76.6%, lr=2.9e-04]
Epoch 14/80 [Train]:  19%|█▉        | 39/208 [00:01<00:06, 25.25it/s, loss=1.326, acc=76.5%, lr=2.9e-04]
Epoch 14/80 [Train]:  19%|█▉        | 39/208 [00:01<00:06, 25.25it/s, loss=1.253, acc=76.5%, lr=2.9e-04]
Epoch 14/80 [Train]:  20%|██        | 42/208 [00:01<00:06, 25.43it/s, loss=1.253, acc=76.5%, lr=2.9e-04]
Epoch 14/80 [Train]:  20%|██        | 42/208 [00:01<00:06, 25.43it/s, loss=1.022, acc=76.7%, lr=2.9e-04]
Epoch 14/80 [Train]:  20%|██        | 42/208 [00:01<00:06, 25.43it/s, loss=1.140, acc=76.7%, lr=2.9e-04]
Epoch 14/80 [Train]:  20%|██        | 42/208 [00:01<00:06, 25.43it/s, loss=1.182, acc=76.7%, lr=2.9e-04]
Epoch 14/80 [Train]:  22%|██▏       | 45/208 [00:01<00:06, 24.64it/s, loss=1.182, acc=76.7%, lr=2.9e-04]
Epoch 14/80 [Train]:  22%|██▏       | 45/208 [00:01<00:06, 24.64it/s, loss=1.217, acc=76.8%, lr=2.9e-04]
Epoch 14/80 [Train]:  22%|██▏       | 45/208 [00:01<00:06, 24.64it/s, loss=1.481, acc=76.6%, lr=2.9e-04]
Epoch 14/80 [Train]:  22%|██▏       | 45/208 [00:01<00:06, 24.64it/s, loss=1.272, acc=76.6%, lr=2.9e-04]
Epoch 14/80 [Train]:  23%|██▎       | 48/208 [00:01<00:06, 24.74it/s, loss=1.272, acc=76.6%, lr=2.9e-04]
Epoch 14/80 [Train]:  23%|██▎       | 48/208 [00:01<00:06, 24.74it/s, loss=1.187, acc=76.6%, lr=2.9e-04]
Epoch 14/80 [Train]:  23%|██▎       | 48/208 [00:02<00:06, 24.74it/s, loss=0.980, acc=76.7%, lr=2.9e-04]
Epoch 14/80 [Train]:  23%|██▎       | 48/208 [00:02<00:06, 24.74it/s, loss=1.637, acc=76.3%, lr=2.9e-04]
Epoch 14/80 [Train]:  25%|██▍       | 51/208 [00:02<00:06, 24.96it/s, loss=1.637, acc=76.3%, lr=2.9e-04]
Epoch 14/80 [Train]:  25%|██▍       | 51/208 [00:02<00:06, 24.96it/s, loss=1.206, acc=76.3%, lr=2.9e-04]
Epoch 14/80 [Train]:  25%|██▍       | 51/208 [00:02<00:06, 24.96it/s, loss=1.377, acc=76.0%, lr=2.9e-04]
Epoch 14/80 [Train]:  25%|██▍       | 51/208 [00:02<00:06, 24.96it/s, loss=1.371, acc=76.1%, lr=2.9e-04]
Epoch 14/80 [Train]:  26%|██▌       | 54/208 [00:02<00:06, 25.08it/s, loss=1.371, acc=76.1%, lr=2.9e-04]
Epoch 14/80 [Train]:  26%|██▌       | 54/208 [00:02<00:06, 25.08it/s, loss=1.239, acc=76.1%, lr=2.9e-04]
Epoch 14/80 [Train]:  26%|██▌       | 54/208 [00:02<00:06, 25.08it/s, loss=1.280, acc=76.2%, lr=2.9e-04]
Epoch 14/80 [Train]:  26%|██▌       | 54/208 [00:02<00:06, 25.08it/s, loss=1.232, acc=76.1%, lr=2.9e-04]
Epoch 14/80 [Train]:  27%|██▋       | 57/208 [00:02<00:06, 25.07it/s, loss=1.232, acc=76.1%, lr=2.9e-04]
Epoch 14/80 [Train]:  27%|██▋       | 57/208 [00:02<00:06, 25.07it/s, loss=1.238, acc=76.2%, lr=2.9e-04]
Epoch 14/80 [Train]:  27%|██▋       | 57/208 [00:02<00:06, 25.07it/s, loss=1.244, acc=76.2%, lr=2.9e-04]
Epoch 14/80 [Train]:  27%|██▋       | 57/208 [00:02<00:06, 25.07it/s, loss=1.123, acc=76.2%, lr=2.9e-04]
Epoch 14/80 [Train]:  29%|██▉       | 60/208 [00:02<00:05, 24.68it/s, loss=1.123, acc=76.2%, lr=2.9e-04]
Epoch 14/80 [Train]:  29%|██▉       | 60/208 [00:02<00:05, 24.68it/s, loss=1.461, acc=76.1%, lr=2.9e-04]
Epoch 14/80 [Train]:  29%|██▉       | 60/208 [00:02<00:05, 24.68it/s, loss=1.122, acc=76.1%, lr=2.9e-04]
Epoch 14/80 [Train]:  29%|██▉       | 60/208 [00:02<00:05, 24.68it/s, loss=1.081, acc=76.2%, lr=2.9e-04]
Epoch 14/80 [Train]:  30%|███       | 63/208 [00:02<00:05, 24.94it/s, loss=1.081, acc=76.2%, lr=2.9e-04]
Epoch 14/80 [Train]:  30%|███       | 63/208 [00:02<00:05, 24.94it/s, loss=1.017, acc=76.3%, lr=2.9e-04]
Epoch 14/80 [Train]:  30%|███       | 63/208 [00:02<00:05, 24.94it/s, loss=1.459, acc=76.2%, lr=2.9e-04]
Epoch 14/80 [Train]:  30%|███       | 63/208 [00:02<00:05, 24.94it/s, loss=1.002, acc=76.3%, lr=2.9e-04]
Epoch 14/80 [Train]:  32%|███▏      | 66/208 [00:02<00:05, 25.08it/s, loss=1.002, acc=76.3%, lr=2.9e-04]
Epoch 14/80 [Train]:  32%|███▏      | 66/208 [00:02<00:05, 25.08it/s, loss=1.249, acc=76.3%, lr=2.9e-04]
Epoch 14/80 [Train]:  32%|███▏      | 66/208 [00:02<00:05, 25.08it/s, loss=1.054, acc=76.4%, lr=2.9e-04]
Epoch 14/80 [Train]:  32%|███▏      | 66/208 [00:02<00:05, 25.08it/s, loss=0.794, acc=76.5%, lr=2.9e-04]
Epoch 14/80 [Train]:  33%|███▎      | 69/208 [00:02<00:05, 25.26it/s, loss=0.794, acc=76.5%, lr=2.9e-04]
Epoch 14/80 [Train]:  33%|███▎      | 69/208 [00:02<00:05, 25.26it/s, loss=1.276, acc=76.4%, lr=2.9e-04]
Epoch 14/80 [Train]:  33%|███▎      | 69/208 [00:02<00:05, 25.26it/s, loss=1.062, acc=76.4%, lr=2.9e-04]
Epoch 14/80 [Train]:  33%|███▎      | 69/208 [00:02<00:05, 25.26it/s, loss=1.144, acc=76.3%, lr=2.9e-04]
Epoch 14/80 [Train]:  35%|███▍      | 72/208 [00:02<00:05, 25.12it/s, loss=1.144, acc=76.3%, lr=2.9e-04]
Epoch 14/80 [Train]:  35%|███▍      | 72/208 [00:02<00:05, 25.12it/s, loss=1.126, acc=76.3%, lr=2.9e-04]
Epoch 14/80 [Train]:  35%|███▍      | 72/208 [00:02<00:05, 25.12it/s, loss=1.159, acc=76.3%, lr=2.9e-04]
Epoch 14/80 [Train]:  35%|███▍      | 72/208 [00:02<00:05, 25.12it/s, loss=1.212, acc=76.3%, lr=2.9e-04]
Epoch 14/80 [Train]:  36%|███▌      | 75/208 [00:02<00:05, 25.19it/s, loss=1.212, acc=76.3%, lr=2.9e-04]
Epoch 14/80 [Train]:  36%|███▌      | 75/208 [00:03<00:05, 25.19it/s, loss=1.493, acc=76.3%, lr=2.9e-04]
Epoch 14/80 [Train]:  36%|███▌      | 75/208 [00:03<00:05, 25.19it/s, loss=1.235, acc=76.4%, lr=2.9e-04]
Epoch 14/80 [Train]:  36%|███▌      | 75/208 [00:03<00:05, 25.19it/s, loss=1.059, acc=76.4%, lr=2.9e-04]
Epoch 14/80 [Train]:  38%|███▊      | 78/208 [00:03<00:05, 25.31it/s, loss=1.059, acc=76.4%, lr=2.9e-04]
Epoch 14/80 [Train]:  38%|███▊      | 78/208 [00:03<00:05, 25.31it/s, loss=1.334, acc=76.4%, lr=2.9e-04]
Epoch 14/80 [Train]:  38%|███▊      | 78/208 [00:03<00:05, 25.31it/s, loss=1.301, acc=76.3%, lr=2.9e-04]
Epoch 14/80 [Train]:  38%|███▊      | 78/208 [00:03<00:05, 25.31it/s, loss=1.191, acc=76.3%, lr=2.9e-04]
Epoch 14/80 [Train]:  39%|███▉      | 81/208 [00:03<00:05, 25.39it/s, loss=1.191, acc=76.3%, lr=2.9e-04]
Epoch 14/80 [Train]:  39%|███▉      | 81/208 [00:03<00:05, 25.39it/s, loss=1.204, acc=76.2%, lr=2.9e-04]
Epoch 14/80 [Train]:  39%|███▉      | 81/208 [00:03<00:05, 25.39it/s, loss=1.029, acc=76.3%, lr=2.9e-04]
Epoch 14/80 [Train]:  39%|███▉      | 81/208 [00:03<00:05, 25.39it/s, loss=1.132, acc=76.3%, lr=2.9e-04]
Epoch 14/80 [Train]:  40%|████      | 84/208 [00:03<00:04, 25.36it/s, loss=1.132, acc=76.3%, lr=2.9e-04]
Epoch 14/80 [Train]:  40%|████      | 84/208 [00:03<00:04, 25.36it/s, loss=0.966, acc=76.3%, lr=2.9e-04]
Epoch 14/80 [Train]:  40%|████      | 84/208 [00:03<00:04, 25.36it/s, loss=1.349, acc=76.3%, lr=2.9e-04]
Epoch 14/80 [Train]:  40%|████      | 84/208 [00:03<00:04, 25.36it/s, loss=1.087, acc=76.3%, lr=2.9e-04]
Epoch 14/80 [Train]:  42%|████▏     | 87/208 [00:03<00:04, 25.43it/s, loss=1.087, acc=76.3%, lr=2.9e-04]
Epoch 14/80 [Train]:  42%|████▏     | 87/208 [00:03<00:04, 25.43it/s, loss=1.307, acc=76.3%, lr=2.9e-04]
Epoch 14/80 [Train]:  42%|████▏     | 87/208 [00:03<00:04, 25.43it/s, loss=0.987, acc=76.4%, lr=2.9e-04]
Epoch 14/80 [Train]:  42%|████▏     | 87/208 [00:03<00:04, 25.43it/s, loss=1.199, acc=76.4%, lr=2.9e-04]
Epoch 14/80 [Train]:  43%|████▎     | 90/208 [00:03<00:04, 25.23it/s, loss=1.199, acc=76.4%, lr=2.9e-04]
Epoch 14/80 [Train]:  43%|████▎     | 90/208 [00:03<00:04, 25.23it/s, loss=1.016, acc=76.4%, lr=2.9e-04]
Epoch 14/80 [Train]:  43%|████▎     | 90/208 [00:03<00:04, 25.23it/s, loss=1.152, acc=76.4%, lr=2.9e-04]
Epoch 14/80 [Train]:  43%|████▎     | 90/208 [00:03<00:04, 25.23it/s, loss=1.197, acc=76.4%, lr=2.9e-04]
Epoch 14/80 [Train]:  45%|████▍     | 93/208 [00:03<00:04, 25.36it/s, loss=1.197, acc=76.4%, lr=2.9e-04]
Epoch 14/80 [Train]:  45%|████▍     | 93/208 [00:03<00:04, 25.36it/s, loss=1.446, acc=76.4%, lr=2.9e-04]
Epoch 14/80 [Train]:  45%|████▍     | 93/208 [00:03<00:04, 25.36it/s, loss=1.235, acc=76.3%, lr=2.9e-04]
Epoch 14/80 [Train]:  45%|████▍     | 93/208 [00:03<00:04, 25.36it/s, loss=1.091, acc=76.3%, lr=2.9e-04]
Epoch 14/80 [Train]:  46%|████▌     | 96/208 [00:03<00:04, 25.19it/s, loss=1.091, acc=76.3%, lr=2.9e-04]
Epoch 14/80 [Train]:  46%|████▌     | 96/208 [00:03<00:04, 25.19it/s, loss=1.208, acc=76.3%, lr=2.9e-04]
Epoch 14/80 [Train]:  46%|████▌     | 96/208 [00:03<00:04, 25.19it/s, loss=1.061, acc=76.3%, lr=2.9e-04]
Epoch 14/80 [Train]:  46%|████▌     | 96/208 [00:03<00:04, 25.19it/s, loss=1.230, acc=76.3%, lr=2.9e-04]
Epoch 14/80 [Train]:  48%|████▊     | 99/208 [00:03<00:04, 25.22it/s, loss=1.230, acc=76.3%, lr=2.9e-04]
Epoch 14/80 [Train]:  48%|████▊     | 99/208 [00:03<00:04, 25.22it/s, loss=1.274, acc=76.3%, lr=2.9e-04]
Epoch 14/80 [Train]:  48%|████▊     | 99/208 [00:04<00:04, 25.22it/s, loss=1.333, acc=76.2%, lr=2.9e-04]
Epoch 14/80 [Train]:  48%|████▊     | 99/208 [00:04<00:04, 25.22it/s, loss=1.083, acc=76.3%, lr=2.9e-04]
Epoch 14/80 [Train]:  49%|████▉     | 102/208 [00:04<00:04, 25.43it/s, loss=1.083, acc=76.3%, lr=2.9e-04]
Epoch 14/80 [Train]:  49%|████▉     | 102/208 [00:04<00:04, 25.43it/s, loss=1.080, acc=76.4%, lr=2.9e-04]
Epoch 14/80 [Train]:  49%|████▉     | 102/208 [00:04<00:04, 25.43it/s, loss=1.385, acc=76.3%, lr=2.9e-04]
Epoch 14/80 [Train]:  49%|████▉     | 102/208 [00:04<00:04, 25.43it/s, loss=1.077, acc=76.4%, lr=2.9e-04]
Epoch 14/80 [Train]:  50%|█████     | 105/208 [00:04<00:04, 25.43it/s, loss=1.077, acc=76.4%, lr=2.9e-04]
Epoch 14/80 [Train]:  50%|█████     | 105/208 [00:04<00:04, 25.43it/s, loss=1.118, acc=76.4%, lr=2.9e-04]
Epoch 14/80 [Train]:  50%|█████     | 105/208 [00:04<00:04, 25.43it/s, loss=1.277, acc=76.4%, lr=2.9e-04]
Epoch 14/80 [Train]:  50%|█████     | 105/208 [00:04<00:04, 25.43it/s, loss=1.161, acc=76.4%, lr=2.9e-04]
Epoch 14/80 [Train]:  52%|█████▏    | 108/208 [00:04<00:03, 25.17it/s, loss=1.161, acc=76.4%, lr=2.9e-04]
Epoch 14/80 [Train]:  52%|█████▏    | 108/208 [00:04<00:03, 25.17it/s, loss=1.154, acc=76.4%, lr=2.9e-04]
Epoch 14/80 [Train]:  52%|█████▏    | 108/208 [00:04<00:03, 25.17it/s, loss=1.052, acc=76.5%, lr=2.9e-04]
Epoch 14/80 [Train]:  52%|█████▏    | 108/208 [00:04<00:03, 25.17it/s, loss=1.395, acc=76.4%, lr=2.9e-04]
Epoch 14/80 [Train]:  53%|█████▎    | 111/208 [00:04<00:03, 25.19it/s, loss=1.395, acc=76.4%, lr=2.9e-04]
Epoch 14/80 [Train]:  53%|█████▎    | 111/208 [00:04<00:03, 25.19it/s, loss=1.078, acc=76.5%, lr=2.9e-04]
Epoch 14/80 [Train]:  53%|█████▎    | 111/208 [00:04<00:03, 25.19it/s, loss=1.389, acc=76.5%, lr=2.9e-04]
Epoch 14/80 [Train]:  53%|█████▎    | 111/208 [00:04<00:03, 25.19it/s, loss=1.131, acc=76.5%, lr=2.9e-04]
Epoch 14/80 [Train]:  55%|█████▍    | 114/208 [00:04<00:03, 25.25it/s, loss=1.131, acc=76.5%, lr=2.9e-04]
Epoch 14/80 [Train]:  55%|█████▍    | 114/208 [00:04<00:03, 25.25it/s, loss=1.238, acc=76.4%, lr=2.9e-04]
Epoch 14/80 [Train]:  55%|█████▍    | 114/208 [00:04<00:03, 25.25it/s, loss=1.400, acc=76.4%, lr=2.9e-04]
Epoch 14/80 [Train]:  55%|█████▍    | 114/208 [00:04<00:03, 25.25it/s, loss=1.289, acc=76.4%, lr=2.9e-04]
Epoch 14/80 [Train]:  56%|█████▋    | 117/208 [00:04<00:03, 25.27it/s, loss=1.289, acc=76.4%, lr=2.9e-04]
Epoch 14/80 [Train]:  56%|█████▋    | 117/208 [00:04<00:03, 25.27it/s, loss=1.271, acc=76.4%, lr=2.9e-04]
Epoch 14/80 [Train]:  56%|█████▋    | 117/208 [00:04<00:03, 25.27it/s, loss=1.125, acc=76.4%, lr=2.9e-04]
Epoch 14/80 [Train]:  56%|█████▋    | 117/208 [00:04<00:03, 25.27it/s, loss=0.959, acc=76.4%, lr=2.9e-04]
Epoch 14/80 [Train]:  58%|█████▊    | 120/208 [00:04<00:03, 25.33it/s, loss=0.959, acc=76.4%, lr=2.9e-04]
Epoch 14/80 [Train]:  58%|█████▊    | 120/208 [00:04<00:03, 25.33it/s, loss=1.410, acc=76.4%, lr=2.9e-04]
Epoch 14/80 [Train]:  58%|█████▊    | 120/208 [00:04<00:03, 25.33it/s, loss=1.313, acc=76.4%, lr=2.9e-04]
Epoch 14/80 [Train]:  58%|█████▊    | 120/208 [00:04<00:03, 25.33it/s, loss=1.304, acc=76.3%, lr=2.9e-04]
Epoch 14/80 [Train]:  59%|█████▉    | 123/208 [00:04<00:03, 25.24it/s, loss=1.304, acc=76.3%, lr=2.9e-04]
Epoch 14/80 [Train]:  59%|█████▉    | 123/208 [00:04<00:03, 25.24it/s, loss=1.197, acc=76.2%, lr=2.9e-04]
Epoch 14/80 [Train]:  59%|█████▉    | 123/208 [00:04<00:03, 25.24it/s, loss=0.989, acc=76.3%, lr=2.9e-04]
Epoch 14/80 [Train]:  59%|█████▉    | 123/208 [00:05<00:03, 25.24it/s, loss=1.239, acc=76.3%, lr=2.9e-04]
Epoch 14/80 [Train]:  61%|██████    | 126/208 [00:05<00:03, 25.18it/s, loss=1.239, acc=76.3%, lr=2.9e-04]
Epoch 14/80 [Train]:  61%|██████    | 126/208 [00:05<00:03, 25.18it/s, loss=1.220, acc=76.3%, lr=2.9e-04]
Epoch 14/80 [Train]:  61%|██████    | 126/208 [00:05<00:03, 25.18it/s, loss=1.431, acc=76.2%, lr=2.9e-04]
Epoch 14/80 [Train]:  61%|██████    | 126/208 [00:05<00:03, 25.18it/s, loss=1.100, acc=76.2%, lr=2.9e-04]
Epoch 14/80 [Train]:  62%|██████▏   | 129/208 [00:05<00:03, 25.33it/s, loss=1.100, acc=76.2%, lr=2.9e-04]
Epoch 14/80 [Train]:  62%|██████▏   | 129/208 [00:05<00:03, 25.33it/s, loss=1.429, acc=76.2%, lr=2.9e-04]
Epoch 14/80 [Train]:  62%|██████▏   | 129/208 [00:05<00:03, 25.33it/s, loss=1.033, acc=76.2%, lr=2.9e-04]
Epoch 14/80 [Train]:  62%|██████▏   | 129/208 [00:05<00:03, 25.33it/s, loss=1.237, acc=76.2%, lr=2.9e-04]
Epoch 14/80 [Train]:  63%|██████▎   | 132/208 [00:05<00:03, 25.22it/s, loss=1.237, acc=76.2%, lr=2.9e-04]
Epoch 14/80 [Train]:  63%|██████▎   | 132/208 [00:05<00:03, 25.22it/s, loss=1.135, acc=76.2%, lr=2.9e-04]
Epoch 14/80 [Train]:  63%|██████▎   | 132/208 [00:05<00:03, 25.22it/s, loss=1.391, acc=76.1%, lr=2.9e-04]
Epoch 14/80 [Train]:  63%|██████▎   | 132/208 [00:05<00:03, 25.22it/s, loss=1.191, acc=76.1%, lr=2.9e-04]
Epoch 14/80 [Train]:  65%|██████▍   | 135/208 [00:05<00:02, 25.16it/s, loss=1.191, acc=76.1%, lr=2.9e-04]
Epoch 14/80 [Train]:  65%|██████▍   | 135/208 [00:05<00:02, 25.16it/s, loss=1.017, acc=76.1%, lr=2.9e-04]
Epoch 14/80 [Train]:  65%|██████▍   | 135/208 [00:05<00:02, 25.16it/s, loss=1.093, acc=76.2%, lr=2.9e-04]
Epoch 14/80 [Train]:  65%|██████▍   | 135/208 [00:05<00:02, 25.16it/s, loss=1.190, acc=76.2%, lr=2.9e-04]
Epoch 14/80 [Train]:  66%|██████▋   | 138/208 [00:05<00:02, 25.18it/s, loss=1.190, acc=76.2%, lr=2.9e-04]
Epoch 14/80 [Train]:  66%|██████▋   | 138/208 [00:05<00:02, 25.18it/s, loss=1.243, acc=76.2%, lr=2.9e-04]
Epoch 14/80 [Train]:  66%|██████▋   | 138/208 [00:05<00:02, 25.18it/s, loss=1.063, acc=76.2%, lr=2.9e-04]
Epoch 14/80 [Train]:  66%|██████▋   | 138/208 [00:05<00:02, 25.18it/s, loss=1.045, acc=76.3%, lr=2.9e-04]
Epoch 14/80 [Train]:  68%|██████▊   | 141/208 [00:05<00:02, 25.21it/s, loss=1.045, acc=76.3%, lr=2.9e-04]
Epoch 14/80 [Train]:  68%|██████▊   | 141/208 [00:05<00:02, 25.21it/s, loss=1.408, acc=76.2%, lr=2.9e-04]
Epoch 14/80 [Train]:  68%|██████▊   | 141/208 [00:05<00:02, 25.21it/s, loss=1.168, acc=76.2%, lr=2.9e-04]
Epoch 14/80 [Train]:  68%|██████▊   | 141/208 [00:05<00:02, 25.21it/s, loss=1.091, acc=76.2%, lr=2.9e-04]
Epoch 14/80 [Train]:  69%|██████▉   | 144/208 [00:05<00:02, 25.19it/s, loss=1.091, acc=76.2%, lr=2.9e-04]
Epoch 14/80 [Train]:  69%|██████▉   | 144/208 [00:05<00:02, 25.19it/s, loss=1.256, acc=76.3%, lr=2.9e-04]
Epoch 14/80 [Train]:  69%|██████▉   | 144/208 [00:05<00:02, 25.19it/s, loss=1.257, acc=76.3%, lr=2.9e-04]
Epoch 14/80 [Train]:  69%|██████▉   | 144/208 [00:05<00:02, 25.19it/s, loss=1.291, acc=76.3%, lr=2.9e-04]
Epoch 14/80 [Train]:  71%|███████   | 147/208 [00:05<00:02, 25.26it/s, loss=1.291, acc=76.3%, lr=2.9e-04]
Epoch 14/80 [Train]:  71%|███████   | 147/208 [00:05<00:02, 25.26it/s, loss=1.168, acc=76.3%, lr=2.9e-04]
Epoch 14/80 [Train]:  71%|███████   | 147/208 [00:05<00:02, 25.26it/s, loss=0.904, acc=76.3%, lr=2.9e-04]
Epoch 14/80 [Train]:  71%|███████   | 147/208 [00:05<00:02, 25.26it/s, loss=1.102, acc=76.3%, lr=2.9e-04]
Epoch 14/80 [Train]:  72%|███████▏  | 150/208 [00:05<00:02, 25.18it/s, loss=1.102, acc=76.3%, lr=2.9e-04]
Epoch 14/80 [Train]:  72%|███████▏  | 150/208 [00:06<00:02, 25.18it/s, loss=1.011, acc=76.3%, lr=2.9e-04]
Epoch 14/80 [Train]:  72%|███████▏  | 150/208 [00:06<00:02, 25.18it/s, loss=1.207, acc=76.3%, lr=2.9e-04]
Epoch 14/80 [Train]:  72%|███████▏  | 150/208 [00:06<00:02, 25.18it/s, loss=0.982, acc=76.3%, lr=2.9e-04]
Epoch 14/80 [Train]:  74%|███████▎  | 153/208 [00:06<00:02, 24.87it/s, loss=0.982, acc=76.3%, lr=2.9e-04]
Epoch 14/80 [Train]:  74%|███████▎  | 153/208 [00:06<00:02, 24.87it/s, loss=1.204, acc=76.4%, lr=2.9e-04]
Epoch 14/80 [Train]:  74%|███████▎  | 153/208 [00:06<00:02, 24.87it/s, loss=1.201, acc=76.4%, lr=2.9e-04]
Epoch 14/80 [Train]:  74%|███████▎  | 153/208 [00:06<00:02, 24.87it/s, loss=1.133, acc=76.4%, lr=2.9e-04]
Epoch 14/80 [Train]:  75%|███████▌  | 156/208 [00:06<00:02, 24.74it/s, loss=1.133, acc=76.4%, lr=2.9e-04]
Epoch 14/80 [Train]:  75%|███████▌  | 156/208 [00:06<00:02, 24.74it/s, loss=1.098, acc=76.4%, lr=2.9e-04]
Epoch 14/80 [Train]:  75%|███████▌  | 156/208 [00:06<00:02, 24.74it/s, loss=1.014, acc=76.4%, lr=2.9e-04]
Epoch 14/80 [Train]:  75%|███████▌  | 156/208 [00:06<00:02, 24.74it/s, loss=1.151, acc=76.5%, lr=2.9e-04]
Epoch 14/80 [Train]:  76%|███████▋  | 159/208 [00:06<00:01, 25.03it/s, loss=1.151, acc=76.5%, lr=2.9e-04]
Epoch 14/80 [Train]:  76%|███████▋  | 159/208 [00:06<00:01, 25.03it/s, loss=1.069, acc=76.5%, lr=2.9e-04]
Epoch 14/80 [Train]:  76%|███████▋  | 159/208 [00:06<00:01, 25.03it/s, loss=1.647, acc=76.4%, lr=2.9e-04]
Epoch 14/80 [Train]:  76%|███████▋  | 159/208 [00:06<00:01, 25.03it/s, loss=0.891, acc=76.5%, lr=2.9e-04]
Epoch 14/80 [Train]:  78%|███████▊  | 162/208 [00:06<00:01, 25.12it/s, loss=0.891, acc=76.5%, lr=2.9e-04]
Epoch 14/80 [Train]:  78%|███████▊  | 162/208 [00:06<00:01, 25.12it/s, loss=1.133, acc=76.5%, lr=2.9e-04]
Epoch 14/80 [Train]:  78%|███████▊  | 162/208 [00:06<00:01, 25.12it/s, loss=1.298, acc=76.5%, lr=2.9e-04]
Epoch 14/80 [Train]:  78%|███████▊  | 162/208 [00:06<00:01, 25.12it/s, loss=1.194, acc=76.5%, lr=2.9e-04]
Epoch 14/80 [Train]:  79%|███████▉  | 165/208 [00:06<00:01, 24.80it/s, loss=1.194, acc=76.5%, lr=2.9e-04]
Epoch 14/80 [Train]:  79%|███████▉  | 165/208 [00:06<00:01, 24.80it/s, loss=1.152, acc=76.5%, lr=2.9e-04]
Epoch 14/80 [Train]:  79%|███████▉  | 165/208 [00:06<00:01, 24.80it/s, loss=1.275, acc=76.5%, lr=2.9e-04]
Epoch 14/80 [Train]:  79%|███████▉  | 165/208 [00:06<00:01, 24.80it/s, loss=1.060, acc=76.5%, lr=2.9e-04]
Epoch 14/80 [Train]:  81%|████████  | 168/208 [00:06<00:01, 25.00it/s, loss=1.060, acc=76.5%, lr=2.9e-04]
Epoch 14/80 [Train]:  81%|████████  | 168/208 [00:06<00:01, 25.00it/s, loss=1.340, acc=76.5%, lr=2.9e-04]
Epoch 14/80 [Train]:  81%|████████  | 168/208 [00:06<00:01, 25.00it/s, loss=1.302, acc=76.4%, lr=2.9e-04]
Epoch 14/80 [Train]:  81%|████████  | 168/208 [00:06<00:01, 25.00it/s, loss=1.468, acc=76.4%, lr=2.9e-04]
Epoch 14/80 [Train]:  82%|████████▏ | 171/208 [00:06<00:01, 25.14it/s, loss=1.468, acc=76.4%, lr=2.9e-04]
Epoch 14/80 [Train]:  82%|████████▏ | 171/208 [00:06<00:01, 25.14it/s, loss=1.067, acc=76.3%, lr=2.9e-04]
Epoch 14/80 [Train]:  82%|████████▏ | 171/208 [00:06<00:01, 25.14it/s, loss=1.019, acc=76.3%, lr=2.9e-04]
Epoch 14/80 [Train]:  82%|████████▏ | 171/208 [00:06<00:01, 25.14it/s, loss=1.121, acc=76.3%, lr=2.9e-04]
Epoch 14/80 [Train]:  84%|████████▎ | 174/208 [00:06<00:01, 25.30it/s, loss=1.121, acc=76.3%, lr=2.9e-04]
Epoch 14/80 [Train]:  84%|████████▎ | 174/208 [00:06<00:01, 25.30it/s, loss=1.203, acc=76.3%, lr=2.9e-04]
Epoch 14/80 [Train]:  84%|████████▎ | 174/208 [00:07<00:01, 25.30it/s, loss=1.239, acc=76.3%, lr=2.9e-04]
Epoch 14/80 [Train]:  84%|████████▎ | 174/208 [00:07<00:01, 25.30it/s, loss=1.035, acc=76.3%, lr=2.9e-04]
Epoch 14/80 [Train]:  85%|████████▌ | 177/208 [00:07<00:01, 25.35it/s, loss=1.035, acc=76.3%, lr=2.9e-04]
Epoch 14/80 [Train]:  85%|████████▌ | 177/208 [00:07<00:01, 25.35it/s, loss=1.073, acc=76.4%, lr=2.9e-04]
Epoch 14/80 [Train]:  85%|████████▌ | 177/208 [00:07<00:01, 25.35it/s, loss=1.164, acc=76.4%, lr=2.9e-04]
Epoch 14/80 [Train]:  85%|████████▌ | 177/208 [00:07<00:01, 25.35it/s, loss=1.131, acc=76.4%, lr=2.9e-04]
Epoch 14/80 [Train]:  87%|████████▋ | 180/208 [00:07<00:01, 25.39it/s, loss=1.131, acc=76.4%, lr=2.9e-04]
Epoch 14/80 [Train]:  87%|████████▋ | 180/208 [00:07<00:01, 25.39it/s, loss=1.283, acc=76.4%, lr=2.9e-04]
Epoch 14/80 [Train]:  87%|████████▋ | 180/208 [00:07<00:01, 25.39it/s, loss=0.963, acc=76.4%, lr=2.9e-04]
Epoch 14/80 [Train]:  87%|████████▋ | 180/208 [00:07<00:01, 25.39it/s, loss=1.306, acc=76.4%, lr=2.9e-04]
Epoch 14/80 [Train]:  88%|████████▊ | 183/208 [00:07<00:01, 24.95it/s, loss=1.306, acc=76.4%, lr=2.9e-04]
Epoch 14/80 [Train]:  88%|████████▊ | 183/208 [00:07<00:01, 24.95it/s, loss=1.095, acc=76.4%, lr=2.9e-04]
Epoch 14/80 [Train]:  88%|████████▊ | 183/208 [00:07<00:01, 24.95it/s, loss=1.101, acc=76.4%, lr=2.9e-04]
Epoch 14/80 [Train]:  88%|████████▊ | 183/208 [00:07<00:01, 24.95it/s, loss=1.038, acc=76.5%, lr=2.9e-04]
Epoch 14/80 [Train]:  89%|████████▉ | 186/208 [00:07<00:00, 25.19it/s, loss=1.038, acc=76.5%, lr=2.9e-04]
Epoch 14/80 [Train]:  89%|████████▉ | 186/208 [00:07<00:00, 25.19it/s, loss=1.083, acc=76.5%, lr=2.9e-04]
Epoch 14/80 [Train]:  89%|████████▉ | 186/208 [00:07<00:00, 25.19it/s, loss=1.475, acc=76.4%, lr=2.9e-04]
Epoch 14/80 [Train]:  89%|████████▉ | 186/208 [00:07<00:00, 25.19it/s, loss=1.250, acc=76.4%, lr=2.9e-04]
Epoch 14/80 [Train]:  91%|█████████ | 189/208 [00:07<00:00, 25.24it/s, loss=1.250, acc=76.4%, lr=2.9e-04]
Epoch 14/80 [Train]:  91%|█████████ | 189/208 [00:07<00:00, 25.24it/s, loss=1.134, acc=76.4%, lr=2.9e-04]
Epoch 14/80 [Train]:  91%|█████████ | 189/208 [00:07<00:00, 25.24it/s, loss=1.200, acc=76.4%, lr=2.9e-04]
Epoch 14/80 [Train]:  91%|█████████ | 189/208 [00:07<00:00, 25.24it/s, loss=1.255, acc=76.4%, lr=2.9e-04]
Epoch 14/80 [Train]:  92%|█████████▏| 192/208 [00:07<00:00, 25.18it/s, loss=1.255, acc=76.4%, lr=2.9e-04]
Epoch 14/80 [Train]:  92%|█████████▏| 192/208 [00:07<00:00, 25.18it/s, loss=1.243, acc=76.5%, lr=2.9e-04]
Epoch 14/80 [Train]:  92%|█████████▏| 192/208 [00:07<00:00, 25.18it/s, loss=1.281, acc=76.4%, lr=2.9e-04]
Epoch 14/80 [Train]:  92%|█████████▏| 192/208 [00:07<00:00, 25.18it/s, loss=1.446, acc=76.4%, lr=2.9e-04]
Epoch 14/80 [Train]:  94%|█████████▍| 195/208 [00:07<00:00, 25.37it/s, loss=1.446, acc=76.4%, lr=2.9e-04]
Epoch 14/80 [Train]:  94%|█████████▍| 195/208 [00:07<00:00, 25.37it/s, loss=1.132, acc=76.4%, lr=2.9e-04]
Epoch 14/80 [Train]:  94%|█████████▍| 195/208 [00:07<00:00, 25.37it/s, loss=1.149, acc=76.4%, lr=2.9e-04]
Epoch 14/80 [Train]:  94%|█████████▍| 195/208 [00:07<00:00, 25.37it/s, loss=1.256, acc=76.4%, lr=2.9e-04]
Epoch 14/80 [Train]:  95%|█████████▌| 198/208 [00:07<00:00, 25.39it/s, loss=1.256, acc=76.4%, lr=2.9e-04]
Epoch 14/80 [Train]:  95%|█████████▌| 198/208 [00:07<00:00, 25.39it/s, loss=0.918, acc=76.4%, lr=2.9e-04]
Epoch 14/80 [Train]:  95%|█████████▌| 198/208 [00:07<00:00, 25.39it/s, loss=1.154, acc=76.5%, lr=2.9e-04]
Epoch 14/80 [Train]:  95%|█████████▌| 198/208 [00:07<00:00, 25.39it/s, loss=1.245, acc=76.4%, lr=2.9e-04]
Epoch 14/80 [Train]:  97%|█████████▋| 201/208 [00:07<00:00, 25.57it/s, loss=1.245, acc=76.4%, lr=2.9e-04]
Epoch 14/80 [Train]:  97%|█████████▋| 201/208 [00:08<00:00, 25.57it/s, loss=1.066, acc=76.5%, lr=2.9e-04]
Epoch 14/80 [Train]:  97%|█████████▋| 201/208 [00:08<00:00, 25.57it/s, loss=1.172, acc=76.5%, lr=2.9e-04]
Epoch 14/80 [Train]:  97%|█████████▋| 201/208 [00:08<00:00, 25.57it/s, loss=1.280, acc=76.5%, lr=2.9e-04]
Epoch 14/80 [Train]:  98%|█████████▊| 204/208 [00:08<00:00, 25.19it/s, loss=1.280, acc=76.5%, lr=2.9e-04]
Epoch 14/80 [Train]:  98%|█████████▊| 204/208 [00:08<00:00, 25.19it/s, loss=1.073, acc=76.5%, lr=2.9e-04]
Epoch 14/80 [Train]:  98%|█████████▊| 204/208 [00:08<00:00, 25.19it/s, loss=1.079, acc=76.6%, lr=2.9e-04]
Epoch 14/80 [Train]:  98%|█████████▊| 204/208 [00:08<00:00, 25.19it/s, loss=1.163, acc=76.6%, lr=2.9e-04]
Epoch 14/80 [Train]: 100%|█████████▉| 207/208 [00:08<00:00, 25.28it/s, loss=1.163, acc=76.6%, lr=2.9e-04]
Epoch 14/80 [Train]: 100%|█████████▉| 207/208 [00:08<00:00, 25.28it/s, loss=1.085, acc=76.6%, lr=2.9e-04]
Epoch 14/80 [Train]: 100%|██████████| 208/208 [00:08<00:00, 25.20it/s, loss=1.085, acc=76.6%, lr=2.9e-04]

[2026-08-17 01:19:41] [EPOCH 14 SUMMARY]
  Train: Loss = 1.1888 | Top-1 Acc =  76.57%
  Val:   Top-1 Acc =  12.20% | Top-3 =  30.77% | Top-5 =  41.38%
         APL = 12.08 dB | Profile MAE =  2.44 dB (Rank Corr: 0.521)
  Time:  Epoch = 8.3s (Val Eval: 2.0s) | Total Elapsed = 00h:02m:06s | ETA: 00h:09m:58s
  -> [INFO] No improvement for 6/12 epochs (Best: 15.65%)

[2026-08-17 01:19:41] >>> [EPOCH 15/80] Training Started <<<

Epoch 15/80 [Train]:   0%|          | 0/208 [00:00<?, ?it/s]
Epoch 15/80 [Train]:   0%|          | 0/208 [00:00<?, ?it/s, loss=1.254, acc=75.0%, lr=2.9e-04]
Epoch 15/80 [Train]:   0%|          | 0/208 [00:00<?, ?it/s, loss=1.197, acc=78.1%, lr=2.9e-04]
Epoch 15/80 [Train]:   0%|          | 0/208 [00:00<?, ?it/s, loss=1.366, acc=76.0%, lr=2.9e-04]
Epoch 15/80 [Train]:   1%|▏         | 3/208 [00:00<00:08, 25.44it/s, loss=1.366, acc=76.0%, lr=2.9e-04]
Epoch 15/80 [Train]:   1%|▏         | 3/208 [00:00<00:08, 25.44it/s, loss=1.519, acc=74.6%, lr=2.9e-04]
Epoch 15/80 [Train]:   1%|▏         | 3/208 [00:00<00:08, 25.44it/s, loss=0.977, acc=75.0%, lr=2.9e-04]
Epoch 15/80 [Train]:   1%|▏         | 3/208 [00:00<00:08, 25.44it/s, loss=1.129, acc=75.5%, lr=2.9e-04]
Epoch 15/80 [Train]:   3%|▎         | 6/208 [00:00<00:08, 24.87it/s, loss=1.129, acc=75.5%, lr=2.9e-04]
Epoch 15/80 [Train]:   3%|▎         | 6/208 [00:00<00:08, 24.87it/s, loss=1.274, acc=75.0%, lr=2.9e-04]
Epoch 15/80 [Train]:   3%|▎         | 6/208 [00:00<00:08, 24.87it/s, loss=1.243, acc=76.0%, lr=2.9e-04]
Epoch 15/80 [Train]:   3%|▎         | 6/208 [00:00<00:08, 24.87it/s, loss=1.052, acc=76.4%, lr=2.9e-04]
Epoch 15/80 [Train]:   4%|▍         | 9/208 [00:00<00:07, 25.13it/s, loss=1.052, acc=76.4%, lr=2.9e-04]
Epoch 15/80 [Train]:   4%|▍         | 9/208 [00:00<00:07, 25.13it/s, loss=1.084, acc=77.3%, lr=2.9e-04]
Epoch 15/80 [Train]:   4%|▍         | 9/208 [00:00<00:07, 25.13it/s, loss=0.972, acc=78.0%, lr=2.9e-04]
Epoch 15/80 [Train]:   4%|▍         | 9/208 [00:00<00:07, 25.13it/s, loss=1.103, acc=77.3%, lr=2.9e-04]
Epoch 15/80 [Train]:   6%|▌         | 12/208 [00:00<00:07, 25.16it/s, loss=1.103, acc=77.3%, lr=2.9e-04]
Epoch 15/80 [Train]:   6%|▌         | 12/208 [00:00<00:07, 25.16it/s, loss=1.081, acc=77.2%, lr=2.9e-04]
Epoch 15/80 [Train]:   6%|▌         | 12/208 [00:00<00:07, 25.16it/s, loss=0.999, acc=77.7%, lr=2.9e-04]
Epoch 15/80 [Train]:   6%|▌         | 12/208 [00:00<00:07, 25.16it/s, loss=1.503, acc=77.3%, lr=2.9e-04]
Epoch 15/80 [Train]:   7%|▋         | 15/208 [00:00<00:07, 24.79it/s, loss=1.503, acc=77.3%, lr=2.9e-04]
Epoch 15/80 [Train]:   7%|▋         | 15/208 [00:00<00:07, 24.79it/s, loss=1.003, acc=77.1%, lr=2.9e-04]
Epoch 15/80 [Train]:   7%|▋         | 15/208 [00:00<00:07, 24.79it/s, loss=1.103, acc=76.7%, lr=2.9e-04]
Epoch 15/80 [Train]:   7%|▋         | 15/208 [00:00<00:07, 24.79it/s, loss=1.297, acc=76.4%, lr=2.9e-04]
Epoch 15/80 [Train]:   9%|▊         | 18/208 [00:00<00:07, 24.76it/s, loss=1.297, acc=76.4%, lr=2.9e-04]
Epoch 15/80 [Train]:   9%|▊         | 18/208 [00:00<00:07, 24.76it/s, loss=1.262, acc=76.2%, lr=2.9e-04]
Epoch 15/80 [Train]:   9%|▊         | 18/208 [00:00<00:07, 24.76it/s, loss=1.078, acc=76.3%, lr=2.9e-04]
Epoch 15/80 [Train]:   9%|▊         | 18/208 [00:00<00:07, 24.76it/s, loss=0.918, acc=76.9%, lr=2.9e-04]
Epoch 15/80 [Train]:  10%|█         | 21/208 [00:00<00:07, 24.67it/s, loss=0.918, acc=76.9%, lr=2.9e-04]
Epoch 15/80 [Train]:  10%|█         | 21/208 [00:00<00:07, 24.67it/s, loss=1.228, acc=76.6%, lr=2.9e-04]
Epoch 15/80 [Train]:  10%|█         | 21/208 [00:00<00:07, 24.67it/s, loss=1.234, acc=76.4%, lr=2.9e-04]
Epoch 15/80 [Train]:  10%|█         | 21/208 [00:00<00:07, 24.67it/s, loss=1.164, acc=76.4%, lr=2.9e-04]
Epoch 15/80 [Train]:  12%|█▏        | 24/208 [00:00<00:07, 24.88it/s, loss=1.164, acc=76.4%, lr=2.9e-04]
Epoch 15/80 [Train]:  12%|█▏        | 24/208 [00:01<00:07, 24.88it/s, loss=0.999, acc=76.5%, lr=2.9e-04]
Epoch 15/80 [Train]:  12%|█▏        | 24/208 [00:01<00:07, 24.88it/s, loss=1.050, acc=76.6%, lr=2.9e-04]
Epoch 15/80 [Train]:  12%|█▏        | 24/208 [00:01<00:07, 24.88it/s, loss=0.955, acc=76.8%, lr=2.9e-04]
Epoch 15/80 [Train]:  13%|█▎        | 27/208 [00:01<00:07, 25.01it/s, loss=0.955, acc=76.8%, lr=2.9e-04]
Epoch 15/80 [Train]:  13%|█▎        | 27/208 [00:01<00:07, 25.01it/s, loss=1.040, acc=77.1%, lr=2.9e-04]
Epoch 15/80 [Train]:  13%|█▎        | 27/208 [00:01<00:07, 25.01it/s, loss=0.972, acc=77.3%, lr=2.9e-04]
Epoch 15/80 [Train]:  13%|█▎        | 27/208 [00:01<00:07, 25.01it/s, loss=1.123, acc=77.3%, lr=2.9e-04]
Epoch 15/80 [Train]:  14%|█▍        | 30/208 [00:01<00:07, 25.13it/s, loss=1.123, acc=77.3%, lr=2.9e-04]
Epoch 15/80 [Train]:  14%|█▍        | 30/208 [00:01<00:07, 25.13it/s, loss=1.004, acc=77.6%, lr=2.9e-04]
Epoch 15/80 [Train]:  14%|█▍        | 30/208 [00:01<00:07, 25.13it/s, loss=1.151, acc=77.7%, lr=2.9e-04]
Epoch 15/80 [Train]:  14%|█▍        | 30/208 [00:01<00:07, 25.13it/s, loss=1.213, acc=77.7%, lr=2.9e-04]
Epoch 15/80 [Train]:  16%|█▌        | 33/208 [00:01<00:06, 25.14it/s, loss=1.213, acc=77.7%, lr=2.9e-04]
Epoch 15/80 [Train]:  16%|█▌        | 33/208 [00:01<00:06, 25.14it/s, loss=1.227, acc=77.6%, lr=2.9e-04]
Epoch 15/80 [Train]:  16%|█▌        | 33/208 [00:01<00:06, 25.14it/s, loss=0.989, acc=77.8%, lr=2.9e-04]
Epoch 15/80 [Train]:  16%|█▌        | 33/208 [00:01<00:06, 25.14it/s, loss=1.113, acc=77.8%, lr=2.9e-04]
Epoch 15/80 [Train]:  17%|█▋        | 36/208 [00:01<00:06, 24.94it/s, loss=1.113, acc=77.8%, lr=2.9e-04]
Epoch 15/80 [Train]:  17%|█▋        | 36/208 [00:01<00:06, 24.94it/s, loss=1.200, acc=77.8%, lr=2.9e-04]
Epoch 15/80 [Train]:  17%|█▋        | 36/208 [00:01<00:06, 24.94it/s, loss=1.378, acc=77.7%, lr=2.9e-04]
Epoch 15/80 [Train]:  17%|█▋        | 36/208 [00:01<00:06, 24.94it/s, loss=1.033, acc=77.8%, lr=2.9e-04]
Epoch 15/80 [Train]:  19%|█▉        | 39/208 [00:01<00:06, 25.09it/s, loss=1.033, acc=77.8%, lr=2.9e-04]
Epoch 15/80 [Train]:  19%|█▉        | 39/208 [00:01<00:06, 25.09it/s, loss=1.328, acc=77.7%, lr=2.9e-04]
Epoch 15/80 [Train]:  19%|█▉        | 39/208 [00:01<00:06, 25.09it/s, loss=1.014, acc=78.0%, lr=2.9e-04]
Epoch 15/80 [Train]:  19%|█▉        | 39/208 [00:01<00:06, 25.09it/s, loss=1.011, acc=78.0%, lr=2.9e-04]
Epoch 15/80 [Train]:  20%|██        | 42/208 [00:01<00:06, 24.79it/s, loss=1.011, acc=78.0%, lr=2.9e-04]
Epoch 15/80 [Train]:  20%|██        | 42/208 [00:01<00:06, 24.79it/s, loss=1.127, acc=78.0%, lr=2.9e-04]
Epoch 15/80 [Train]:  20%|██        | 42/208 [00:01<00:06, 24.79it/s, loss=1.099, acc=77.9%, lr=2.9e-04]
Epoch 15/80 [Train]:  20%|██        | 42/208 [00:01<00:06, 24.79it/s, loss=0.920, acc=78.0%, lr=2.9e-04]
Epoch 15/80 [Train]:  22%|██▏       | 45/208 [00:01<00:06, 25.04it/s, loss=0.920, acc=78.0%, lr=2.9e-04]
Epoch 15/80 [Train]:  22%|██▏       | 45/208 [00:01<00:06, 25.04it/s, loss=1.476, acc=77.7%, lr=2.9e-04]
Epoch 15/80 [Train]:  22%|██▏       | 45/208 [00:01<00:06, 25.04it/s, loss=1.561, acc=77.6%, lr=2.9e-04]
Epoch 15/80 [Train]:  22%|██▏       | 45/208 [00:01<00:06, 25.04it/s, loss=1.194, acc=77.7%, lr=2.9e-04]
Epoch 15/80 [Train]:  23%|██▎       | 48/208 [00:01<00:06, 25.23it/s, loss=1.194, acc=77.7%, lr=2.9e-04]
Epoch 15/80 [Train]:  23%|██▎       | 48/208 [00:01<00:06, 25.23it/s, loss=1.211, acc=77.7%, lr=2.9e-04]
Epoch 15/80 [Train]:  23%|██▎       | 48/208 [00:01<00:06, 25.23it/s, loss=1.056, acc=77.8%, lr=2.9e-04]
Epoch 15/80 [Train]:  23%|██▎       | 48/208 [00:02<00:06, 25.23it/s, loss=1.147, acc=77.9%, lr=2.9e-04]
Epoch 15/80 [Train]:  25%|██▍       | 51/208 [00:02<00:06, 25.27it/s, loss=1.147, acc=77.9%, lr=2.9e-04]
Epoch 15/80 [Train]:  25%|██▍       | 51/208 [00:02<00:06, 25.27it/s, loss=1.046, acc=77.9%, lr=2.9e-04]
Epoch 15/80 [Train]:  25%|██▍       | 51/208 [00:02<00:06, 25.27it/s, loss=1.415, acc=77.9%, lr=2.9e-04]
Epoch 15/80 [Train]:  25%|██▍       | 51/208 [00:02<00:06, 25.27it/s, loss=1.073, acc=77.8%, lr=2.9e-04]
Epoch 15/80 [Train]:  26%|██▌       | 54/208 [00:02<00:06, 25.41it/s, loss=1.073, acc=77.8%, lr=2.9e-04]
Epoch 15/80 [Train]:  26%|██▌       | 54/208 [00:02<00:06, 25.41it/s, loss=1.139, acc=77.7%, lr=2.9e-04]
Epoch 15/80 [Train]:  26%|██▌       | 54/208 [00:02<00:06, 25.41it/s, loss=1.213, acc=77.8%, lr=2.9e-04]
Epoch 15/80 [Train]:  26%|██▌       | 54/208 [00:02<00:06, 25.41it/s, loss=1.059, acc=77.8%, lr=2.9e-04]
Epoch 15/80 [Train]:  27%|██▋       | 57/208 [00:02<00:06, 25.04it/s, loss=1.059, acc=77.8%, lr=2.9e-04]
Epoch 15/80 [Train]:  27%|██▋       | 57/208 [00:02<00:06, 25.04it/s, loss=1.027, acc=77.8%, lr=2.9e-04]
Epoch 15/80 [Train]:  27%|██▋       | 57/208 [00:02<00:06, 25.04it/s, loss=0.950, acc=77.8%, lr=2.9e-04]
Epoch 15/80 [Train]:  27%|██▋       | 57/208 [00:02<00:06, 25.04it/s, loss=1.355, acc=77.8%, lr=2.9e-04]
Epoch 15/80 [Train]:  29%|██▉       | 60/208 [00:02<00:05, 25.31it/s, loss=1.355, acc=77.8%, lr=2.9e-04]
Epoch 15/80 [Train]:  29%|██▉       | 60/208 [00:02<00:05, 25.31it/s, loss=1.226, acc=77.8%, lr=2.9e-04]
Epoch 15/80 [Train]:  29%|██▉       | 60/208 [00:02<00:05, 25.31it/s, loss=1.210, acc=77.8%, lr=2.9e-04]
Epoch 15/80 [Train]:  29%|██▉       | 60/208 [00:02<00:05, 25.31it/s, loss=1.084, acc=77.9%, lr=2.9e-04]
Epoch 15/80 [Train]:  30%|███       | 63/208 [00:02<00:05, 25.44it/s, loss=1.084, acc=77.9%, lr=2.9e-04]
Epoch 15/80 [Train]:  30%|███       | 63/208 [00:02<00:05, 25.44it/s, loss=1.144, acc=77.9%, lr=2.9e-04]
Epoch 15/80 [Train]:  30%|███       | 63/208 [00:02<00:05, 25.44it/s, loss=1.325, acc=78.0%, lr=2.9e-04]
Epoch 15/80 [Train]:  30%|███       | 63/208 [00:02<00:05, 25.44it/s, loss=1.286, acc=77.9%, lr=2.9e-04]
Epoch 15/80 [Train]:  32%|███▏      | 66/208 [00:02<00:05, 25.41it/s, loss=1.286, acc=77.9%, lr=2.9e-04]
Epoch 15/80 [Train]:  32%|███▏      | 66/208 [00:02<00:05, 25.41it/s, loss=0.980, acc=78.0%, lr=2.9e-04]
Epoch 15/80 [Train]:  32%|███▏      | 66/208 [00:02<00:05, 25.41it/s, loss=1.194, acc=78.0%, lr=2.9e-04]
Epoch 15/80 [Train]:  32%|███▏      | 66/208 [00:02<00:05, 25.41it/s, loss=1.177, acc=78.0%, lr=2.9e-04]
Epoch 15/80 [Train]:  33%|███▎      | 69/208 [00:02<00:05, 25.17it/s, loss=1.177, acc=78.0%, lr=2.9e-04]
Epoch 15/80 [Train]:  33%|███▎      | 69/208 [00:02<00:05, 25.17it/s, loss=1.218, acc=78.1%, lr=2.9e-04]
Epoch 15/80 [Train]:  33%|███▎      | 69/208 [00:02<00:05, 25.17it/s, loss=1.303, acc=78.0%, lr=2.9e-04]
Epoch 15/80 [Train]:  33%|███▎      | 69/208 [00:02<00:05, 25.17it/s, loss=1.315, acc=77.8%, lr=2.9e-04]
Epoch 15/80 [Train]:  35%|███▍      | 72/208 [00:02<00:05, 24.99it/s, loss=1.315, acc=77.8%, lr=2.9e-04]
Epoch 15/80 [Train]:  35%|███▍      | 72/208 [00:02<00:05, 24.99it/s, loss=1.088, acc=77.8%, lr=2.9e-04]
Epoch 15/80 [Train]:  35%|███▍      | 72/208 [00:02<00:05, 24.99it/s, loss=1.078, acc=77.9%, lr=2.9e-04]
Epoch 15/80 [Train]:  35%|███▍      | 72/208 [00:02<00:05, 24.99it/s, loss=1.191, acc=77.9%, lr=2.9e-04]
Epoch 15/80 [Train]:  36%|███▌      | 75/208 [00:02<00:05, 25.30it/s, loss=1.191, acc=77.9%, lr=2.9e-04]
Epoch 15/80 [Train]:  36%|███▌      | 75/208 [00:03<00:05, 25.30it/s, loss=0.940, acc=78.0%, lr=2.9e-04]
Epoch 15/80 [Train]:  36%|███▌      | 75/208 [00:03<00:05, 25.30it/s, loss=1.056, acc=78.0%, lr=2.9e-04]
Epoch 15/80 [Train]:  36%|███▌      | 75/208 [00:03<00:05, 25.30it/s, loss=1.086, acc=77.9%, lr=2.9e-04]
Epoch 15/80 [Train]:  38%|███▊      | 78/208 [00:03<00:05, 25.15it/s, loss=1.086, acc=77.9%, lr=2.9e-04]
Epoch 15/80 [Train]:  38%|███▊      | 78/208 [00:03<00:05, 25.15it/s, loss=1.179, acc=77.9%, lr=2.9e-04]
Epoch 15/80 [Train]:  38%|███▊      | 78/208 [00:03<00:05, 25.15it/s, loss=1.048, acc=77.8%, lr=2.9e-04]
Epoch 15/80 [Train]:  38%|███▊      | 78/208 [00:03<00:05, 25.15it/s, loss=0.958, acc=77.8%, lr=2.9e-04]
Epoch 15/80 [Train]:  39%|███▉      | 81/208 [00:03<00:05, 25.02it/s, loss=0.958, acc=77.8%, lr=2.9e-04]
Epoch 15/80 [Train]:  39%|███▉      | 81/208 [00:03<00:05, 25.02it/s, loss=1.198, acc=77.8%, lr=2.9e-04]
Epoch 15/80 [Train]:  39%|███▉      | 81/208 [00:03<00:05, 25.02it/s, loss=1.375, acc=77.7%, lr=2.9e-04]
Epoch 15/80 [Train]:  39%|███▉      | 81/208 [00:03<00:05, 25.02it/s, loss=1.191, acc=77.5%, lr=2.9e-04]
Epoch 15/80 [Train]:  40%|████      | 84/208 [00:03<00:04, 25.15it/s, loss=1.191, acc=77.5%, lr=2.9e-04]
Epoch 15/80 [Train]:  40%|████      | 84/208 [00:03<00:04, 25.15it/s, loss=1.250, acc=77.6%, lr=2.9e-04]
Epoch 15/80 [Train]:  40%|████      | 84/208 [00:03<00:04, 25.15it/s, loss=1.087, acc=77.6%, lr=2.9e-04]
Epoch 15/80 [Train]:  40%|████      | 84/208 [00:03<00:04, 25.15it/s, loss=1.091, acc=77.6%, lr=2.9e-04]
Epoch 15/80 [Train]:  42%|████▏     | 87/208 [00:03<00:04, 24.81it/s, loss=1.091, acc=77.6%, lr=2.9e-04]
Epoch 15/80 [Train]:  42%|████▏     | 87/208 [00:03<00:04, 24.81it/s, loss=1.159, acc=77.5%, lr=2.9e-04]
Epoch 15/80 [Train]:  42%|████▏     | 87/208 [00:03<00:04, 24.81it/s, loss=1.055, acc=77.5%, lr=2.9e-04]
Epoch 15/80 [Train]:  42%|████▏     | 87/208 [00:03<00:04, 24.81it/s, loss=1.132, acc=77.6%, lr=2.9e-04]
Epoch 15/80 [Train]:  43%|████▎     | 90/208 [00:03<00:04, 24.67it/s, loss=1.132, acc=77.6%, lr=2.9e-04]
Epoch 15/80 [Train]:  43%|████▎     | 90/208 [00:03<00:04, 24.67it/s, loss=1.059, acc=77.6%, lr=2.9e-04]
Epoch 15/80 [Train]:  43%|████▎     | 90/208 [00:03<00:04, 24.67it/s, loss=1.116, acc=77.6%, lr=2.9e-04]
Epoch 15/80 [Train]:  43%|████▎     | 90/208 [00:03<00:04, 24.67it/s, loss=1.054, acc=77.6%, lr=2.9e-04]
Epoch 15/80 [Train]:  45%|████▍     | 93/208 [00:03<00:04, 24.64it/s, loss=1.054, acc=77.6%, lr=2.9e-04]
Epoch 15/80 [Train]:  45%|████▍     | 93/208 [00:03<00:04, 24.64it/s, loss=1.177, acc=77.5%, lr=2.9e-04]
Epoch 15/80 [Train]:  45%|████▍     | 93/208 [00:03<00:04, 24.64it/s, loss=0.976, acc=77.5%, lr=2.9e-04]
Epoch 15/80 [Train]:  45%|████▍     | 93/208 [00:03<00:04, 24.64it/s, loss=1.185, acc=77.5%, lr=2.9e-04]
Epoch 15/80 [Train]:  46%|████▌     | 96/208 [00:03<00:04, 24.53it/s, loss=1.185, acc=77.5%, lr=2.9e-04]
Epoch 15/80 [Train]:  46%|████▌     | 96/208 [00:03<00:04, 24.53it/s, loss=0.972, acc=77.6%, lr=2.9e-04]
Epoch 15/80 [Train]:  46%|████▌     | 96/208 [00:03<00:04, 24.53it/s, loss=1.392, acc=77.5%, lr=2.9e-04]
Epoch 15/80 [Train]:  46%|████▌     | 96/208 [00:03<00:04, 24.53it/s, loss=1.409, acc=77.4%, lr=2.9e-04]
Epoch 15/80 [Train]:  48%|████▊     | 99/208 [00:03<00:04, 24.75it/s, loss=1.409, acc=77.4%, lr=2.9e-04]
Epoch 15/80 [Train]:  48%|████▊     | 99/208 [00:03<00:04, 24.75it/s, loss=1.206, acc=77.4%, lr=2.9e-04]
Epoch 15/80 [Train]:  48%|████▊     | 99/208 [00:04<00:04, 24.75it/s, loss=1.204, acc=77.4%, lr=2.9e-04]
Epoch 15/80 [Train]:  48%|████▊     | 99/208 [00:04<00:04, 24.75it/s, loss=1.201, acc=77.3%, lr=2.9e-04]
Epoch 15/80 [Train]:  49%|████▉     | 102/208 [00:04<00:04, 25.09it/s, loss=1.201, acc=77.3%, lr=2.9e-04]
Epoch 15/80 [Train]:  49%|████▉     | 102/208 [00:04<00:04, 25.09it/s, loss=1.135, acc=77.3%, lr=2.9e-04]
Epoch 15/80 [Train]:  49%|████▉     | 102/208 [00:04<00:04, 25.09it/s, loss=1.136, acc=77.3%, lr=2.9e-04]
Epoch 15/80 [Train]:  49%|████▉     | 102/208 [00:04<00:04, 25.09it/s, loss=0.932, acc=77.4%, lr=2.9e-04]
Epoch 15/80 [Train]:  50%|█████     | 105/208 [00:04<00:04, 25.21it/s, loss=0.932, acc=77.4%, lr=2.9e-04]
Epoch 15/80 [Train]:  50%|█████     | 105/208 [00:04<00:04, 25.21it/s, loss=1.157, acc=77.4%, lr=2.9e-04]
Epoch 15/80 [Train]:  50%|█████     | 105/208 [00:04<00:04, 25.21it/s, loss=1.163, acc=77.4%, lr=2.9e-04]
Epoch 15/80 [Train]:  50%|█████     | 105/208 [00:04<00:04, 25.21it/s, loss=1.029, acc=77.4%, lr=2.9e-04]
Epoch 15/80 [Train]:  52%|█████▏    | 108/208 [00:04<00:03, 25.17it/s, loss=1.029, acc=77.4%, lr=2.9e-04]
Epoch 15/80 [Train]:  52%|█████▏    | 108/208 [00:04<00:03, 25.17it/s, loss=0.829, acc=77.4%, lr=2.9e-04]
Epoch 15/80 [Train]:  52%|█████▏    | 108/208 [00:04<00:03, 25.17it/s, loss=1.196, acc=77.4%, lr=2.9e-04]
Epoch 15/80 [Train]:  52%|█████▏    | 108/208 [00:04<00:03, 25.17it/s, loss=1.206, acc=77.4%, lr=2.9e-04]
Epoch 15/80 [Train]:  53%|█████▎    | 111/208 [00:04<00:03, 25.11it/s, loss=1.206, acc=77.4%, lr=2.9e-04]
Epoch 15/80 [Train]:  53%|█████▎    | 111/208 [00:04<00:03, 25.11it/s, loss=1.206, acc=77.4%, lr=2.9e-04]
Epoch 15/80 [Train]:  53%|█████▎    | 111/208 [00:04<00:03, 25.11it/s, loss=1.078, acc=77.4%, lr=2.9e-04]
Epoch 15/80 [Train]:  53%|█████▎    | 111/208 [00:04<00:03, 25.11it/s, loss=0.988, acc=77.5%, lr=2.9e-04]
Epoch 15/80 [Train]:  55%|█████▍    | 114/208 [00:04<00:03, 24.78it/s, loss=0.988, acc=77.5%, lr=2.9e-04]
Epoch 15/80 [Train]:  55%|█████▍    | 114/208 [00:04<00:03, 24.78it/s, loss=1.321, acc=77.5%, lr=2.9e-04]
Epoch 15/80 [Train]:  55%|█████▍    | 114/208 [00:04<00:03, 24.78it/s, loss=1.299, acc=77.4%, lr=2.9e-04]
Epoch 15/80 [Train]:  55%|█████▍    | 114/208 [00:04<00:03, 24.78it/s, loss=1.395, acc=77.4%, lr=2.9e-04]
Epoch 15/80 [Train]:  56%|█████▋    | 117/208 [00:04<00:03, 25.01it/s, loss=1.395, acc=77.4%, lr=2.9e-04]
Epoch 15/80 [Train]:  56%|█████▋    | 117/208 [00:04<00:03, 25.01it/s, loss=1.177, acc=77.4%, lr=2.9e-04]
Epoch 15/80 [Train]:  56%|█████▋    | 117/208 [00:04<00:03, 25.01it/s, loss=1.143, acc=77.4%, lr=2.9e-04]
Epoch 15/80 [Train]:  56%|█████▋    | 117/208 [00:04<00:03, 25.01it/s, loss=1.118, acc=77.4%, lr=2.9e-04]
Epoch 15/80 [Train]:  58%|█████▊    | 120/208 [00:04<00:03, 25.11it/s, loss=1.118, acc=77.4%, lr=2.9e-04]
Epoch 15/80 [Train]:  58%|█████▊    | 120/208 [00:04<00:03, 25.11it/s, loss=1.025, acc=77.4%, lr=2.9e-04]
Epoch 15/80 [Train]:  58%|█████▊    | 120/208 [00:04<00:03, 25.11it/s, loss=1.286, acc=77.3%, lr=2.9e-04]
Epoch 15/80 [Train]:  58%|█████▊    | 120/208 [00:04<00:03, 25.11it/s, loss=0.872, acc=77.4%, lr=2.9e-04]
Epoch 15/80 [Train]:  59%|█████▉    | 123/208 [00:04<00:03, 25.37it/s, loss=0.872, acc=77.4%, lr=2.9e-04]
Epoch 15/80 [Train]:  59%|█████▉    | 123/208 [00:04<00:03, 25.37it/s, loss=1.034, acc=77.4%, lr=2.9e-04]
Epoch 15/80 [Train]:  59%|█████▉    | 123/208 [00:04<00:03, 25.37it/s, loss=1.324, acc=77.3%, lr=2.9e-04]
Epoch 15/80 [Train]:  59%|█████▉    | 123/208 [00:05<00:03, 25.37it/s, loss=1.155, acc=77.3%, lr=2.9e-04]
Epoch 15/80 [Train]:  61%|██████    | 126/208 [00:05<00:03, 25.17it/s, loss=1.155, acc=77.3%, lr=2.9e-04]
Epoch 15/80 [Train]:  61%|██████    | 126/208 [00:05<00:03, 25.17it/s, loss=1.226, acc=77.3%, lr=2.9e-04]
Epoch 15/80 [Train]:  61%|██████    | 126/208 [00:05<00:03, 25.17it/s, loss=1.119, acc=77.3%, lr=2.9e-04]
Epoch 15/80 [Train]:  61%|██████    | 126/208 [00:05<00:03, 25.17it/s, loss=1.172, acc=77.3%, lr=2.9e-04]
Epoch 15/80 [Train]:  62%|██████▏   | 129/208 [00:05<00:03, 25.27it/s, loss=1.172, acc=77.3%, lr=2.9e-04]
Epoch 15/80 [Train]:  62%|██████▏   | 129/208 [00:05<00:03, 25.27it/s, loss=1.118, acc=77.4%, lr=2.9e-04]
Epoch 15/80 [Train]:  62%|██████▏   | 129/208 [00:05<00:03, 25.27it/s, loss=1.045, acc=77.3%, lr=2.9e-04]
Epoch 15/80 [Train]:  62%|██████▏   | 129/208 [00:05<00:03, 25.27it/s, loss=1.036, acc=77.3%, lr=2.9e-04]
Epoch 15/80 [Train]:  63%|██████▎   | 132/208 [00:05<00:03, 25.29it/s, loss=1.036, acc=77.3%, lr=2.9e-04]
Epoch 15/80 [Train]:  63%|██████▎   | 132/208 [00:05<00:03, 25.29it/s, loss=1.066, acc=77.3%, lr=2.9e-04]
Epoch 15/80 [Train]:  63%|██████▎   | 132/208 [00:05<00:03, 25.29it/s, loss=1.208, acc=77.3%, lr=2.9e-04]
Epoch 15/80 [Train]:  63%|██████▎   | 132/208 [00:05<00:03, 25.29it/s, loss=1.211, acc=77.3%, lr=2.9e-04]
Epoch 15/80 [Train]:  65%|██████▍   | 135/208 [00:05<00:02, 25.46it/s, loss=1.211, acc=77.3%, lr=2.9e-04]
Epoch 15/80 [Train]:  65%|██████▍   | 135/208 [00:05<00:02, 25.46it/s, loss=1.234, acc=77.3%, lr=2.9e-04]
Epoch 15/80 [Train]:  65%|██████▍   | 135/208 [00:05<00:02, 25.46it/s, loss=1.004, acc=77.3%, lr=2.9e-04]
Epoch 15/80 [Train]:  65%|██████▍   | 135/208 [00:05<00:02, 25.46it/s, loss=1.199, acc=77.3%, lr=2.9e-04]
Epoch 15/80 [Train]:  66%|██████▋   | 138/208 [00:05<00:02, 25.53it/s, loss=1.199, acc=77.3%, lr=2.9e-04]
Epoch 15/80 [Train]:  66%|██████▋   | 138/208 [00:05<00:02, 25.53it/s, loss=1.114, acc=77.3%, lr=2.9e-04]
Epoch 15/80 [Train]:  66%|██████▋   | 138/208 [00:05<00:02, 25.53it/s, loss=1.004, acc=77.4%, lr=2.9e-04]
Epoch 15/80 [Train]:  66%|██████▋   | 138/208 [00:05<00:02, 25.53it/s, loss=1.327, acc=77.3%, lr=2.9e-04]
Epoch 15/80 [Train]:  68%|██████▊   | 141/208 [00:05<00:02, 25.60it/s, loss=1.327, acc=77.3%, lr=2.9e-04]
Epoch 15/80 [Train]:  68%|██████▊   | 141/208 [00:05<00:02, 25.60it/s, loss=1.135, acc=77.3%, lr=2.9e-04]
Epoch 15/80 [Train]:  68%|██████▊   | 141/208 [00:05<00:02, 25.60it/s, loss=0.960, acc=77.3%, lr=2.9e-04]
Epoch 15/80 [Train]:  68%|██████▊   | 141/208 [00:05<00:02, 25.60it/s, loss=1.381, acc=77.3%, lr=2.9e-04]
Epoch 15/80 [Train]:  69%|██████▉   | 144/208 [00:05<00:02, 25.42it/s, loss=1.381, acc=77.3%, lr=2.9e-04]
Epoch 15/80 [Train]:  69%|██████▉   | 144/208 [00:05<00:02, 25.42it/s, loss=1.010, acc=77.3%, lr=2.9e-04]
Epoch 15/80 [Train]:  69%|██████▉   | 144/208 [00:05<00:02, 25.42it/s, loss=1.157, acc=77.3%, lr=2.9e-04]
Epoch 15/80 [Train]:  69%|██████▉   | 144/208 [00:05<00:02, 25.42it/s, loss=1.190, acc=77.3%, lr=2.9e-04]
Epoch 15/80 [Train]:  71%|███████   | 147/208 [00:05<00:02, 25.31it/s, loss=1.190, acc=77.3%, lr=2.9e-04]
Epoch 15/80 [Train]:  71%|███████   | 147/208 [00:05<00:02, 25.31it/s, loss=1.026, acc=77.3%, lr=2.9e-04]
Epoch 15/80 [Train]:  71%|███████   | 147/208 [00:05<00:02, 25.31it/s, loss=1.186, acc=77.2%, lr=2.9e-04]
Epoch 15/80 [Train]:  71%|███████   | 147/208 [00:05<00:02, 25.31it/s, loss=1.211, acc=77.2%, lr=2.9e-04]
Epoch 15/80 [Train]:  72%|███████▏  | 150/208 [00:05<00:02, 25.21it/s, loss=1.211, acc=77.2%, lr=2.9e-04]
Epoch 15/80 [Train]:  72%|███████▏  | 150/208 [00:06<00:02, 25.21it/s, loss=1.186, acc=77.1%, lr=2.9e-04]
Epoch 15/80 [Train]:  72%|███████▏  | 150/208 [00:06<00:02, 25.21it/s, loss=1.377, acc=77.1%, lr=2.9e-04]
Epoch 15/80 [Train]:  72%|███████▏  | 150/208 [00:06<00:02, 25.21it/s, loss=1.188, acc=77.1%, lr=2.9e-04]
Epoch 15/80 [Train]:  74%|███████▎  | 153/208 [00:06<00:02, 24.99it/s, loss=1.188, acc=77.1%, lr=2.9e-04]
Epoch 15/80 [Train]:  74%|███████▎  | 153/208 [00:06<00:02, 24.99it/s, loss=0.955, acc=77.1%, lr=2.9e-04]
Epoch 15/80 [Train]:  74%|███████▎  | 153/208 [00:06<00:02, 24.99it/s, loss=1.067, acc=77.1%, lr=2.9e-04]
Epoch 15/80 [Train]:  74%|███████▎  | 153/208 [00:06<00:02, 24.99it/s, loss=1.197, acc=77.1%, lr=2.9e-04]
Epoch 15/80 [Train]:  75%|███████▌  | 156/208 [00:06<00:02, 25.10it/s, loss=1.197, acc=77.1%, lr=2.9e-04]
Epoch 15/80 [Train]:  75%|███████▌  | 156/208 [00:06<00:02, 25.10it/s, loss=0.986, acc=77.2%, lr=2.9e-04]
Epoch 15/80 [Train]:  75%|███████▌  | 156/208 [00:06<00:02, 25.10it/s, loss=1.132, acc=77.2%, lr=2.9e-04]
Epoch 15/80 [Train]:  75%|███████▌  | 156/208 [00:06<00:02, 25.10it/s, loss=1.167, acc=77.2%, lr=2.9e-04]
Epoch 15/80 [Train]:  76%|███████▋  | 159/208 [00:06<00:01, 25.14it/s, loss=1.167, acc=77.2%, lr=2.9e-04]
Epoch 15/80 [Train]:  76%|███████▋  | 159/208 [00:06<00:01, 25.14it/s, loss=1.048, acc=77.2%, lr=2.9e-04]
Epoch 15/80 [Train]:  76%|███████▋  | 159/208 [00:06<00:01, 25.14it/s, loss=1.040, acc=77.2%, lr=2.9e-04]
Epoch 15/80 [Train]:  76%|███████▋  | 159/208 [00:06<00:01, 25.14it/s, loss=1.171, acc=77.2%, lr=2.9e-04]
Epoch 15/80 [Train]:  78%|███████▊  | 162/208 [00:06<00:01, 25.13it/s, loss=1.171, acc=77.2%, lr=2.9e-04]
Epoch 15/80 [Train]:  78%|███████▊  | 162/208 [00:06<00:01, 25.13it/s, loss=1.271, acc=77.2%, lr=2.9e-04]
Epoch 15/80 [Train]:  78%|███████▊  | 162/208 [00:06<00:01, 25.13it/s, loss=0.984, acc=77.2%, lr=2.9e-04]
Epoch 15/80 [Train]:  78%|███████▊  | 162/208 [00:06<00:01, 25.13it/s, loss=1.208, acc=77.2%, lr=2.9e-04]
Epoch 15/80 [Train]:  79%|███████▉  | 165/208 [00:06<00:01, 25.38it/s, loss=1.208, acc=77.2%, lr=2.9e-04]
Epoch 15/80 [Train]:  79%|███████▉  | 165/208 [00:06<00:01, 25.38it/s, loss=1.146, acc=77.2%, lr=2.9e-04]
Epoch 15/80 [Train]:  79%|███████▉  | 165/208 [00:06<00:01, 25.38it/s, loss=1.237, acc=77.2%, lr=2.9e-04]
Epoch 15/80 [Train]:  79%|███████▉  | 165/208 [00:06<00:01, 25.38it/s, loss=1.037, acc=77.2%, lr=2.9e-04]
Epoch 15/80 [Train]:  81%|████████  | 168/208 [00:06<00:01, 25.45it/s, loss=1.037, acc=77.2%, lr=2.9e-04]
Epoch 15/80 [Train]:  81%|████████  | 168/208 [00:06<00:01, 25.45it/s, loss=1.076, acc=77.3%, lr=2.9e-04]
Epoch 15/80 [Train]:  81%|████████  | 168/208 [00:06<00:01, 25.45it/s, loss=1.109, acc=77.3%, lr=2.9e-04]
Epoch 15/80 [Train]:  81%|████████  | 168/208 [00:06<00:01, 25.45it/s, loss=1.236, acc=77.3%, lr=2.9e-04]
Epoch 15/80 [Train]:  82%|████████▏ | 171/208 [00:06<00:01, 25.50it/s, loss=1.236, acc=77.3%, lr=2.9e-04]
Epoch 15/80 [Train]:  82%|████████▏ | 171/208 [00:06<00:01, 25.50it/s, loss=1.201, acc=77.3%, lr=2.9e-04]
Epoch 15/80 [Train]:  82%|████████▏ | 171/208 [00:06<00:01, 25.50it/s, loss=1.106, acc=77.3%, lr=2.9e-04]
Epoch 15/80 [Train]:  82%|████████▏ | 171/208 [00:06<00:01, 25.50it/s, loss=1.190, acc=77.4%, lr=2.9e-04]
Epoch 15/80 [Train]:  84%|████████▎ | 174/208 [00:06<00:01, 25.75it/s, loss=1.190, acc=77.4%, lr=2.9e-04]
Epoch 15/80 [Train]:  84%|████████▎ | 174/208 [00:06<00:01, 25.75it/s, loss=1.136, acc=77.4%, lr=2.9e-04]
Epoch 15/80 [Train]:  84%|████████▎ | 174/208 [00:06<00:01, 25.75it/s, loss=1.058, acc=77.4%, lr=2.9e-04]
Epoch 15/80 [Train]:  84%|████████▎ | 174/208 [00:07<00:01, 25.75it/s, loss=1.006, acc=77.4%, lr=2.9e-04]
Epoch 15/80 [Train]:  85%|████████▌ | 177/208 [00:07<00:01, 25.84it/s, loss=1.006, acc=77.4%, lr=2.9e-04]
Epoch 15/80 [Train]:  85%|████████▌ | 177/208 [00:07<00:01, 25.84it/s, loss=1.183, acc=77.4%, lr=2.9e-04]
Epoch 15/80 [Train]:  85%|████████▌ | 177/208 [00:07<00:01, 25.84it/s, loss=1.284, acc=77.3%, lr=2.9e-04]
Epoch 15/80 [Train]:  85%|████████▌ | 177/208 [00:07<00:01, 25.84it/s, loss=0.982, acc=77.4%, lr=2.9e-04]
Epoch 15/80 [Train]:  87%|████████▋ | 180/208 [00:07<00:01, 25.64it/s, loss=0.982, acc=77.4%, lr=2.9e-04]
Epoch 15/80 [Train]:  87%|████████▋ | 180/208 [00:07<00:01, 25.64it/s, loss=1.138, acc=77.4%, lr=2.9e-04]
Epoch 15/80 [Train]:  87%|████████▋ | 180/208 [00:07<00:01, 25.64it/s, loss=1.156, acc=77.4%, lr=2.9e-04]
Epoch 15/80 [Train]:  87%|████████▋ | 180/208 [00:07<00:01, 25.64it/s, loss=1.217, acc=77.4%, lr=2.9e-04]
Epoch 15/80 [Train]:  88%|████████▊ | 183/208 [00:07<00:00, 25.51it/s, loss=1.217, acc=77.4%, lr=2.9e-04]
Epoch 15/80 [Train]:  88%|████████▊ | 183/208 [00:07<00:00, 25.51it/s, loss=1.119, acc=77.4%, lr=2.9e-04]
Epoch 15/80 [Train]:  88%|████████▊ | 183/208 [00:07<00:00, 25.51it/s, loss=1.047, acc=77.4%, lr=2.9e-04]
Epoch 15/80 [Train]:  88%|████████▊ | 183/208 [00:07<00:00, 25.51it/s, loss=1.215, acc=77.4%, lr=2.9e-04]
Epoch 15/80 [Train]:  89%|████████▉ | 186/208 [00:07<00:00, 25.36it/s, loss=1.215, acc=77.4%, lr=2.9e-04]
Epoch 15/80 [Train]:  89%|████████▉ | 186/208 [00:07<00:00, 25.36it/s, loss=0.979, acc=77.4%, lr=2.9e-04]
Epoch 15/80 [Train]:  89%|████████▉ | 186/208 [00:07<00:00, 25.36it/s, loss=1.266, acc=77.3%, lr=2.9e-04]
Epoch 15/80 [Train]:  89%|████████▉ | 186/208 [00:07<00:00, 25.36it/s, loss=1.264, acc=77.3%, lr=2.8e-04]
Epoch 15/80 [Train]:  91%|█████████ | 189/208 [00:07<00:00, 25.40it/s, loss=1.264, acc=77.3%, lr=2.8e-04]
Epoch 15/80 [Train]:  91%|█████████ | 189/208 [00:07<00:00, 25.40it/s, loss=1.045, acc=77.3%, lr=2.8e-04]
Epoch 15/80 [Train]:  91%|█████████ | 189/208 [00:07<00:00, 25.40it/s, loss=1.224, acc=77.4%, lr=2.8e-04]
Epoch 15/80 [Train]:  91%|█████████ | 189/208 [00:07<00:00, 25.40it/s, loss=0.966, acc=77.4%, lr=2.8e-04]
Epoch 15/80 [Train]:  92%|█████████▏| 192/208 [00:07<00:00, 25.17it/s, loss=0.966, acc=77.4%, lr=2.8e-04]
Epoch 15/80 [Train]:  92%|█████████▏| 192/208 [00:07<00:00, 25.17it/s, loss=1.129, acc=77.4%, lr=2.8e-04]
Epoch 15/80 [Train]:  92%|█████████▏| 192/208 [00:07<00:00, 25.17it/s, loss=1.019, acc=77.4%, lr=2.8e-04]
Epoch 15/80 [Train]:  92%|█████████▏| 192/208 [00:07<00:00, 25.17it/s, loss=1.352, acc=77.3%, lr=2.8e-04]
Epoch 15/80 [Train]:  94%|█████████▍| 195/208 [00:07<00:00, 25.23it/s, loss=1.352, acc=77.3%, lr=2.8e-04]
Epoch 15/80 [Train]:  94%|█████████▍| 195/208 [00:07<00:00, 25.23it/s, loss=1.045, acc=77.3%, lr=2.8e-04]
Epoch 15/80 [Train]:  94%|█████████▍| 195/208 [00:07<00:00, 25.23it/s, loss=1.139, acc=77.3%, lr=2.8e-04]
Epoch 15/80 [Train]:  94%|█████████▍| 195/208 [00:07<00:00, 25.23it/s, loss=1.379, acc=77.3%, lr=2.8e-04]
Epoch 15/80 [Train]:  95%|█████████▌| 198/208 [00:07<00:00, 25.22it/s, loss=1.379, acc=77.3%, lr=2.8e-04]
Epoch 15/80 [Train]:  95%|█████████▌| 198/208 [00:07<00:00, 25.22it/s, loss=1.273, acc=77.2%, lr=2.8e-04]
Epoch 15/80 [Train]:  95%|█████████▌| 198/208 [00:07<00:00, 25.22it/s, loss=1.284, acc=77.2%, lr=2.8e-04]
Epoch 15/80 [Train]:  95%|█████████▌| 198/208 [00:07<00:00, 25.22it/s, loss=1.636, acc=77.2%, lr=2.8e-04]
Epoch 15/80 [Train]:  97%|█████████▋| 201/208 [00:07<00:00, 25.09it/s, loss=1.636, acc=77.2%, lr=2.8e-04]
Epoch 15/80 [Train]:  97%|█████████▋| 201/208 [00:08<00:00, 25.09it/s, loss=1.127, acc=77.1%, lr=2.8e-04]
Epoch 15/80 [Train]:  97%|█████████▋| 201/208 [00:08<00:00, 25.09it/s, loss=1.170, acc=77.1%, lr=2.8e-04]
Epoch 15/80 [Train]:  97%|█████████▋| 201/208 [00:08<00:00, 25.09it/s, loss=0.980, acc=77.2%, lr=2.8e-04]
Epoch 15/80 [Train]:  98%|█████████▊| 204/208 [00:08<00:00, 25.30it/s, loss=0.980, acc=77.2%, lr=2.8e-04]
Epoch 15/80 [Train]:  98%|█████████▊| 204/208 [00:08<00:00, 25.30it/s, loss=1.361, acc=77.1%, lr=2.8e-04]
Epoch 15/80 [Train]:  98%|█████████▊| 204/208 [00:08<00:00, 25.30it/s, loss=1.276, acc=77.2%, lr=2.8e-04]
Epoch 15/80 [Train]:  98%|█████████▊| 204/208 [00:08<00:00, 25.30it/s, loss=1.270, acc=77.1%, lr=2.8e-04]
Epoch 15/80 [Train]: 100%|█████████▉| 207/208 [00:08<00:00, 25.41it/s, loss=1.270, acc=77.1%, lr=2.8e-04]
Epoch 15/80 [Train]: 100%|█████████▉| 207/208 [00:08<00:00, 25.41it/s, loss=1.478, acc=77.1%, lr=2.8e-04]
Epoch 15/80 [Train]: 100%|██████████| 208/208 [00:08<00:00, 25.24it/s, loss=1.478, acc=77.1%, lr=2.8e-04]

[2026-08-17 01:19:52] [EPOCH 15 SUMMARY]
  Train: Loss = 1.1504 | Top-1 Acc =  77.13%
  Val:   Top-1 Acc =   9.91% | Top-3 =  27.45% | Top-5 =  39.46%
         APL = 11.96 dB | Profile MAE =  2.36 dB (Rank Corr: 0.488)
  Time:  Epoch = 8.2s (Val Eval: 2.0s) | Total Elapsed = 00h:02m:15s | ETA: 00h:09m:45s
  -> [INFO] No improvement for 7/12 epochs (Best: 15.65%)

[2026-08-17 01:19:52] >>> [EPOCH 16/80] Training Started <<<

Epoch 16/80 [Train]:   0%|          | 0/208 [00:00<?, ?it/s]
Epoch 16/80 [Train]:   0%|          | 0/208 [00:00<?, ?it/s, loss=1.024, acc=82.8%, lr=2.8e-04]
Epoch 16/80 [Train]:   0%|          | 0/208 [00:00<?, ?it/s, loss=1.060, acc=79.7%, lr=2.8e-04]
Epoch 16/80 [Train]:   0%|          | 0/208 [00:00<?, ?it/s, loss=1.010, acc=80.7%, lr=2.8e-04]
Epoch 16/80 [Train]:   1%|▏         | 3/208 [00:00<00:08, 25.42it/s, loss=1.010, acc=80.7%, lr=2.8e-04]
Epoch 16/80 [Train]:   1%|▏         | 3/208 [00:00<00:08, 25.42it/s, loss=1.117, acc=81.2%, lr=2.8e-04]
Epoch 16/80 [Train]:   1%|▏         | 3/208 [00:00<00:08, 25.42it/s, loss=1.014, acc=81.2%, lr=2.8e-04]
Epoch 16/80 [Train]:   1%|▏         | 3/208 [00:00<00:08, 25.42it/s, loss=1.024, acc=80.7%, lr=2.8e-04]
Epoch 16/80 [Train]:   3%|▎         | 6/208 [00:00<00:07, 25.31it/s, loss=1.024, acc=80.7%, lr=2.8e-04]
Epoch 16/80 [Train]:   3%|▎         | 6/208 [00:00<00:07, 25.31it/s, loss=1.364, acc=79.5%, lr=2.8e-04]
Epoch 16/80 [Train]:   3%|▎         | 6/208 [00:00<00:07, 25.31it/s, loss=1.163, acc=78.9%, lr=2.8e-04]
Epoch 16/80 [Train]:   3%|▎         | 6/208 [00:00<00:07, 25.31it/s, loss=1.153, acc=79.0%, lr=2.8e-04]
Epoch 16/80 [Train]:   4%|▍         | 9/208 [00:00<00:07, 25.05it/s, loss=1.153, acc=79.0%, lr=2.8e-04]
Epoch 16/80 [Train]:   4%|▍         | 9/208 [00:00<00:07, 25.05it/s, loss=1.206, acc=78.3%, lr=2.8e-04]
Epoch 16/80 [Train]:   4%|▍         | 9/208 [00:00<00:07, 25.05it/s, loss=1.236, acc=77.3%, lr=2.8e-04]
Epoch 16/80 [Train]:   4%|▍         | 9/208 [00:00<00:07, 25.05it/s, loss=0.861, acc=78.0%, lr=2.8e-04]
Epoch 16/80 [Train]:   6%|▌         | 12/208 [00:00<00:07, 24.97it/s, loss=0.861, acc=78.0%, lr=2.8e-04]
Epoch 16/80 [Train]:   6%|▌         | 12/208 [00:00<00:07, 24.97it/s, loss=1.446, acc=77.2%, lr=2.8e-04]
Epoch 16/80 [Train]:   6%|▌         | 12/208 [00:00<00:07, 24.97it/s, loss=0.968, acc=77.2%, lr=2.8e-04]
Epoch 16/80 [Train]:   6%|▌         | 12/208 [00:00<00:07, 24.97it/s, loss=1.135, acc=77.5%, lr=2.8e-04]
Epoch 16/80 [Train]:   7%|▋         | 15/208 [00:00<00:07, 25.20it/s, loss=1.135, acc=77.5%, lr=2.8e-04]
Epoch 16/80 [Train]:   7%|▋         | 15/208 [00:00<00:07, 25.20it/s, loss=1.212, acc=77.5%, lr=2.8e-04]
Epoch 16/80 [Train]:   7%|▋         | 15/208 [00:00<00:07, 25.20it/s, loss=1.140, acc=77.7%, lr=2.8e-04]
Epoch 16/80 [Train]:   7%|▋         | 15/208 [00:00<00:07, 25.20it/s, loss=1.069, acc=77.3%, lr=2.8e-04]
Epoch 16/80 [Train]:   9%|▊         | 18/208 [00:00<00:07, 24.58it/s, loss=1.069, acc=77.3%, lr=2.8e-04]
Epoch 16/80 [Train]:   9%|▊         | 18/208 [00:00<00:07, 24.58it/s, loss=1.099, acc=77.7%, lr=2.8e-04]
Epoch 16/80 [Train]:   9%|▊         | 18/208 [00:00<00:07, 24.58it/s, loss=0.982, acc=78.3%, lr=2.8e-04]
Epoch 16/80 [Train]:   9%|▊         | 18/208 [00:00<00:07, 24.58it/s, loss=1.280, acc=78.0%, lr=2.8e-04]
Epoch 16/80 [Train]:  10%|█         | 21/208 [00:00<00:07, 24.85it/s, loss=1.280, acc=78.0%, lr=2.8e-04]
Epoch 16/80 [Train]:  10%|█         | 21/208 [00:00<00:07, 24.85it/s, loss=1.134, acc=78.1%, lr=2.8e-04]
Epoch 16/80 [Train]:  10%|█         | 21/208 [00:00<00:07, 24.85it/s, loss=1.056, acc=78.1%, lr=2.8e-04]
Epoch 16/80 [Train]:  10%|█         | 21/208 [00:00<00:07, 24.85it/s, loss=1.093, acc=78.1%, lr=2.8e-04]
Epoch 16/80 [Train]:  12%|█▏        | 24/208 [00:00<00:07, 24.57it/s, loss=1.093, acc=78.1%, lr=2.8e-04]
Epoch 16/80 [Train]:  12%|█▏        | 24/208 [00:01<00:07, 24.57it/s, loss=0.993, acc=78.2%, lr=2.8e-04]
Epoch 16/80 [Train]:  12%|█▏        | 24/208 [00:01<00:07, 24.57it/s, loss=1.043, acc=78.2%, lr=2.8e-04]
Epoch 16/80 [Train]:  12%|█▏        | 24/208 [00:01<00:07, 24.57it/s, loss=1.209, acc=78.0%, lr=2.8e-04]
Epoch 16/80 [Train]:  13%|█▎        | 27/208 [00:01<00:07, 24.61it/s, loss=1.209, acc=78.0%, lr=2.8e-04]
Epoch 16/80 [Train]:  13%|█▎        | 27/208 [00:01<00:07, 24.61it/s, loss=1.209, acc=78.1%, lr=2.8e-04]
Epoch 16/80 [Train]:  13%|█▎        | 27/208 [00:01<00:07, 24.61it/s, loss=1.083, acc=78.0%, lr=2.8e-04]
Epoch 16/80 [Train]:  13%|█▎        | 27/208 [00:01<00:07, 24.61it/s, loss=0.916, acc=78.1%, lr=2.8e-04]
Epoch 16/80 [Train]:  14%|█▍        | 30/208 [00:01<00:07, 24.88it/s, loss=0.916, acc=78.1%, lr=2.8e-04]
Epoch 16/80 [Train]:  14%|█▍        | 30/208 [00:01<00:07, 24.88it/s, loss=1.189, acc=78.1%, lr=2.8e-04]
Epoch 16/80 [Train]:  14%|█▍        | 30/208 [00:01<00:07, 24.88it/s, loss=1.270, acc=77.9%, lr=2.8e-04]
Epoch 16/80 [Train]:  14%|█▍        | 30/208 [00:01<00:07, 24.88it/s, loss=1.221, acc=77.7%, lr=2.8e-04]
Epoch 16/80 [Train]:  16%|█▌        | 33/208 [00:01<00:07, 24.89it/s, loss=1.221, acc=77.7%, lr=2.8e-04]
Epoch 16/80 [Train]:  16%|█▌        | 33/208 [00:01<00:07, 24.89it/s, loss=1.019, acc=77.8%, lr=2.8e-04]
Epoch 16/80 [Train]:  16%|█▌        | 33/208 [00:01<00:07, 24.89it/s, loss=0.893, acc=78.0%, lr=2.8e-04]
Epoch 16/80 [Train]:  16%|█▌        | 33/208 [00:01<00:07, 24.89it/s, loss=0.861, acc=78.3%, lr=2.8e-04]
Epoch 16/80 [Train]:  17%|█▋        | 36/208 [00:01<00:06, 25.10it/s, loss=0.861, acc=78.3%, lr=2.8e-04]
Epoch 16/80 [Train]:  17%|█▋        | 36/208 [00:01<00:06, 25.10it/s, loss=1.153, acc=78.3%, lr=2.8e-04]
Epoch 16/80 [Train]:  17%|█▋        | 36/208 [00:01<00:06, 25.10it/s, loss=1.156, acc=78.2%, lr=2.8e-04]
Epoch 16/80 [Train]:  17%|█▋        | 36/208 [00:01<00:06, 25.10it/s, loss=1.162, acc=77.9%, lr=2.8e-04]
Epoch 16/80 [Train]:  19%|█▉        | 39/208 [00:01<00:06, 25.22it/s, loss=1.162, acc=77.9%, lr=2.8e-04]
Epoch 16/80 [Train]:  19%|█▉        | 39/208 [00:01<00:06, 25.22it/s, loss=1.018, acc=78.0%, lr=2.8e-04]
Epoch 16/80 [Train]:  19%|█▉        | 39/208 [00:01<00:06, 25.22it/s, loss=1.050, acc=78.1%, lr=2.8e-04]
Epoch 16/80 [Train]:  19%|█▉        | 39/208 [00:01<00:06, 25.22it/s, loss=1.230, acc=78.0%, lr=2.8e-04]
Epoch 16/80 [Train]:  20%|██        | 42/208 [00:01<00:06, 24.88it/s, loss=1.230, acc=78.0%, lr=2.8e-04]
Epoch 16/80 [Train]:  20%|██        | 42/208 [00:01<00:06, 24.88it/s, loss=1.233, acc=77.9%, lr=2.8e-04]
Epoch 16/80 [Train]:  20%|██        | 42/208 [00:01<00:06, 24.88it/s, loss=1.042, acc=78.0%, lr=2.8e-04]
Epoch 16/80 [Train]:  20%|██        | 42/208 [00:01<00:06, 24.88it/s, loss=1.262, acc=77.8%, lr=2.8e-04]
Epoch 16/80 [Train]:  22%|██▏       | 45/208 [00:01<00:06, 25.10it/s, loss=1.262, acc=77.8%, lr=2.8e-04]
Epoch 16/80 [Train]:  22%|██▏       | 45/208 [00:01<00:06, 25.10it/s, loss=1.008, acc=77.9%, lr=2.8e-04]
Epoch 16/80 [Train]:  22%|██▏       | 45/208 [00:01<00:06, 25.10it/s, loss=0.959, acc=77.9%, lr=2.8e-04]
Epoch 16/80 [Train]:  22%|██▏       | 45/208 [00:01<00:06, 25.10it/s, loss=1.029, acc=78.1%, lr=2.8e-04]
Epoch 16/80 [Train]:  23%|██▎       | 48/208 [00:01<00:06, 25.25it/s, loss=1.029, acc=78.1%, lr=2.8e-04]
Epoch 16/80 [Train]:  23%|██▎       | 48/208 [00:01<00:06, 25.25it/s, loss=1.039, acc=78.0%, lr=2.8e-04]
Epoch 16/80 [Train]:  23%|██▎       | 48/208 [00:01<00:06, 25.25it/s, loss=0.795, acc=78.2%, lr=2.8e-04]
Epoch 16/80 [Train]:  23%|██▎       | 48/208 [00:02<00:06, 25.25it/s, loss=1.120, acc=78.2%, lr=2.8e-04]
Epoch 16/80 [Train]:  25%|██▍       | 51/208 [00:02<00:06, 25.47it/s, loss=1.120, acc=78.2%, lr=2.8e-04]
Epoch 16/80 [Train]:  25%|██▍       | 51/208 [00:02<00:06, 25.47it/s, loss=0.974, acc=78.3%, lr=2.8e-04]
Epoch 16/80 [Train]:  25%|██▍       | 51/208 [00:02<00:06, 25.47it/s, loss=0.946, acc=78.3%, lr=2.8e-04]
Epoch 16/80 [Train]:  25%|██▍       | 51/208 [00:02<00:06, 25.47it/s, loss=1.003, acc=78.4%, lr=2.8e-04]
Epoch 16/80 [Train]:  26%|██▌       | 54/208 [00:02<00:06, 25.37it/s, loss=1.003, acc=78.4%, lr=2.8e-04]
Epoch 16/80 [Train]:  26%|██▌       | 54/208 [00:02<00:06, 25.37it/s, loss=1.141, acc=78.4%, lr=2.8e-04]
Epoch 16/80 [Train]:  26%|██▌       | 54/208 [00:02<00:06, 25.37it/s, loss=1.175, acc=78.3%, lr=2.8e-04]
Epoch 16/80 [Train]:  26%|██▌       | 54/208 [00:02<00:06, 25.37it/s, loss=1.175, acc=78.3%, lr=2.8e-04]
Epoch 16/80 [Train]:  27%|██▋       | 57/208 [00:02<00:05, 25.39it/s, loss=1.175, acc=78.3%, lr=2.8e-04]
Epoch 16/80 [Train]:  27%|██▋       | 57/208 [00:02<00:05, 25.39it/s, loss=1.136, acc=78.2%, lr=2.8e-04]
Epoch 16/80 [Train]:  27%|██▋       | 57/208 [00:02<00:05, 25.39it/s, loss=1.194, acc=78.1%, lr=2.8e-04]
Epoch 16/80 [Train]:  27%|██▋       | 57/208 [00:02<00:05, 25.39it/s, loss=1.233, acc=78.0%, lr=2.8e-04]
Epoch 16/80 [Train]:  29%|██▉       | 60/208 [00:02<00:06, 24.62it/s, loss=1.233, acc=78.0%, lr=2.8e-04]
Epoch 16/80 [Train]:  29%|██▉       | 60/208 [00:02<00:06, 24.62it/s, loss=0.986, acc=78.1%, lr=2.8e-04]
Epoch 16/80 [Train]:  29%|██▉       | 60/208 [00:02<00:06, 24.62it/s, loss=1.063, acc=78.0%, lr=2.8e-04]
Epoch 16/80 [Train]:  29%|██▉       | 60/208 [00:02<00:06, 24.62it/s, loss=0.941, acc=78.1%, lr=2.8e-04]
Epoch 16/80 [Train]:  30%|███       | 63/208 [00:02<00:05, 24.79it/s, loss=0.941, acc=78.1%, lr=2.8e-04]
Epoch 16/80 [Train]:  30%|███       | 63/208 [00:02<00:05, 24.79it/s, loss=1.056, acc=78.1%, lr=2.8e-04]
Epoch 16/80 [Train]:  30%|███       | 63/208 [00:02<00:05, 24.79it/s, loss=1.011, acc=78.0%, lr=2.8e-04]
Epoch 16/80 [Train]:  30%|███       | 63/208 [00:02<00:05, 24.79it/s, loss=1.167, acc=78.1%, lr=2.8e-04]
Epoch 16/80 [Train]:  32%|███▏      | 66/208 [00:02<00:05, 24.95it/s, loss=1.167, acc=78.1%, lr=2.8e-04]
Epoch 16/80 [Train]:  32%|███▏      | 66/208 [00:02<00:05, 24.95it/s, loss=0.965, acc=78.1%, lr=2.8e-04]
Epoch 16/80 [Train]:  32%|███▏      | 66/208 [00:02<00:05, 24.95it/s, loss=1.013, acc=78.1%, lr=2.8e-04]
Epoch 16/80 [Train]:  32%|███▏      | 66/208 [00:02<00:05, 24.95it/s, loss=1.095, acc=78.1%, lr=2.8e-04]
Epoch 16/80 [Train]:  33%|███▎      | 69/208 [00:02<00:05, 24.81it/s, loss=1.095, acc=78.1%, lr=2.8e-04]
Epoch 16/80 [Train]:  33%|███▎      | 69/208 [00:02<00:05, 24.81it/s, loss=1.002, acc=78.2%, lr=2.8e-04]
Epoch 16/80 [Train]:  33%|███▎      | 69/208 [00:02<00:05, 24.81it/s, loss=1.084, acc=78.2%, lr=2.8e-04]
Epoch 16/80 [Train]:  33%|███▎      | 69/208 [00:02<00:05, 24.81it/s, loss=1.178, acc=78.2%, lr=2.8e-04]
Epoch 16/80 [Train]:  35%|███▍      | 72/208 [00:02<00:05, 25.03it/s, loss=1.178, acc=78.2%, lr=2.8e-04]
Epoch 16/80 [Train]:  35%|███▍      | 72/208 [00:02<00:05, 25.03it/s, loss=1.252, acc=78.1%, lr=2.8e-04]
Epoch 16/80 [Train]:  35%|███▍      | 72/208 [00:02<00:05, 25.03it/s, loss=1.130, acc=78.1%, lr=2.8e-04]
Epoch 16/80 [Train]:  35%|███▍      | 72/208 [00:02<00:05, 25.03it/s, loss=1.133, acc=78.1%, lr=2.8e-04]
Epoch 16/80 [Train]:  36%|███▌      | 75/208 [00:02<00:05, 25.23it/s, loss=1.133, acc=78.1%, lr=2.8e-04]
Epoch 16/80 [Train]:  36%|███▌      | 75/208 [00:03<00:05, 25.23it/s, loss=1.249, acc=78.1%, lr=2.8e-04]
Epoch 16/80 [Train]:  36%|███▌      | 75/208 [00:03<00:05, 25.23it/s, loss=1.268, acc=78.0%, lr=2.8e-04]
Epoch 16/80 [Train]:  36%|███▌      | 75/208 [00:03<00:05, 25.23it/s, loss=1.431, acc=77.8%, lr=2.8e-04]
Epoch 16/80 [Train]:  38%|███▊      | 78/208 [00:03<00:05, 25.33it/s, loss=1.431, acc=77.8%, lr=2.8e-04]
Epoch 16/80 [Train]:  38%|███▊      | 78/208 [00:03<00:05, 25.33it/s, loss=0.952, acc=77.9%, lr=2.8e-04]
Epoch 16/80 [Train]:  38%|███▊      | 78/208 [00:03<00:05, 25.33it/s, loss=1.390, acc=77.9%, lr=2.8e-04]
Epoch 16/80 [Train]:  38%|███▊      | 78/208 [00:03<00:05, 25.33it/s, loss=1.138, acc=77.9%, lr=2.8e-04]
Epoch 16/80 [Train]:  39%|███▉      | 81/208 [00:03<00:05, 25.34it/s, loss=1.138, acc=77.9%, lr=2.8e-04]
Epoch 16/80 [Train]:  39%|███▉      | 81/208 [00:03<00:05, 25.34it/s, loss=1.085, acc=77.9%, lr=2.8e-04]
Epoch 16/80 [Train]:  39%|███▉      | 81/208 [00:03<00:05, 25.34it/s, loss=1.272, acc=77.8%, lr=2.8e-04]
Epoch 16/80 [Train]:  39%|███▉      | 81/208 [00:03<00:05, 25.34it/s, loss=1.049, acc=77.8%, lr=2.8e-04]
Epoch 16/80 [Train]:  40%|████      | 84/208 [00:03<00:04, 25.30it/s, loss=1.049, acc=77.8%, lr=2.8e-04]
Epoch 16/80 [Train]:  40%|████      | 84/208 [00:03<00:04, 25.30it/s, loss=1.344, acc=77.9%, lr=2.8e-04]
Epoch 16/80 [Train]:  40%|████      | 84/208 [00:03<00:04, 25.30it/s, loss=1.058, acc=77.9%, lr=2.8e-04]
Epoch 16/80 [Train]:  40%|████      | 84/208 [00:03<00:04, 25.30it/s, loss=1.124, acc=77.9%, lr=2.8e-04]
Epoch 16/80 [Train]:  42%|████▏     | 87/208 [00:03<00:04, 25.41it/s, loss=1.124, acc=77.9%, lr=2.8e-04]
Epoch 16/80 [Train]:  42%|████▏     | 87/208 [00:03<00:04, 25.41it/s, loss=1.130, acc=77.9%, lr=2.8e-04]
Epoch 16/80 [Train]:  42%|████▏     | 87/208 [00:03<00:04, 25.41it/s, loss=1.345, acc=77.9%, lr=2.8e-04]
Epoch 16/80 [Train]:  42%|████▏     | 87/208 [00:03<00:04, 25.41it/s, loss=1.077, acc=78.0%, lr=2.8e-04]
Epoch 16/80 [Train]:  43%|████▎     | 90/208 [00:03<00:04, 25.63it/s, loss=1.077, acc=78.0%, lr=2.8e-04]
Epoch 16/80 [Train]:  43%|████▎     | 90/208 [00:03<00:04, 25.63it/s, loss=1.451, acc=78.0%, lr=2.8e-04]
Epoch 16/80 [Train]:  43%|████▎     | 90/208 [00:03<00:04, 25.63it/s, loss=1.328, acc=78.0%, lr=2.8e-04]
Epoch 16/80 [Train]:  43%|████▎     | 90/208 [00:03<00:04, 25.63it/s, loss=1.385, acc=77.9%, lr=2.8e-04]
Epoch 16/80 [Train]:  45%|████▍     | 93/208 [00:03<00:04, 25.30it/s, loss=1.385, acc=77.9%, lr=2.8e-04]
Epoch 16/80 [Train]:  45%|████▍     | 93/208 [00:03<00:04, 25.30it/s, loss=1.122, acc=77.9%, lr=2.8e-04]
Epoch 16/80 [Train]:  45%|████▍     | 93/208 [00:03<00:04, 25.30it/s, loss=1.024, acc=77.9%, lr=2.8e-04]
Epoch 16/80 [Train]:  45%|████▍     | 93/208 [00:03<00:04, 25.30it/s, loss=1.067, acc=77.9%, lr=2.8e-04]
Epoch 16/80 [Train]:  46%|████▌     | 96/208 [00:03<00:04, 25.38it/s, loss=1.067, acc=77.9%, lr=2.8e-04]
Epoch 16/80 [Train]:  46%|████▌     | 96/208 [00:03<00:04, 25.38it/s, loss=1.188, acc=78.0%, lr=2.8e-04]
Epoch 16/80 [Train]:  46%|████▌     | 96/208 [00:03<00:04, 25.38it/s, loss=1.155, acc=77.9%, lr=2.8e-04]
Epoch 16/80 [Train]:  46%|████▌     | 96/208 [00:03<00:04, 25.38it/s, loss=0.994, acc=77.9%, lr=2.8e-04]
Epoch 16/80 [Train]:  48%|████▊     | 99/208 [00:03<00:04, 25.44it/s, loss=0.994, acc=77.9%, lr=2.8e-04]
Epoch 16/80 [Train]:  48%|████▊     | 99/208 [00:03<00:04, 25.44it/s, loss=0.943, acc=78.0%, lr=2.8e-04]
Epoch 16/80 [Train]:  48%|████▊     | 99/208 [00:04<00:04, 25.44it/s, loss=1.231, acc=77.9%, lr=2.8e-04]
Epoch 16/80 [Train]:  48%|████▊     | 99/208 [00:04<00:04, 25.44it/s, loss=1.192, acc=77.9%, lr=2.8e-04]
Epoch 16/80 [Train]:  49%|████▉     | 102/208 [00:04<00:04, 25.32it/s, loss=1.192, acc=77.9%, lr=2.8e-04]
Epoch 16/80 [Train]:  49%|████▉     | 102/208 [00:04<00:04, 25.32it/s, loss=1.096, acc=77.9%, lr=2.8e-04]
Epoch 16/80 [Train]:  49%|████▉     | 102/208 [00:04<00:04, 25.32it/s, loss=0.858, acc=78.0%, lr=2.8e-04]
Epoch 16/80 [Train]:  49%|████▉     | 102/208 [00:04<00:04, 25.32it/s, loss=1.136, acc=77.9%, lr=2.8e-04]
Epoch 16/80 [Train]:  50%|█████     | 105/208 [00:04<00:04, 25.13it/s, loss=1.136, acc=77.9%, lr=2.8e-04]
Epoch 16/80 [Train]:  50%|█████     | 105/208 [00:04<00:04, 25.13it/s, loss=1.216, acc=77.9%, lr=2.8e-04]
Epoch 16/80 [Train]:  50%|█████     | 105/208 [00:04<00:04, 25.13it/s, loss=1.135, acc=77.9%, lr=2.8e-04]
Epoch 16/80 [Train]:  50%|█████     | 105/208 [00:04<00:04, 25.13it/s, loss=1.062, acc=77.9%, lr=2.8e-04]
Epoch 16/80 [Train]:  52%|█████▏    | 108/208 [00:04<00:03, 25.17it/s, loss=1.062, acc=77.9%, lr=2.8e-04]
Epoch 16/80 [Train]:  52%|█████▏    | 108/208 [00:04<00:03, 25.17it/s, loss=1.001, acc=77.9%, lr=2.8e-04]
Epoch 16/80 [Train]:  52%|█████▏    | 108/208 [00:04<00:03, 25.17it/s, loss=1.186, acc=77.8%, lr=2.8e-04]
Epoch 16/80 [Train]:  52%|█████▏    | 108/208 [00:04<00:03, 25.17it/s, loss=1.204, acc=77.8%, lr=2.8e-04]
Epoch 16/80 [Train]:  53%|█████▎    | 111/208 [00:04<00:03, 24.90it/s, loss=1.204, acc=77.8%, lr=2.8e-04]
Epoch 16/80 [Train]:  53%|█████▎    | 111/208 [00:04<00:03, 24.90it/s, loss=1.011, acc=77.8%, lr=2.8e-04]
Epoch 16/80 [Train]:  53%|█████▎    | 111/208 [00:04<00:03, 24.90it/s, loss=1.334, acc=77.8%, lr=2.8e-04]
Epoch 16/80 [Train]:  53%|█████▎    | 111/208 [00:04<00:03, 24.90it/s, loss=0.998, acc=77.8%, lr=2.8e-04]
Epoch 16/80 [Train]:  55%|█████▍    | 114/208 [00:04<00:03, 25.03it/s, loss=0.998, acc=77.8%, lr=2.8e-04]
Epoch 16/80 [Train]:  55%|█████▍    | 114/208 [00:04<00:03, 25.03it/s, loss=1.122, acc=77.7%, lr=2.8e-04]
Epoch 16/80 [Train]:  55%|█████▍    | 114/208 [00:04<00:03, 25.03it/s, loss=1.207, acc=77.6%, lr=2.8e-04]
Epoch 16/80 [Train]:  55%|█████▍    | 114/208 [00:04<00:03, 25.03it/s, loss=1.033, acc=77.6%, lr=2.8e-04]
Epoch 16/80 [Train]:  56%|█████▋    | 117/208 [00:04<00:03, 24.95it/s, loss=1.033, acc=77.6%, lr=2.8e-04]
Epoch 16/80 [Train]:  56%|█████▋    | 117/208 [00:04<00:03, 24.95it/s, loss=1.074, acc=77.6%, lr=2.8e-04]
Epoch 16/80 [Train]:  56%|█████▋    | 117/208 [00:04<00:03, 24.95it/s, loss=1.012, acc=77.7%, lr=2.8e-04]
Epoch 16/80 [Train]:  56%|█████▋    | 117/208 [00:04<00:03, 24.95it/s, loss=1.252, acc=77.6%, lr=2.8e-04]
Epoch 16/80 [Train]:  58%|█████▊    | 120/208 [00:04<00:03, 24.99it/s, loss=1.252, acc=77.6%, lr=2.8e-04]
Epoch 16/80 [Train]:  58%|█████▊    | 120/208 [00:04<00:03, 24.99it/s, loss=1.102, acc=77.7%, lr=2.8e-04]
Epoch 16/80 [Train]:  58%|█████▊    | 120/208 [00:04<00:03, 24.99it/s, loss=1.112, acc=77.7%, lr=2.8e-04]
Epoch 16/80 [Train]:  58%|█████▊    | 120/208 [00:04<00:03, 24.99it/s, loss=0.967, acc=77.7%, lr=2.8e-04]
Epoch 16/80 [Train]:  59%|█████▉    | 123/208 [00:04<00:03, 24.98it/s, loss=0.967, acc=77.7%, lr=2.8e-04]
Epoch 16/80 [Train]:  59%|█████▉    | 123/208 [00:04<00:03, 24.98it/s, loss=1.132, acc=77.6%, lr=2.8e-04]
Epoch 16/80 [Train]:  59%|█████▉    | 123/208 [00:04<00:03, 24.98it/s, loss=1.036, acc=77.6%, lr=2.8e-04]
Epoch 16/80 [Train]:  59%|█████▉    | 123/208 [00:05<00:03, 24.98it/s, loss=0.933, acc=77.7%, lr=2.8e-04]
Epoch 16/80 [Train]:  61%|██████    | 126/208 [00:05<00:03, 25.03it/s, loss=0.933, acc=77.7%, lr=2.8e-04]
Epoch 16/80 [Train]:  61%|██████    | 126/208 [00:05<00:03, 25.03it/s, loss=1.038, acc=77.7%, lr=2.8e-04]
Epoch 16/80 [Train]:  61%|██████    | 126/208 [00:05<00:03, 25.03it/s, loss=1.304, acc=77.6%, lr=2.8e-04]
Epoch 16/80 [Train]:  61%|██████    | 126/208 [00:05<00:03, 25.03it/s, loss=1.015, acc=77.6%, lr=2.8e-04]
Epoch 16/80 [Train]:  62%|██████▏   | 129/208 [00:05<00:03, 24.79it/s, loss=1.015, acc=77.6%, lr=2.8e-04]
Epoch 16/80 [Train]:  62%|██████▏   | 129/208 [00:05<00:03, 24.79it/s, loss=1.144, acc=77.6%, lr=2.8e-04]
Epoch 16/80 [Train]:  62%|██████▏   | 129/208 [00:05<00:03, 24.79it/s, loss=1.212, acc=77.6%, lr=2.8e-04]
Epoch 16/80 [Train]:  62%|██████▏   | 129/208 [00:05<00:03, 24.79it/s, loss=1.050, acc=77.7%, lr=2.8e-04]
Epoch 16/80 [Train]:  63%|██████▎   | 132/208 [00:05<00:03, 25.07it/s, loss=1.050, acc=77.7%, lr=2.8e-04]
Epoch 16/80 [Train]:  63%|██████▎   | 132/208 [00:05<00:03, 25.07it/s, loss=1.096, acc=77.7%, lr=2.8e-04]
Epoch 16/80 [Train]:  63%|██████▎   | 132/208 [00:05<00:03, 25.07it/s, loss=1.288, acc=77.7%, lr=2.8e-04]
Epoch 16/80 [Train]:  63%|██████▎   | 132/208 [00:05<00:03, 25.07it/s, loss=1.344, acc=77.7%, lr=2.8e-04]
Epoch 16/80 [Train]:  65%|██████▍   | 135/208 [00:05<00:02, 24.97it/s, loss=1.344, acc=77.7%, lr=2.8e-04]
Epoch 16/80 [Train]:  65%|██████▍   | 135/208 [00:05<00:02, 24.97it/s, loss=1.129, acc=77.6%, lr=2.8e-04]
Epoch 16/80 [Train]:  65%|██████▍   | 135/208 [00:05<00:02, 24.97it/s, loss=0.949, acc=77.6%, lr=2.8e-04]
Epoch 16/80 [Train]:  65%|██████▍   | 135/208 [00:05<00:02, 24.97it/s, loss=1.241, acc=77.6%, lr=2.8e-04]
Epoch 16/80 [Train]:  66%|██████▋   | 138/208 [00:05<00:02, 25.14it/s, loss=1.241, acc=77.6%, lr=2.8e-04]
Epoch 16/80 [Train]:  66%|██████▋   | 138/208 [00:05<00:02, 25.14it/s, loss=1.197, acc=77.6%, lr=2.8e-04]
Epoch 16/80 [Train]:  66%|██████▋   | 138/208 [00:05<00:02, 25.14it/s, loss=1.258, acc=77.6%, lr=2.8e-04]
Epoch 16/80 [Train]:  66%|██████▋   | 138/208 [00:05<00:02, 25.14it/s, loss=0.980, acc=77.6%, lr=2.8e-04]
Epoch 16/80 [Train]:  68%|██████▊   | 141/208 [00:05<00:02, 25.31it/s, loss=0.980, acc=77.6%, lr=2.8e-04]
Epoch 16/80 [Train]:  68%|██████▊   | 141/208 [00:05<00:02, 25.31it/s, loss=1.182, acc=77.6%, lr=2.8e-04]
Epoch 16/80 [Train]:  68%|██████▊   | 141/208 [00:05<00:02, 25.31it/s, loss=1.029, acc=77.6%, lr=2.8e-04]
Epoch 16/80 [Train]:  68%|██████▊   | 141/208 [00:05<00:02, 25.31it/s, loss=1.350, acc=77.5%, lr=2.8e-04]
Epoch 16/80 [Train]:  69%|██████▉   | 144/208 [00:05<00:02, 25.18it/s, loss=1.350, acc=77.5%, lr=2.8e-04]
Epoch 16/80 [Train]:  69%|██████▉   | 144/208 [00:05<00:02, 25.18it/s, loss=1.246, acc=77.5%, lr=2.8e-04]
Epoch 16/80 [Train]:  69%|██████▉   | 144/208 [00:05<00:02, 25.18it/s, loss=1.016, acc=77.5%, lr=2.8e-04]
Epoch 16/80 [Train]:  69%|██████▉   | 144/208 [00:05<00:02, 25.18it/s, loss=1.102, acc=77.5%, lr=2.8e-04]
Epoch 16/80 [Train]:  71%|███████   | 147/208 [00:05<00:02, 25.32it/s, loss=1.102, acc=77.5%, lr=2.8e-04]
Epoch 16/80 [Train]:  71%|███████   | 147/208 [00:05<00:02, 25.32it/s, loss=1.071, acc=77.5%, lr=2.8e-04]
Epoch 16/80 [Train]:  71%|███████   | 147/208 [00:05<00:02, 25.32it/s, loss=1.145, acc=77.4%, lr=2.8e-04]
Epoch 16/80 [Train]:  71%|███████   | 147/208 [00:05<00:02, 25.32it/s, loss=1.257, acc=77.4%, lr=2.8e-04]
Epoch 16/80 [Train]:  72%|███████▏  | 150/208 [00:05<00:02, 25.14it/s, loss=1.257, acc=77.4%, lr=2.8e-04]
Epoch 16/80 [Train]:  72%|███████▏  | 150/208 [00:06<00:02, 25.14it/s, loss=1.195, acc=77.4%, lr=2.8e-04]
Epoch 16/80 [Train]:  72%|███████▏  | 150/208 [00:06<00:02, 25.14it/s, loss=1.083, acc=77.4%, lr=2.8e-04]
Epoch 16/80 [Train]:  72%|███████▏  | 150/208 [00:06<00:02, 25.14it/s, loss=0.940, acc=77.4%, lr=2.8e-04]
Epoch 16/80 [Train]:  74%|███████▎  | 153/208 [00:06<00:02, 25.13it/s, loss=0.940, acc=77.4%, lr=2.8e-04]
Epoch 16/80 [Train]:  74%|███████▎  | 153/208 [00:06<00:02, 25.13it/s, loss=1.239, acc=77.4%, lr=2.8e-04]
Epoch 16/80 [Train]:  74%|███████▎  | 153/208 [00:06<00:02, 25.13it/s, loss=0.979, acc=77.5%, lr=2.8e-04]
Epoch 16/80 [Train]:  74%|███████▎  | 153/208 [00:06<00:02, 25.13it/s, loss=1.313, acc=77.5%, lr=2.8e-04]
Epoch 16/80 [Train]:  75%|███████▌  | 156/208 [00:06<00:02, 24.96it/s, loss=1.313, acc=77.5%, lr=2.8e-04]
Epoch 16/80 [Train]:  75%|███████▌  | 156/208 [00:06<00:02, 24.96it/s, loss=1.257, acc=77.5%, lr=2.8e-04]
Epoch 16/80 [Train]:  75%|███████▌  | 156/208 [00:06<00:02, 24.96it/s, loss=0.993, acc=77.5%, lr=2.8e-04]
Epoch 16/80 [Train]:  75%|███████▌  | 156/208 [00:06<00:02, 24.96it/s, loss=1.208, acc=77.5%, lr=2.8e-04]
Epoch 16/80 [Train]:  76%|███████▋  | 159/208 [00:06<00:01, 24.99it/s, loss=1.208, acc=77.5%, lr=2.8e-04]
Epoch 16/80 [Train]:  76%|███████▋  | 159/208 [00:06<00:01, 24.99it/s, loss=0.990, acc=77.5%, lr=2.8e-04]
Epoch 16/80 [Train]:  76%|███████▋  | 159/208 [00:06<00:01, 24.99it/s, loss=1.354, acc=77.4%, lr=2.8e-04]
Epoch 16/80 [Train]:  76%|███████▋  | 159/208 [00:06<00:01, 24.99it/s, loss=1.179, acc=77.4%, lr=2.8e-04]
Epoch 16/80 [Train]:  78%|███████▊  | 162/208 [00:06<00:01, 24.90it/s, loss=1.179, acc=77.4%, lr=2.8e-04]
Epoch 16/80 [Train]:  78%|███████▊  | 162/208 [00:06<00:01, 24.90it/s, loss=0.948, acc=77.4%, lr=2.8e-04]
Epoch 16/80 [Train]:  78%|███████▊  | 162/208 [00:06<00:01, 24.90it/s, loss=1.325, acc=77.4%, lr=2.8e-04]
Epoch 16/80 [Train]:  78%|███████▊  | 162/208 [00:06<00:01, 24.90it/s, loss=1.075, acc=77.4%, lr=2.8e-04]
Epoch 16/80 [Train]:  79%|███████▉  | 165/208 [00:06<00:01, 24.48it/s, loss=1.075, acc=77.4%, lr=2.8e-04]
Epoch 16/80 [Train]:  79%|███████▉  | 165/208 [00:06<00:01, 24.48it/s, loss=1.212, acc=77.4%, lr=2.8e-04]
Epoch 16/80 [Train]:  79%|███████▉  | 165/208 [00:06<00:01, 24.48it/s, loss=1.036, acc=77.3%, lr=2.8e-04]
Epoch 16/80 [Train]:  79%|███████▉  | 165/208 [00:06<00:01, 24.48it/s, loss=1.114, acc=77.3%, lr=2.8e-04]
Epoch 16/80 [Train]:  81%|████████  | 168/208 [00:06<00:01, 24.66it/s, loss=1.114, acc=77.3%, lr=2.8e-04]
Epoch 16/80 [Train]:  81%|████████  | 168/208 [00:06<00:01, 24.66it/s, loss=1.024, acc=77.3%, lr=2.8e-04]
Epoch 16/80 [Train]:  81%|████████  | 168/208 [00:06<00:01, 24.66it/s, loss=0.993, acc=77.3%, lr=2.8e-04]
Epoch 16/80 [Train]:  81%|████████  | 168/208 [00:06<00:01, 24.66it/s, loss=0.992, acc=77.4%, lr=2.8e-04]
Epoch 16/80 [Train]:  82%|████████▏ | 171/208 [00:06<00:01, 24.94it/s, loss=0.992, acc=77.4%, lr=2.8e-04]
Epoch 16/80 [Train]:  82%|████████▏ | 171/208 [00:06<00:01, 24.94it/s, loss=1.012, acc=77.4%, lr=2.8e-04]
Epoch 16/80 [Train]:  82%|████████▏ | 171/208 [00:06<00:01, 24.94it/s, loss=0.949, acc=77.4%, lr=2.8e-04]
Epoch 16/80 [Train]:  82%|████████▏ | 171/208 [00:06<00:01, 24.94it/s, loss=1.075, acc=77.4%, lr=2.8e-04]
Epoch 16/80 [Train]:  84%|████████▎ | 174/208 [00:06<00:01, 25.36it/s, loss=1.075, acc=77.4%, lr=2.8e-04]
Epoch 16/80 [Train]:  84%|████████▎ | 174/208 [00:06<00:01, 25.36it/s, loss=1.204, acc=77.4%, lr=2.8e-04]
Epoch 16/80 [Train]:  84%|████████▎ | 174/208 [00:07<00:01, 25.36it/s, loss=1.528, acc=77.3%, lr=2.8e-04]
Epoch 16/80 [Train]:  84%|████████▎ | 174/208 [00:07<00:01, 25.36it/s, loss=1.093, acc=77.3%, lr=2.8e-04]
Epoch 16/80 [Train]:  85%|████████▌ | 177/208 [00:07<00:01, 25.10it/s, loss=1.093, acc=77.3%, lr=2.8e-04]
Epoch 16/80 [Train]:  85%|████████▌ | 177/208 [00:07<00:01, 25.10it/s, loss=1.123, acc=77.3%, lr=2.8e-04]
Epoch 16/80 [Train]:  85%|████████▌ | 177/208 [00:07<00:01, 25.10it/s, loss=1.138, acc=77.3%, lr=2.8e-04]
Epoch 16/80 [Train]:  85%|████████▌ | 177/208 [00:07<00:01, 25.10it/s, loss=0.972, acc=77.3%, lr=2.8e-04]
Epoch 16/80 [Train]:  87%|████████▋ | 180/208 [00:07<00:01, 25.16it/s, loss=0.972, acc=77.3%, lr=2.8e-04]
Epoch 16/80 [Train]:  87%|████████▋ | 180/208 [00:07<00:01, 25.16it/s, loss=1.216, acc=77.3%, lr=2.8e-04]
Epoch 16/80 [Train]:  87%|████████▋ | 180/208 [00:07<00:01, 25.16it/s, loss=1.060, acc=77.4%, lr=2.8e-04]
Epoch 16/80 [Train]:  87%|████████▋ | 180/208 [00:07<00:01, 25.16it/s, loss=1.113, acc=77.4%, lr=2.8e-04]
Epoch 16/80 [Train]:  88%|████████▊ | 183/208 [00:07<00:00, 25.32it/s, loss=1.113, acc=77.4%, lr=2.8e-04]
Epoch 16/80 [Train]:  88%|████████▊ | 183/208 [00:07<00:00, 25.32it/s, loss=1.201, acc=77.4%, lr=2.8e-04]
Epoch 16/80 [Train]:  88%|████████▊ | 183/208 [00:07<00:00, 25.32it/s, loss=1.008, acc=77.4%, lr=2.8e-04]
Epoch 16/80 [Train]:  88%|████████▊ | 183/208 [00:07<00:00, 25.32it/s, loss=1.354, acc=77.4%, lr=2.8e-04]
Epoch 16/80 [Train]:  89%|████████▉ | 186/208 [00:07<00:00, 25.06it/s, loss=1.354, acc=77.4%, lr=2.8e-04]
Epoch 16/80 [Train]:  89%|████████▉ | 186/208 [00:07<00:00, 25.06it/s, loss=1.150, acc=77.3%, lr=2.8e-04]
Epoch 16/80 [Train]:  89%|████████▉ | 186/208 [00:07<00:00, 25.06it/s, loss=1.181, acc=77.3%, lr=2.8e-04]
Epoch 16/80 [Train]:  89%|████████▉ | 186/208 [00:07<00:00, 25.06it/s, loss=1.222, acc=77.3%, lr=2.8e-04]
Epoch 16/80 [Train]:  91%|█████████ | 189/208 [00:07<00:00, 25.16it/s, loss=1.222, acc=77.3%, lr=2.8e-04]
Epoch 16/80 [Train]:  91%|█████████ | 189/208 [00:07<00:00, 25.16it/s, loss=1.041, acc=77.3%, lr=2.8e-04]
Epoch 16/80 [Train]:  91%|█████████ | 189/208 [00:07<00:00, 25.16it/s, loss=1.115, acc=77.3%, lr=2.8e-04]
Epoch 16/80 [Train]:  91%|█████████ | 189/208 [00:07<00:00, 25.16it/s, loss=1.165, acc=77.3%, lr=2.8e-04]
Epoch 16/80 [Train]:  92%|█████████▏| 192/208 [00:07<00:00, 24.75it/s, loss=1.165, acc=77.3%, lr=2.8e-04]
Epoch 16/80 [Train]:  92%|█████████▏| 192/208 [00:07<00:00, 24.75it/s, loss=1.037, acc=77.3%, lr=2.8e-04]
Epoch 16/80 [Train]:  92%|█████████▏| 192/208 [00:07<00:00, 24.75it/s, loss=1.050, acc=77.3%, lr=2.8e-04]
Epoch 16/80 [Train]:  92%|█████████▏| 192/208 [00:07<00:00, 24.75it/s, loss=1.083, acc=77.3%, lr=2.8e-04]
Epoch 16/80 [Train]:  94%|█████████▍| 195/208 [00:07<00:00, 24.90it/s, loss=1.083, acc=77.3%, lr=2.8e-04]
Epoch 16/80 [Train]:  94%|█████████▍| 195/208 [00:07<00:00, 24.90it/s, loss=1.046, acc=77.3%, lr=2.8e-04]
Epoch 16/80 [Train]:  94%|█████████▍| 195/208 [00:07<00:00, 24.90it/s, loss=0.925, acc=77.3%, lr=2.8e-04]
Epoch 16/80 [Train]:  94%|█████████▍| 195/208 [00:07<00:00, 24.90it/s, loss=1.115, acc=77.4%, lr=2.8e-04]
Epoch 16/80 [Train]:  95%|█████████▌| 198/208 [00:07<00:00, 25.06it/s, loss=1.115, acc=77.4%, lr=2.8e-04]
Epoch 16/80 [Train]:  95%|█████████▌| 198/208 [00:07<00:00, 25.06it/s, loss=1.137, acc=77.4%, lr=2.8e-04]
Epoch 16/80 [Train]:  95%|█████████▌| 198/208 [00:07<00:00, 25.06it/s, loss=1.120, acc=77.4%, lr=2.8e-04]
Epoch 16/80 [Train]:  95%|█████████▌| 198/208 [00:08<00:00, 25.06it/s, loss=1.105, acc=77.4%, lr=2.8e-04]
Epoch 16/80 [Train]:  97%|█████████▋| 201/208 [00:08<00:00, 25.10it/s, loss=1.105, acc=77.4%, lr=2.8e-04]
Epoch 16/80 [Train]:  97%|█████████▋| 201/208 [00:08<00:00, 25.10it/s, loss=1.219, acc=77.4%, lr=2.8e-04]
Epoch 16/80 [Train]:  97%|█████████▋| 201/208 [00:08<00:00, 25.10it/s, loss=1.104, acc=77.4%, lr=2.8e-04]
Epoch 16/80 [Train]:  97%|█████████▋| 201/208 [00:08<00:00, 25.10it/s, loss=1.181, acc=77.3%, lr=2.8e-04]
Epoch 16/80 [Train]:  98%|█████████▊| 204/208 [00:08<00:00, 24.95it/s, loss=1.181, acc=77.3%, lr=2.8e-04]
Epoch 16/80 [Train]:  98%|█████████▊| 204/208 [00:08<00:00, 24.95it/s, loss=1.063, acc=77.3%, lr=2.8e-04]
Epoch 16/80 [Train]:  98%|█████████▊| 204/208 [00:08<00:00, 24.95it/s, loss=1.110, acc=77.3%, lr=2.8e-04]
Epoch 16/80 [Train]:  98%|█████████▊| 204/208 [00:08<00:00, 24.95it/s, loss=0.994, acc=77.4%, lr=2.8e-04]
Epoch 16/80 [Train]: 100%|█████████▉| 207/208 [00:08<00:00, 25.16it/s, loss=0.994, acc=77.4%, lr=2.8e-04]
Epoch 16/80 [Train]: 100%|█████████▉| 207/208 [00:08<00:00, 25.16it/s, loss=0.780, acc=77.4%, lr=2.8e-04]
Epoch 16/80 [Train]: 100%|██████████| 208/208 [00:08<00:00, 25.13it/s, loss=0.780, acc=77.4%, lr=2.8e-04]

[2026-08-17 01:20:02] [EPOCH 16 SUMMARY]
  Train: Loss = 1.1184 | Top-1 Acc =  77.37%
  Val:   Top-1 Acc =   9.96% | Top-3 =  31.34% | Top-5 =  41.73%
         APL = 11.64 dB | Profile MAE =  2.25 dB (Rank Corr: 0.503)
  Time:  Epoch = 8.3s (Val Eval: 2.0s) | Total Elapsed = 00h:02m:23s | ETA: 00h:09m:33s
  -> [INFO] No improvement for 8/12 epochs (Best: 15.65%)

[2026-08-17 01:20:02] >>> [EPOCH 17/80] Training Started <<<

Epoch 17/80 [Train]:   0%|          | 0/208 [00:00<?, ?it/s]
Epoch 17/80 [Train]:   0%|          | 0/208 [00:00<?, ?it/s, loss=1.010, acc=75.0%, lr=2.8e-04]
Epoch 17/80 [Train]:   0%|          | 0/208 [00:00<?, ?it/s, loss=1.185, acc=72.7%, lr=2.8e-04]
Epoch 17/80 [Train]:   0%|          | 0/208 [00:00<?, ?it/s, loss=1.337, acc=72.9%, lr=2.8e-04]
Epoch 17/80 [Train]:   1%|▏         | 3/208 [00:00<00:08, 23.83it/s, loss=1.337, acc=72.9%, lr=2.8e-04]
Epoch 17/80 [Train]:   1%|▏         | 3/208 [00:00<00:08, 23.83it/s, loss=1.229, acc=73.4%, lr=2.8e-04]
Epoch 17/80 [Train]:   1%|▏         | 3/208 [00:00<00:08, 23.83it/s, loss=1.250, acc=74.1%, lr=2.8e-04]
Epoch 17/80 [Train]:   1%|▏         | 3/208 [00:00<00:08, 23.83it/s, loss=0.941, acc=74.7%, lr=2.8e-04]
Epoch 17/80 [Train]:   3%|▎         | 6/208 [00:00<00:08, 24.47it/s, loss=0.941, acc=74.7%, lr=2.8e-04]
Epoch 17/80 [Train]:   3%|▎         | 6/208 [00:00<00:08, 24.47it/s, loss=1.116, acc=74.6%, lr=2.8e-04]
Epoch 17/80 [Train]:   3%|▎         | 6/208 [00:00<00:08, 24.47it/s, loss=1.038, acc=73.6%, lr=2.8e-04]
Epoch 17/80 [Train]:   3%|▎         | 6/208 [00:00<00:08, 24.47it/s, loss=0.971, acc=74.8%, lr=2.8e-04]
Epoch 17/80 [Train]:   4%|▍         | 9/208 [00:00<00:08, 24.27it/s, loss=0.971, acc=74.8%, lr=2.8e-04]
Epoch 17/80 [Train]:   4%|▍         | 9/208 [00:00<00:08, 24.27it/s, loss=0.901, acc=75.9%, lr=2.8e-04]
Epoch 17/80 [Train]:   4%|▍         | 9/208 [00:00<00:08, 24.27it/s, loss=1.029, acc=76.1%, lr=2.8e-04]
Epoch 17/80 [Train]:   4%|▍         | 9/208 [00:00<00:08, 24.27it/s, loss=0.971, acc=76.6%, lr=2.8e-04]
Epoch 17/80 [Train]:   6%|▌         | 12/208 [00:00<00:07, 24.90it/s, loss=0.971, acc=76.6%, lr=2.8e-04]
Epoch 17/80 [Train]:   6%|▌         | 12/208 [00:00<00:07, 24.90it/s, loss=1.194, acc=76.6%, lr=2.8e-04]
Epoch 17/80 [Train]:   6%|▌         | 12/208 [00:00<00:07, 24.90it/s, loss=0.876, acc=77.2%, lr=2.8e-04]
Epoch 17/80 [Train]:   6%|▌         | 12/208 [00:00<00:07, 24.90it/s, loss=0.956, acc=77.8%, lr=2.8e-04]
Epoch 17/80 [Train]:   7%|▋         | 15/208 [00:00<00:07, 24.98it/s, loss=0.956, acc=77.8%, lr=2.8e-04]
Epoch 17/80 [Train]:   7%|▋         | 15/208 [00:00<00:07, 24.98it/s, loss=1.023, acc=78.0%, lr=2.8e-04]
Epoch 17/80 [Train]:   7%|▋         | 15/208 [00:00<00:07, 24.98it/s, loss=1.158, acc=77.9%, lr=2.8e-04]
Epoch 17/80 [Train]:   7%|▋         | 15/208 [00:00<00:07, 24.98it/s, loss=0.836, acc=78.1%, lr=2.8e-04]
Epoch 17/80 [Train]:   9%|▊         | 18/208 [00:00<00:07, 25.10it/s, loss=0.836, acc=78.1%, lr=2.8e-04]
Epoch 17/80 [Train]:   9%|▊         | 18/208 [00:00<00:07, 25.10it/s, loss=1.027, acc=78.0%, lr=2.8e-04]
Epoch 17/80 [Train]:   9%|▊         | 18/208 [00:00<00:07, 25.10it/s, loss=1.117, acc=77.7%, lr=2.8e-04]
Epoch 17/80 [Train]:   9%|▊         | 18/208 [00:00<00:07, 25.10it/s, loss=0.990, acc=77.8%, lr=2.8e-04]
Epoch 17/80 [Train]:  10%|█         | 21/208 [00:00<00:07, 25.09it/s, loss=0.990, acc=77.8%, lr=2.8e-04]
Epoch 17/80 [Train]:  10%|█         | 21/208 [00:00<00:07, 25.09it/s, loss=1.240, acc=77.5%, lr=2.8e-04]
Epoch 17/80 [Train]:  10%|█         | 21/208 [00:00<00:07, 25.09it/s, loss=1.222, acc=77.4%, lr=2.8e-04]
Epoch 17/80 [Train]:  10%|█         | 21/208 [00:00<00:07, 25.09it/s, loss=1.159, acc=77.5%, lr=2.8e-04]
Epoch 17/80 [Train]:  12%|█▏        | 24/208 [00:00<00:07, 25.22it/s, loss=1.159, acc=77.5%, lr=2.8e-04]
Epoch 17/80 [Train]:  12%|█▏        | 24/208 [00:01<00:07, 25.22it/s, loss=0.811, acc=78.2%, lr=2.8e-04]
Epoch 17/80 [Train]:  12%|█▏        | 24/208 [00:01<00:07, 25.22it/s, loss=1.241, acc=77.9%, lr=2.8e-04]
Epoch 17/80 [Train]:  12%|█▏        | 24/208 [00:01<00:07, 25.22it/s, loss=1.101, acc=78.2%, lr=2.8e-04]
Epoch 17/80 [Train]:  13%|█▎        | 27/208 [00:01<00:07, 25.14it/s, loss=1.101, acc=78.2%, lr=2.8e-04]
Epoch 17/80 [Train]:  13%|█▎        | 27/208 [00:01<00:07, 25.14it/s, loss=1.055, acc=78.3%, lr=2.8e-04]
Epoch 17/80 [Train]:  13%|█▎        | 27/208 [00:01<00:07, 25.14it/s, loss=0.928, acc=78.6%, lr=2.8e-04]
Epoch 17/80 [Train]:  13%|█▎        | 27/208 [00:01<00:07, 25.14it/s, loss=0.856, acc=78.8%, lr=2.8e-04]
Epoch 17/80 [Train]:  14%|█▍        | 30/208 [00:01<00:07, 24.95it/s, loss=0.856, acc=78.8%, lr=2.8e-04]
Epoch 17/80 [Train]:  14%|█▍        | 30/208 [00:01<00:07, 24.95it/s, loss=1.175, acc=78.6%, lr=2.8e-04]
Epoch 17/80 [Train]:  14%|█▍        | 30/208 [00:01<00:07, 24.95it/s, loss=0.998, acc=78.9%, lr=2.8e-04]
Epoch 17/80 [Train]:  14%|█▍        | 30/208 [00:01<00:07, 24.95it/s, loss=1.214, acc=78.6%, lr=2.8e-04]
Epoch 17/80 [Train]:  16%|█▌        | 33/208 [00:01<00:07, 24.62it/s, loss=1.214, acc=78.6%, lr=2.8e-04]
Epoch 17/80 [Train]:  16%|█▌        | 33/208 [00:01<00:07, 24.62it/s, loss=1.065, acc=78.6%, lr=2.8e-04]
Epoch 17/80 [Train]:  16%|█▌        | 33/208 [00:01<00:07, 24.62it/s, loss=1.098, acc=78.5%, lr=2.8e-04]
Epoch 17/80 [Train]:  16%|█▌        | 33/208 [00:01<00:07, 24.62it/s, loss=1.207, acc=78.4%, lr=2.8e-04]
Epoch 17/80 [Train]:  17%|█▋        | 36/208 [00:01<00:06, 24.92it/s, loss=1.207, acc=78.4%, lr=2.8e-04]
Epoch 17/80 [Train]:  17%|█▋        | 36/208 [00:01<00:06, 24.92it/s, loss=0.902, acc=78.5%, lr=2.8e-04]
Epoch 17/80 [Train]:  17%|█▋        | 36/208 [00:01<00:06, 24.92it/s, loss=1.181, acc=78.3%, lr=2.8e-04]
Epoch 17/80 [Train]:  17%|█▋        | 36/208 [00:01<00:06, 24.92it/s, loss=1.081, acc=78.4%, lr=2.8e-04]
Epoch 17/80 [Train]:  19%|█▉        | 39/208 [00:01<00:06, 24.98it/s, loss=1.081, acc=78.4%, lr=2.8e-04]
Epoch 17/80 [Train]:  19%|█▉        | 39/208 [00:01<00:06, 24.98it/s, loss=1.057, acc=78.5%, lr=2.8e-04]
Epoch 17/80 [Train]:  19%|█▉        | 39/208 [00:01<00:06, 24.98it/s, loss=1.106, acc=78.5%, lr=2.8e-04]
Epoch 17/80 [Train]:  19%|█▉        | 39/208 [00:01<00:06, 24.98it/s, loss=1.086, acc=78.4%, lr=2.8e-04]
Epoch 17/80 [Train]:  20%|██        | 42/208 [00:01<00:06, 25.26it/s, loss=1.086, acc=78.4%, lr=2.8e-04]
Epoch 17/80 [Train]:  20%|██        | 42/208 [00:01<00:06, 25.26it/s, loss=1.120, acc=78.5%, lr=2.8e-04]
Epoch 17/80 [Train]:  20%|██        | 42/208 [00:01<00:06, 25.26it/s, loss=1.038, acc=78.6%, lr=2.8e-04]
Epoch 17/80 [Train]:  20%|██        | 42/208 [00:01<00:06, 25.26it/s, loss=0.964, acc=78.8%, lr=2.8e-04]
Epoch 17/80 [Train]:  22%|██▏       | 45/208 [00:01<00:06, 25.34it/s, loss=0.964, acc=78.8%, lr=2.8e-04]
Epoch 17/80 [Train]:  22%|██▏       | 45/208 [00:01<00:06, 25.34it/s, loss=1.217, acc=78.7%, lr=2.8e-04]
Epoch 17/80 [Train]:  22%|██▏       | 45/208 [00:01<00:06, 25.34it/s, loss=0.928, acc=78.9%, lr=2.8e-04]
Epoch 17/80 [Train]:  22%|██▏       | 45/208 [00:01<00:06, 25.34it/s, loss=0.952, acc=78.9%, lr=2.8e-04]
Epoch 17/80 [Train]:  23%|██▎       | 48/208 [00:01<00:06, 25.38it/s, loss=0.952, acc=78.9%, lr=2.8e-04]
Epoch 17/80 [Train]:  23%|██▎       | 48/208 [00:01<00:06, 25.38it/s, loss=1.166, acc=78.8%, lr=2.8e-04]
Epoch 17/80 [Train]:  23%|██▎       | 48/208 [00:01<00:06, 25.38it/s, loss=0.955, acc=78.9%, lr=2.8e-04]
Epoch 17/80 [Train]:  23%|██▎       | 48/208 [00:02<00:06, 25.38it/s, loss=0.988, acc=79.0%, lr=2.8e-04]
Epoch 17/80 [Train]:  25%|██▍       | 51/208 [00:02<00:06, 25.21it/s, loss=0.988, acc=79.0%, lr=2.8e-04]
Epoch 17/80 [Train]:  25%|██▍       | 51/208 [00:02<00:06, 25.21it/s, loss=1.048, acc=79.0%, lr=2.8e-04]
Epoch 17/80 [Train]:  25%|██▍       | 51/208 [00:02<00:06, 25.21it/s, loss=1.026, acc=79.0%, lr=2.8e-04]
Epoch 17/80 [Train]:  25%|██▍       | 51/208 [00:02<00:06, 25.21it/s, loss=0.994, acc=79.0%, lr=2.8e-04]
Epoch 17/80 [Train]:  26%|██▌       | 54/208 [00:02<00:06, 25.28it/s, loss=0.994, acc=79.0%, lr=2.8e-04]
Epoch 17/80 [Train]:  26%|██▌       | 54/208 [00:02<00:06, 25.28it/s, loss=0.998, acc=79.0%, lr=2.8e-04]
Epoch 17/80 [Train]:  26%|██▌       | 54/208 [00:02<00:06, 25.28it/s, loss=1.046, acc=79.1%, lr=2.8e-04]
Epoch 17/80 [Train]:  26%|██▌       | 54/208 [00:02<00:06, 25.28it/s, loss=1.020, acc=79.1%, lr=2.8e-04]
Epoch 17/80 [Train]:  27%|██▋       | 57/208 [00:02<00:05, 25.33it/s, loss=1.020, acc=79.1%, lr=2.8e-04]
Epoch 17/80 [Train]:  27%|██▋       | 57/208 [00:02<00:05, 25.33it/s, loss=1.072, acc=79.0%, lr=2.8e-04]
Epoch 17/80 [Train]:  27%|██▋       | 57/208 [00:02<00:05, 25.33it/s, loss=0.796, acc=79.2%, lr=2.8e-04]
Epoch 17/80 [Train]:  27%|██▋       | 57/208 [00:02<00:05, 25.33it/s, loss=0.948, acc=79.2%, lr=2.8e-04]
Epoch 17/80 [Train]:  29%|██▉       | 60/208 [00:02<00:05, 25.53it/s, loss=0.948, acc=79.2%, lr=2.8e-04]
Epoch 17/80 [Train]:  29%|██▉       | 60/208 [00:02<00:05, 25.53it/s, loss=1.133, acc=79.2%, lr=2.8e-04]
Epoch 17/80 [Train]:  29%|██▉       | 60/208 [00:02<00:05, 25.53it/s, loss=1.207, acc=79.1%, lr=2.8e-04]
Epoch 17/80 [Train]:  29%|██▉       | 60/208 [00:02<00:05, 25.53it/s, loss=1.037, acc=79.1%, lr=2.8e-04]
Epoch 17/80 [Train]:  30%|███       | 63/208 [00:02<00:05, 25.41it/s, loss=1.037, acc=79.1%, lr=2.8e-04]
Epoch 17/80 [Train]:  30%|███       | 63/208 [00:02<00:05, 25.41it/s, loss=1.193, acc=79.1%, lr=2.8e-04]
Epoch 17/80 [Train]:  30%|███       | 63/208 [00:02<00:05, 25.41it/s, loss=0.940, acc=79.1%, lr=2.8e-04]
Epoch 17/80 [Train]:  30%|███       | 63/208 [00:02<00:05, 25.41it/s, loss=1.122, acc=79.1%, lr=2.8e-04]
Epoch 17/80 [Train]:  32%|███▏      | 66/208 [00:02<00:05, 25.45it/s, loss=1.122, acc=79.1%, lr=2.8e-04]
Epoch 17/80 [Train]:  32%|███▏      | 66/208 [00:02<00:05, 25.45it/s, loss=1.009, acc=79.1%, lr=2.8e-04]
Epoch 17/80 [Train]:  32%|███▏      | 66/208 [00:02<00:05, 25.45it/s, loss=0.888, acc=79.1%, lr=2.8e-04]
Epoch 17/80 [Train]:  32%|███▏      | 66/208 [00:02<00:05, 25.45it/s, loss=1.040, acc=79.1%, lr=2.8e-04]
Epoch 17/80 [Train]:  33%|███▎      | 69/208 [00:02<00:05, 25.51it/s, loss=1.040, acc=79.1%, lr=2.8e-04]
Epoch 17/80 [Train]:  33%|███▎      | 69/208 [00:02<00:05, 25.51it/s, loss=1.254, acc=79.0%, lr=2.8e-04]
Epoch 17/80 [Train]:  33%|███▎      | 69/208 [00:02<00:05, 25.51it/s, loss=1.027, acc=79.1%, lr=2.8e-04]
Epoch 17/80 [Train]:  33%|███▎      | 69/208 [00:02<00:05, 25.51it/s, loss=0.924, acc=79.2%, lr=2.8e-04]
Epoch 17/80 [Train]:  35%|███▍      | 72/208 [00:02<00:05, 25.51it/s, loss=0.924, acc=79.2%, lr=2.8e-04]
Epoch 17/80 [Train]:  35%|███▍      | 72/208 [00:02<00:05, 25.51it/s, loss=1.095, acc=79.2%, lr=2.8e-04]
Epoch 17/80 [Train]:  35%|███▍      | 72/208 [00:02<00:05, 25.51it/s, loss=0.992, acc=79.1%, lr=2.8e-04]
Epoch 17/80 [Train]:  35%|███▍      | 72/208 [00:02<00:05, 25.51it/s, loss=1.239, acc=79.0%, lr=2.8e-04]
Epoch 17/80 [Train]:  36%|███▌      | 75/208 [00:02<00:05, 25.65it/s, loss=1.239, acc=79.0%, lr=2.8e-04]
Epoch 17/80 [Train]:  36%|███▌      | 75/208 [00:03<00:05, 25.65it/s, loss=1.258, acc=79.0%, lr=2.8e-04]
Epoch 17/80 [Train]:  36%|███▌      | 75/208 [00:03<00:05, 25.65it/s, loss=0.883, acc=79.0%, lr=2.8e-04]
Epoch 17/80 [Train]:  36%|███▌      | 75/208 [00:03<00:05, 25.65it/s, loss=1.252, acc=78.9%, lr=2.8e-04]
Epoch 17/80 [Train]:  38%|███▊      | 78/208 [00:03<00:05, 25.45it/s, loss=1.252, acc=78.9%, lr=2.8e-04]
Epoch 17/80 [Train]:  38%|███▊      | 78/208 [00:03<00:05, 25.45it/s, loss=1.087, acc=78.9%, lr=2.8e-04]
Epoch 17/80 [Train]:  38%|███▊      | 78/208 [00:03<00:05, 25.45it/s, loss=1.184, acc=78.9%, lr=2.8e-04]
Epoch 17/80 [Train]:  38%|███▊      | 78/208 [00:03<00:05, 25.45it/s, loss=1.025, acc=78.9%, lr=2.8e-04]
Epoch 17/80 [Train]:  39%|███▉      | 81/208 [00:03<00:04, 25.57it/s, loss=1.025, acc=78.9%, lr=2.8e-04]
Epoch 17/80 [Train]:  39%|███▉      | 81/208 [00:03<00:04, 25.57it/s, loss=1.260, acc=78.7%, lr=2.8e-04]
Epoch 17/80 [Train]:  39%|███▉      | 81/208 [00:03<00:04, 25.57it/s, loss=1.253, acc=78.7%, lr=2.8e-04]
Epoch 17/80 [Train]:  39%|███▉      | 81/208 [00:03<00:04, 25.57it/s, loss=0.933, acc=78.6%, lr=2.8e-04]
Epoch 17/80 [Train]:  40%|████      | 84/208 [00:03<00:04, 25.53it/s, loss=0.933, acc=78.6%, lr=2.8e-04]
Epoch 17/80 [Train]:  40%|████      | 84/208 [00:03<00:04, 25.53it/s, loss=0.871, acc=78.8%, lr=2.8e-04]
Epoch 17/80 [Train]:  40%|████      | 84/208 [00:03<00:04, 25.53it/s, loss=1.044, acc=78.8%, lr=2.8e-04]
Epoch 17/80 [Train]:  40%|████      | 84/208 [00:03<00:04, 25.53it/s, loss=1.240, acc=78.8%, lr=2.8e-04]
Epoch 17/80 [Train]:  42%|████▏     | 87/208 [00:03<00:04, 25.46it/s, loss=1.240, acc=78.8%, lr=2.8e-04]
Epoch 17/80 [Train]:  42%|████▏     | 87/208 [00:03<00:04, 25.46it/s, loss=1.195, acc=78.7%, lr=2.8e-04]
Epoch 17/80 [Train]:  42%|████▏     | 87/208 [00:03<00:04, 25.46it/s, loss=0.988, acc=78.7%, lr=2.8e-04]
Epoch 17/80 [Train]:  42%|████▏     | 87/208 [00:03<00:04, 25.46it/s, loss=1.110, acc=78.6%, lr=2.8e-04]
Epoch 17/80 [Train]:  43%|████▎     | 90/208 [00:03<00:04, 25.45it/s, loss=1.110, acc=78.6%, lr=2.8e-04]
Epoch 17/80 [Train]:  43%|████▎     | 90/208 [00:03<00:04, 25.45it/s, loss=1.051, acc=78.7%, lr=2.8e-04]
Epoch 17/80 [Train]:  43%|████▎     | 90/208 [00:03<00:04, 25.45it/s, loss=1.153, acc=78.6%, lr=2.8e-04]
Epoch 17/80 [Train]:  43%|████▎     | 90/208 [00:03<00:04, 25.45it/s, loss=1.021, acc=78.6%, lr=2.8e-04]
Epoch 17/80 [Train]:  45%|████▍     | 93/208 [00:03<00:04, 25.40it/s, loss=1.021, acc=78.6%, lr=2.8e-04]
Epoch 17/80 [Train]:  45%|████▍     | 93/208 [00:03<00:04, 25.40it/s, loss=0.945, acc=78.6%, lr=2.8e-04]
Epoch 17/80 [Train]:  45%|████▍     | 93/208 [00:03<00:04, 25.40it/s, loss=1.134, acc=78.6%, lr=2.8e-04]
Epoch 17/80 [Train]:  45%|████▍     | 93/208 [00:03<00:04, 25.40it/s, loss=0.995, acc=78.6%, lr=2.8e-04]
Epoch 17/80 [Train]:  46%|████▌     | 96/208 [00:03<00:04, 25.37it/s, loss=0.995, acc=78.6%, lr=2.8e-04]
Epoch 17/80 [Train]:  46%|████▌     | 96/208 [00:03<00:04, 25.37it/s, loss=1.115, acc=78.5%, lr=2.8e-04]
Epoch 17/80 [Train]:  46%|████▌     | 96/208 [00:03<00:04, 25.37it/s, loss=0.797, acc=78.7%, lr=2.8e-04]
Epoch 17/80 [Train]:  46%|████▌     | 96/208 [00:03<00:04, 25.37it/s, loss=1.225, acc=78.7%, lr=2.8e-04]
Epoch 17/80 [Train]:  48%|████▊     | 99/208 [00:03<00:04, 25.46it/s, loss=1.225, acc=78.7%, lr=2.8e-04]
Epoch 17/80 [Train]:  48%|████▊     | 99/208 [00:03<00:04, 25.46it/s, loss=1.092, acc=78.6%, lr=2.8e-04]
Epoch 17/80 [Train]:  48%|████▊     | 99/208 [00:03<00:04, 25.46it/s, loss=0.988, acc=78.6%, lr=2.8e-04]
Epoch 17/80 [Train]:  48%|████▊     | 99/208 [00:04<00:04, 25.46it/s, loss=1.054, acc=78.6%, lr=2.8e-04]
Epoch 17/80 [Train]:  49%|████▉     | 102/208 [00:04<00:04, 25.42it/s, loss=1.054, acc=78.6%, lr=2.8e-04]
Epoch 17/80 [Train]:  49%|████▉     | 102/208 [00:04<00:04, 25.42it/s, loss=1.008, acc=78.7%, lr=2.8e-04]
Epoch 17/80 [Train]:  49%|████▉     | 102/208 [00:04<00:04, 25.42it/s, loss=1.060, acc=78.7%, lr=2.8e-04]
Epoch 17/80 [Train]:  49%|████▉     | 102/208 [00:04<00:04, 25.42it/s, loss=1.252, acc=78.7%, lr=2.8e-04]
Epoch 17/80 [Train]:  50%|█████     | 105/208 [00:04<00:04, 24.98it/s, loss=1.252, acc=78.7%, lr=2.8e-04]
Epoch 17/80 [Train]:  50%|█████     | 105/208 [00:04<00:04, 24.98it/s, loss=1.049, acc=78.6%, lr=2.8e-04]
Epoch 17/80 [Train]:  50%|█████     | 105/208 [00:04<00:04, 24.98it/s, loss=1.106, acc=78.5%, lr=2.8e-04]
Epoch 17/80 [Train]:  50%|█████     | 105/208 [00:04<00:04, 24.98it/s, loss=1.180, acc=78.5%, lr=2.8e-04]
Epoch 17/80 [Train]:  52%|█████▏    | 108/208 [00:04<00:03, 25.11it/s, loss=1.180, acc=78.5%, lr=2.8e-04]
Epoch 17/80 [Train]:  52%|█████▏    | 108/208 [00:04<00:03, 25.11it/s, loss=1.236, acc=78.6%, lr=2.8e-04]
Epoch 17/80 [Train]:  52%|█████▏    | 108/208 [00:04<00:03, 25.11it/s, loss=1.063, acc=78.6%, lr=2.8e-04]
Epoch 17/80 [Train]:  52%|█████▏    | 108/208 [00:04<00:03, 25.11it/s, loss=1.080, acc=78.6%, lr=2.8e-04]
Epoch 17/80 [Train]:  53%|█████▎    | 111/208 [00:04<00:03, 25.10it/s, loss=1.080, acc=78.6%, lr=2.8e-04]
Epoch 17/80 [Train]:  53%|█████▎    | 111/208 [00:04<00:03, 25.10it/s, loss=1.215, acc=78.6%, lr=2.8e-04]
Epoch 17/80 [Train]:  53%|█████▎    | 111/208 [00:04<00:03, 25.10it/s, loss=1.121, acc=78.7%, lr=2.8e-04]
Epoch 17/80 [Train]:  53%|█████▎    | 111/208 [00:04<00:03, 25.10it/s, loss=1.131, acc=78.6%, lr=2.8e-04]
Epoch 17/80 [Train]:  55%|█████▍    | 114/208 [00:04<00:03, 25.35it/s, loss=1.131, acc=78.6%, lr=2.8e-04]
Epoch 17/80 [Train]:  55%|█████▍    | 114/208 [00:04<00:03, 25.35it/s, loss=1.209, acc=78.6%, lr=2.8e-04]
Epoch 17/80 [Train]:  55%|█████▍    | 114/208 [00:04<00:03, 25.35it/s, loss=1.126, acc=78.6%, lr=2.8e-04]
Epoch 17/80 [Train]:  55%|█████▍    | 114/208 [00:04<00:03, 25.35it/s, loss=1.186, acc=78.6%, lr=2.8e-04]
Epoch 17/80 [Train]:  56%|█████▋    | 117/208 [00:04<00:03, 24.67it/s, loss=1.186, acc=78.6%, lr=2.8e-04]
Epoch 17/80 [Train]:  56%|█████▋    | 117/208 [00:04<00:03, 24.67it/s, loss=0.948, acc=78.7%, lr=2.8e-04]
Epoch 17/80 [Train]:  56%|█████▋    | 117/208 [00:04<00:03, 24.67it/s, loss=0.943, acc=78.7%, lr=2.8e-04]
Epoch 17/80 [Train]:  56%|█████▋    | 117/208 [00:04<00:03, 24.67it/s, loss=1.275, acc=78.7%, lr=2.8e-04]
Epoch 17/80 [Train]:  58%|█████▊    | 120/208 [00:04<00:03, 24.71it/s, loss=1.275, acc=78.7%, lr=2.8e-04]
Epoch 17/80 [Train]:  58%|█████▊    | 120/208 [00:04<00:03, 24.71it/s, loss=1.117, acc=78.6%, lr=2.8e-04]
Epoch 17/80 [Train]:  58%|█████▊    | 120/208 [00:04<00:03, 24.71it/s, loss=1.173, acc=78.6%, lr=2.8e-04]
Epoch 17/80 [Train]:  58%|█████▊    | 120/208 [00:04<00:03, 24.71it/s, loss=1.089, acc=78.6%, lr=2.8e-04]
Epoch 17/80 [Train]:  59%|█████▉    | 123/208 [00:04<00:03, 24.95it/s, loss=1.089, acc=78.6%, lr=2.8e-04]
Epoch 17/80 [Train]:  59%|█████▉    | 123/208 [00:04<00:03, 24.95it/s, loss=1.138, acc=78.5%, lr=2.8e-04]
Epoch 17/80 [Train]:  59%|█████▉    | 123/208 [00:04<00:03, 24.95it/s, loss=0.930, acc=78.6%, lr=2.8e-04]
Epoch 17/80 [Train]:  59%|█████▉    | 123/208 [00:05<00:03, 24.95it/s, loss=0.858, acc=78.6%, lr=2.8e-04]
Epoch 17/80 [Train]:  61%|██████    | 126/208 [00:05<00:03, 25.12it/s, loss=0.858, acc=78.6%, lr=2.8e-04]
Epoch 17/80 [Train]:  61%|██████    | 126/208 [00:05<00:03, 25.12it/s, loss=1.185, acc=78.7%, lr=2.8e-04]
Epoch 17/80 [Train]:  61%|██████    | 126/208 [00:05<00:03, 25.12it/s, loss=0.948, acc=78.7%, lr=2.8e-04]
Epoch 17/80 [Train]:  61%|██████    | 126/208 [00:05<00:03, 25.12it/s, loss=1.114, acc=78.7%, lr=2.8e-04]
Epoch 17/80 [Train]:  62%|██████▏   | 129/208 [00:05<00:03, 25.24it/s, loss=1.114, acc=78.7%, lr=2.8e-04]
Epoch 17/80 [Train]:  62%|██████▏   | 129/208 [00:05<00:03, 25.24it/s, loss=0.964, acc=78.7%, lr=2.8e-04]
Epoch 17/80 [Train]:  62%|██████▏   | 129/208 [00:05<00:03, 25.24it/s, loss=1.399, acc=78.7%, lr=2.8e-04]
Epoch 17/80 [Train]:  62%|██████▏   | 129/208 [00:05<00:03, 25.24it/s, loss=0.903, acc=78.8%, lr=2.8e-04]
Epoch 17/80 [Train]:  63%|██████▎   | 132/208 [00:05<00:03, 25.27it/s, loss=0.903, acc=78.8%, lr=2.8e-04]
Epoch 17/80 [Train]:  63%|██████▎   | 132/208 [00:05<00:03, 25.27it/s, loss=1.159, acc=78.7%, lr=2.8e-04]
Epoch 17/80 [Train]:  63%|██████▎   | 132/208 [00:05<00:03, 25.27it/s, loss=1.336, acc=78.7%, lr=2.8e-04]
Epoch 17/80 [Train]:  63%|██████▎   | 132/208 [00:05<00:03, 25.27it/s, loss=1.136, acc=78.6%, lr=2.8e-04]
Epoch 17/80 [Train]:  65%|██████▍   | 135/208 [00:05<00:02, 25.21it/s, loss=1.136, acc=78.6%, lr=2.8e-04]
Epoch 17/80 [Train]:  65%|██████▍   | 135/208 [00:05<00:02, 25.21it/s, loss=0.977, acc=78.7%, lr=2.8e-04]
Epoch 17/80 [Train]:  65%|██████▍   | 135/208 [00:05<00:02, 25.21it/s, loss=1.151, acc=78.6%, lr=2.8e-04]
Epoch 17/80 [Train]:  65%|██████▍   | 135/208 [00:05<00:02, 25.21it/s, loss=0.991, acc=78.6%, lr=2.8e-04]
Epoch 17/80 [Train]:  66%|██████▋   | 138/208 [00:05<00:02, 25.06it/s, loss=0.991, acc=78.6%, lr=2.8e-04]
Epoch 17/80 [Train]:  66%|██████▋   | 138/208 [00:05<00:02, 25.06it/s, loss=0.981, acc=78.7%, lr=2.8e-04]
Epoch 17/80 [Train]:  66%|██████▋   | 138/208 [00:05<00:02, 25.06it/s, loss=1.008, acc=78.7%, lr=2.8e-04]
Epoch 17/80 [Train]:  66%|██████▋   | 138/208 [00:05<00:02, 25.06it/s, loss=1.020, acc=78.7%, lr=2.8e-04]
Epoch 17/80 [Train]:  68%|██████▊   | 141/208 [00:05<00:02, 24.99it/s, loss=1.020, acc=78.7%, lr=2.8e-04]
Epoch 17/80 [Train]:  68%|██████▊   | 141/208 [00:05<00:02, 24.99it/s, loss=0.853, acc=78.7%, lr=2.8e-04]
Epoch 17/80 [Train]:  68%|██████▊   | 141/208 [00:05<00:02, 24.99it/s, loss=1.195, acc=78.7%, lr=2.8e-04]
Epoch 17/80 [Train]:  68%|██████▊   | 141/208 [00:05<00:02, 24.99it/s, loss=1.126, acc=78.7%, lr=2.8e-04]
Epoch 17/80 [Train]:  69%|██████▉   | 144/208 [00:05<00:02, 25.09it/s, loss=1.126, acc=78.7%, lr=2.8e-04]
Epoch 17/80 [Train]:  69%|██████▉   | 144/208 [00:05<00:02, 25.09it/s, loss=1.047, acc=78.7%, lr=2.8e-04]
Epoch 17/80 [Train]:  69%|██████▉   | 144/208 [00:05<00:02, 25.09it/s, loss=1.162, acc=78.6%, lr=2.8e-04]
Epoch 17/80 [Train]:  69%|██████▉   | 144/208 [00:05<00:02, 25.09it/s, loss=0.879, acc=78.7%, lr=2.8e-04]
Epoch 17/80 [Train]:  71%|███████   | 147/208 [00:05<00:02, 25.06it/s, loss=0.879, acc=78.7%, lr=2.8e-04]
Epoch 17/80 [Train]:  71%|███████   | 147/208 [00:05<00:02, 25.06it/s, loss=1.260, acc=78.7%, lr=2.8e-04]
Epoch 17/80 [Train]:  71%|███████   | 147/208 [00:05<00:02, 25.06it/s, loss=1.037, acc=78.7%, lr=2.8e-04]
Epoch 17/80 [Train]:  71%|███████   | 147/208 [00:05<00:02, 25.06it/s, loss=1.076, acc=78.7%, lr=2.8e-04]
Epoch 17/80 [Train]:  72%|███████▏  | 150/208 [00:05<00:02, 25.30it/s, loss=1.076, acc=78.7%, lr=2.8e-04]
Epoch 17/80 [Train]:  72%|███████▏  | 150/208 [00:05<00:02, 25.30it/s, loss=1.141, acc=78.7%, lr=2.8e-04]
Epoch 17/80 [Train]:  72%|███████▏  | 150/208 [00:06<00:02, 25.30it/s, loss=0.928, acc=78.7%, lr=2.8e-04]
Epoch 17/80 [Train]:  72%|███████▏  | 150/208 [00:06<00:02, 25.30it/s, loss=1.099, acc=78.7%, lr=2.8e-04]
Epoch 17/80 [Train]:  74%|███████▎  | 153/208 [00:06<00:02, 25.34it/s, loss=1.099, acc=78.7%, lr=2.8e-04]
Epoch 17/80 [Train]:  74%|███████▎  | 153/208 [00:06<00:02, 25.34it/s, loss=1.055, acc=78.7%, lr=2.8e-04]
Epoch 17/80 [Train]:  74%|███████▎  | 153/208 [00:06<00:02, 25.34it/s, loss=1.009, acc=78.7%, lr=2.8e-04]
Epoch 17/80 [Train]:  74%|███████▎  | 153/208 [00:06<00:02, 25.34it/s, loss=0.994, acc=78.7%, lr=2.8e-04]
Epoch 17/80 [Train]:  75%|███████▌  | 156/208 [00:06<00:02, 25.29it/s, loss=0.994, acc=78.7%, lr=2.8e-04]
Epoch 17/80 [Train]:  75%|███████▌  | 156/208 [00:06<00:02, 25.29it/s, loss=0.991, acc=78.7%, lr=2.8e-04]
Epoch 17/80 [Train]:  75%|███████▌  | 156/208 [00:06<00:02, 25.29it/s, loss=1.145, acc=78.8%, lr=2.8e-04]
Epoch 17/80 [Train]:  75%|███████▌  | 156/208 [00:06<00:02, 25.29it/s, loss=1.068, acc=78.8%, lr=2.8e-04]
Epoch 17/80 [Train]:  76%|███████▋  | 159/208 [00:06<00:01, 25.44it/s, loss=1.068, acc=78.8%, lr=2.8e-04]
Epoch 17/80 [Train]:  76%|███████▋  | 159/208 [00:06<00:01, 25.44it/s, loss=1.234, acc=78.8%, lr=2.8e-04]
Epoch 17/80 [Train]:  76%|███████▋  | 159/208 [00:06<00:01, 25.44it/s, loss=1.209, acc=78.7%, lr=2.8e-04]
Epoch 17/80 [Train]:  76%|███████▋  | 159/208 [00:06<00:01, 25.44it/s, loss=1.216, acc=78.7%, lr=2.8e-04]
Epoch 17/80 [Train]:  78%|███████▊  | 162/208 [00:06<00:01, 25.47it/s, loss=1.216, acc=78.7%, lr=2.8e-04]
Epoch 17/80 [Train]:  78%|███████▊  | 162/208 [00:06<00:01, 25.47it/s, loss=0.842, acc=78.8%, lr=2.8e-04]
Epoch 17/80 [Train]:  78%|███████▊  | 162/208 [00:06<00:01, 25.47it/s, loss=1.044, acc=78.8%, lr=2.8e-04]
Epoch 17/80 [Train]:  78%|███████▊  | 162/208 [00:06<00:01, 25.47it/s, loss=0.955, acc=78.9%, lr=2.8e-04]
Epoch 17/80 [Train]:  79%|███████▉  | 165/208 [00:06<00:01, 25.48it/s, loss=0.955, acc=78.9%, lr=2.8e-04]
Epoch 17/80 [Train]:  79%|███████▉  | 165/208 [00:06<00:01, 25.48it/s, loss=1.377, acc=78.8%, lr=2.8e-04]
Epoch 17/80 [Train]:  79%|███████▉  | 165/208 [00:06<00:01, 25.48it/s, loss=1.179, acc=78.8%, lr=2.8e-04]
Epoch 17/80 [Train]:  79%|███████▉  | 165/208 [00:06<00:01, 25.48it/s, loss=1.052, acc=78.8%, lr=2.8e-04]
Epoch 17/80 [Train]:  81%|████████  | 168/208 [00:06<00:01, 25.42it/s, loss=1.052, acc=78.8%, lr=2.8e-04]
Epoch 17/80 [Train]:  81%|████████  | 168/208 [00:06<00:01, 25.42it/s, loss=1.136, acc=78.8%, lr=2.8e-04]
Epoch 17/80 [Train]:  81%|████████  | 168/208 [00:06<00:01, 25.42it/s, loss=0.942, acc=78.8%, lr=2.8e-04]
Epoch 17/80 [Train]:  81%|████████  | 168/208 [00:06<00:01, 25.42it/s, loss=1.039, acc=78.8%, lr=2.8e-04]
Epoch 17/80 [Train]:  82%|████████▏ | 171/208 [00:06<00:01, 25.36it/s, loss=1.039, acc=78.8%, lr=2.8e-04]
Epoch 17/80 [Train]:  82%|████████▏ | 171/208 [00:06<00:01, 25.36it/s, loss=1.154, acc=78.8%, lr=2.8e-04]
Epoch 17/80 [Train]:  82%|████████▏ | 171/208 [00:06<00:01, 25.36it/s, loss=1.024, acc=78.8%, lr=2.8e-04]
Epoch 17/80 [Train]:  82%|████████▏ | 171/208 [00:06<00:01, 25.36it/s, loss=1.051, acc=78.8%, lr=2.8e-04]
Epoch 17/80 [Train]:  84%|████████▎ | 174/208 [00:06<00:01, 25.44it/s, loss=1.051, acc=78.8%, lr=2.8e-04]
Epoch 17/80 [Train]:  84%|████████▎ | 174/208 [00:06<00:01, 25.44it/s, loss=0.927, acc=78.8%, lr=2.8e-04]
Epoch 17/80 [Train]:  84%|████████▎ | 174/208 [00:06<00:01, 25.44it/s, loss=1.053, acc=78.8%, lr=2.8e-04]
Epoch 17/80 [Train]:  84%|████████▎ | 174/208 [00:07<00:01, 25.44it/s, loss=0.992, acc=78.9%, lr=2.8e-04]
Epoch 17/80 [Train]:  85%|████████▌ | 177/208 [00:07<00:01, 25.47it/s, loss=0.992, acc=78.9%, lr=2.8e-04]
Epoch 17/80 [Train]:  85%|████████▌ | 177/208 [00:07<00:01, 25.47it/s, loss=0.844, acc=78.9%, lr=2.8e-04]
Epoch 17/80 [Train]:  85%|████████▌ | 177/208 [00:07<00:01, 25.47it/s, loss=1.151, acc=78.9%, lr=2.8e-04]
Epoch 17/80 [Train]:  85%|████████▌ | 177/208 [00:07<00:01, 25.47it/s, loss=1.122, acc=78.8%, lr=2.8e-04]
Epoch 17/80 [Train]:  87%|████████▋ | 180/208 [00:07<00:01, 25.63it/s, loss=1.122, acc=78.8%, lr=2.8e-04]
Epoch 17/80 [Train]:  87%|████████▋ | 180/208 [00:07<00:01, 25.63it/s, loss=1.035, acc=78.8%, lr=2.8e-04]
Epoch 17/80 [Train]:  87%|████████▋ | 180/208 [00:07<00:01, 25.63it/s, loss=1.127, acc=78.9%, lr=2.8e-04]
Epoch 17/80 [Train]:  87%|████████▋ | 180/208 [00:07<00:01, 25.63it/s, loss=1.137, acc=78.9%, lr=2.8e-04]
Epoch 17/80 [Train]:  88%|████████▊ | 183/208 [00:07<00:00, 25.53it/s, loss=1.137, acc=78.9%, lr=2.8e-04]
Epoch 17/80 [Train]:  88%|████████▊ | 183/208 [00:07<00:00, 25.53it/s, loss=1.276, acc=78.9%, lr=2.8e-04]
Epoch 17/80 [Train]:  88%|████████▊ | 183/208 [00:07<00:00, 25.53it/s, loss=1.103, acc=78.8%, lr=2.8e-04]
Epoch 17/80 [Train]:  88%|████████▊ | 183/208 [00:07<00:00, 25.53it/s, loss=1.057, acc=78.8%, lr=2.8e-04]
Epoch 17/80 [Train]:  89%|████████▉ | 186/208 [00:07<00:00, 25.50it/s, loss=1.057, acc=78.8%, lr=2.8e-04]
Epoch 17/80 [Train]:  89%|████████▉ | 186/208 [00:07<00:00, 25.50it/s, loss=0.959, acc=78.8%, lr=2.8e-04]
Epoch 17/80 [Train]:  89%|████████▉ | 186/208 [00:07<00:00, 25.50it/s, loss=1.136, acc=78.8%, lr=2.8e-04]
Epoch 17/80 [Train]:  89%|████████▉ | 186/208 [00:07<00:00, 25.50it/s, loss=0.999, acc=78.9%, lr=2.8e-04]
Epoch 17/80 [Train]:  91%|█████████ | 189/208 [00:07<00:00, 25.49it/s, loss=0.999, acc=78.9%, lr=2.8e-04]
Epoch 17/80 [Train]:  91%|█████████ | 189/208 [00:07<00:00, 25.49it/s, loss=1.066, acc=78.8%, lr=2.8e-04]
Epoch 17/80 [Train]:  91%|█████████ | 189/208 [00:07<00:00, 25.49it/s, loss=1.047, acc=78.8%, lr=2.8e-04]
Epoch 17/80 [Train]:  91%|█████████ | 189/208 [00:07<00:00, 25.49it/s, loss=1.272, acc=78.8%, lr=2.8e-04]
Epoch 17/80 [Train]:  92%|█████████▏| 192/208 [00:07<00:00, 25.37it/s, loss=1.272, acc=78.8%, lr=2.8e-04]
Epoch 17/80 [Train]:  92%|█████████▏| 192/208 [00:07<00:00, 25.37it/s, loss=0.947, acc=78.8%, lr=2.8e-04]
Epoch 17/80 [Train]:  92%|█████████▏| 192/208 [00:07<00:00, 25.37it/s, loss=1.058, acc=78.8%, lr=2.8e-04]
Epoch 17/80 [Train]:  92%|█████████▏| 192/208 [00:07<00:00, 25.37it/s, loss=1.119, acc=78.8%, lr=2.8e-04]
Epoch 17/80 [Train]:  94%|█████████▍| 195/208 [00:07<00:00, 25.37it/s, loss=1.119, acc=78.8%, lr=2.8e-04]
Epoch 17/80 [Train]:  94%|█████████▍| 195/208 [00:07<00:00, 25.37it/s, loss=1.027, acc=78.7%, lr=2.8e-04]
Epoch 17/80 [Train]:  94%|█████████▍| 195/208 [00:07<00:00, 25.37it/s, loss=1.181, acc=78.7%, lr=2.8e-04]
Epoch 17/80 [Train]:  94%|█████████▍| 195/208 [00:07<00:00, 25.37it/s, loss=1.266, acc=78.7%, lr=2.8e-04]
Epoch 17/80 [Train]:  95%|█████████▌| 198/208 [00:07<00:00, 25.34it/s, loss=1.266, acc=78.7%, lr=2.8e-04]
Epoch 17/80 [Train]:  95%|█████████▌| 198/208 [00:07<00:00, 25.34it/s, loss=1.093, acc=78.7%, lr=2.8e-04]
Epoch 17/80 [Train]:  95%|█████████▌| 198/208 [00:07<00:00, 25.34it/s, loss=1.272, acc=78.6%, lr=2.8e-04]
Epoch 17/80 [Train]:  95%|█████████▌| 198/208 [00:07<00:00, 25.34it/s, loss=1.035, acc=78.6%, lr=2.8e-04]
Epoch 17/80 [Train]:  97%|█████████▋| 201/208 [00:07<00:00, 24.98it/s, loss=1.035, acc=78.6%, lr=2.8e-04]
Epoch 17/80 [Train]:  97%|█████████▋| 201/208 [00:08<00:00, 24.98it/s, loss=1.104, acc=78.7%, lr=2.8e-04]
Epoch 17/80 [Train]:  97%|█████████▋| 201/208 [00:08<00:00, 24.98it/s, loss=1.212, acc=78.6%, lr=2.8e-04]
Epoch 17/80 [Train]:  97%|█████████▋| 201/208 [00:08<00:00, 24.98it/s, loss=1.149, acc=78.6%, lr=2.8e-04]
Epoch 17/80 [Train]:  98%|█████████▊| 204/208 [00:08<00:00, 25.06it/s, loss=1.149, acc=78.6%, lr=2.8e-04]
Epoch 17/80 [Train]:  98%|█████████▊| 204/208 [00:08<00:00, 25.06it/s, loss=0.973, acc=78.7%, lr=2.8e-04]
Epoch 17/80 [Train]:  98%|█████████▊| 204/208 [00:08<00:00, 25.06it/s, loss=0.975, acc=78.7%, lr=2.8e-04]
Epoch 17/80 [Train]:  98%|█████████▊| 204/208 [00:08<00:00, 25.06it/s, loss=0.866, acc=78.7%, lr=2.8e-04]
Epoch 17/80 [Train]: 100%|█████████▉| 207/208 [00:08<00:00, 25.11it/s, loss=0.866, acc=78.7%, lr=2.8e-04]
Epoch 17/80 [Train]: 100%|█████████▉| 207/208 [00:08<00:00, 25.11it/s, loss=1.052, acc=78.7%, lr=2.8e-04]
Epoch 17/80 [Train]: 100%|██████████| 208/208 [00:08<00:00, 25.29it/s, loss=1.052, acc=78.7%, lr=2.8e-04]

[2026-08-17 01:20:12] [EPOCH 17 SUMMARY]
  Train: Loss = 1.0740 | Top-1 Acc =  78.72%
  Val:   Top-1 Acc =  10.45% | Top-3 =  29.93% | Top-5 =  39.46%
         APL = 11.89 dB | Profile MAE =  2.30 dB (Rank Corr: 0.495)
  Time:  Epoch = 8.2s (Val Eval: 2.0s) | Total Elapsed = 00h:02m:31s | ETA: 00h:09m:22s
  -> [INFO] No improvement for 9/12 epochs (Best: 15.65%)

[2026-08-17 01:20:12] >>> [EPOCH 18/80] Training Started <<<

Epoch 18/80 [Train]:   0%|          | 0/208 [00:00<?, ?it/s]
Epoch 18/80 [Train]:   0%|          | 0/208 [00:00<?, ?it/s, loss=0.953, acc=90.6%, lr=2.8e-04]
Epoch 18/80 [Train]:   0%|          | 0/208 [00:00<?, ?it/s, loss=0.927, acc=89.1%, lr=2.8e-04]
Epoch 18/80 [Train]:   0%|          | 0/208 [00:00<?, ?it/s, loss=1.199, acc=84.4%, lr=2.8e-04]
Epoch 18/80 [Train]:   1%|▏         | 3/208 [00:00<00:07, 26.16it/s, loss=1.199, acc=84.4%, lr=2.8e-04]
Epoch 18/80 [Train]:   1%|▏         | 3/208 [00:00<00:07, 26.16it/s, loss=0.998, acc=82.8%, lr=2.8e-04]
Epoch 18/80 [Train]:   1%|▏         | 3/208 [00:00<00:07, 26.16it/s, loss=1.007, acc=83.1%, lr=2.8e-04]
Epoch 18/80 [Train]:   1%|▏         | 3/208 [00:00<00:07, 26.16it/s, loss=1.531, acc=81.5%, lr=2.8e-04]
Epoch 18/80 [Train]:   3%|▎         | 6/208 [00:00<00:07, 25.87it/s, loss=1.531, acc=81.5%, lr=2.8e-04]
Epoch 18/80 [Train]:   3%|▎         | 6/208 [00:00<00:07, 25.87it/s, loss=0.889, acc=82.8%, lr=2.8e-04]
Epoch 18/80 [Train]:   3%|▎         | 6/208 [00:00<00:07, 25.87it/s, loss=0.955, acc=82.8%, lr=2.8e-04]
Epoch 18/80 [Train]:   3%|▎         | 6/208 [00:00<00:07, 25.87it/s, loss=0.854, acc=82.3%, lr=2.8e-04]
Epoch 18/80 [Train]:   4%|▍         | 9/208 [00:00<00:07, 25.54it/s, loss=0.854, acc=82.3%, lr=2.8e-04]
Epoch 18/80 [Train]:   4%|▍         | 9/208 [00:00<00:07, 25.54it/s, loss=1.050, acc=81.7%, lr=2.8e-04]
Epoch 18/80 [Train]:   4%|▍         | 9/208 [00:00<00:07, 25.54it/s, loss=1.042, acc=81.5%, lr=2.8e-04]
Epoch 18/80 [Train]:   4%|▍         | 9/208 [00:00<00:07, 25.54it/s, loss=0.806, acc=82.0%, lr=2.8e-04]
Epoch 18/80 [Train]:   6%|▌         | 12/208 [00:00<00:07, 25.55it/s, loss=0.806, acc=82.0%, lr=2.8e-04]
Epoch 18/80 [Train]:   6%|▌         | 12/208 [00:00<00:07, 25.55it/s, loss=1.169, acc=81.4%, lr=2.8e-04]
Epoch 18/80 [Train]:   6%|▌         | 12/208 [00:00<00:07, 25.55it/s, loss=1.008, acc=81.4%, lr=2.8e-04]
Epoch 18/80 [Train]:   6%|▌         | 12/208 [00:00<00:07, 25.55it/s, loss=1.178, acc=81.2%, lr=2.8e-04]
Epoch 18/80 [Train]:   7%|▋         | 15/208 [00:00<00:07, 25.45it/s, loss=1.178, acc=81.2%, lr=2.8e-04]
Epoch 18/80 [Train]:   7%|▋         | 15/208 [00:00<00:07, 25.45it/s, loss=0.905, acc=81.2%, lr=2.8e-04]
Epoch 18/80 [Train]:   7%|▋         | 15/208 [00:00<00:07, 25.45it/s, loss=1.062, acc=81.2%, lr=2.8e-04]
Epoch 18/80 [Train]:   7%|▋         | 15/208 [00:00<00:07, 25.45it/s, loss=1.136, acc=81.2%, lr=2.8e-04]
Epoch 18/80 [Train]:   9%|▊         | 18/208 [00:00<00:07, 25.61it/s, loss=1.136, acc=81.2%, lr=2.8e-04]
Epoch 18/80 [Train]:   9%|▊         | 18/208 [00:00<00:07, 25.61it/s, loss=0.816, acc=81.8%, lr=2.8e-04]
Epoch 18/80 [Train]:   9%|▊         | 18/208 [00:00<00:07, 25.61it/s, loss=1.311, acc=81.2%, lr=2.8e-04]
Epoch 18/80 [Train]:   9%|▊         | 18/208 [00:00<00:07, 25.61it/s, loss=1.047, acc=81.2%, lr=2.8e-04]
Epoch 18/80 [Train]:  10%|█         | 21/208 [00:00<00:07, 25.59it/s, loss=1.047, acc=81.2%, lr=2.8e-04]
Epoch 18/80 [Train]:  10%|█         | 21/208 [00:00<00:07, 25.59it/s, loss=0.952, acc=81.2%, lr=2.8e-04]
Epoch 18/80 [Train]:  10%|█         | 21/208 [00:00<00:07, 25.59it/s, loss=0.959, acc=81.2%, lr=2.8e-04]
Epoch 18/80 [Train]:  10%|█         | 21/208 [00:00<00:07, 25.59it/s, loss=0.999, acc=81.4%, lr=2.8e-04]
Epoch 18/80 [Train]:  12%|█▏        | 24/208 [00:00<00:07, 25.50it/s, loss=0.999, acc=81.4%, lr=2.8e-04]
Epoch 18/80 [Train]:  12%|█▏        | 24/208 [00:00<00:07, 25.50it/s, loss=1.058, acc=81.4%, lr=2.8e-04]
Epoch 18/80 [Train]:  12%|█▏        | 24/208 [00:01<00:07, 25.50it/s, loss=0.990, acc=81.5%, lr=2.8e-04]
Epoch 18/80 [Train]:  12%|█▏        | 24/208 [00:01<00:07, 25.50it/s, loss=0.974, acc=81.5%, lr=2.8e-04]
Epoch 18/80 [Train]:  13%|█▎        | 27/208 [00:01<00:07, 25.51it/s, loss=0.974, acc=81.5%, lr=2.8e-04]
Epoch 18/80 [Train]:  13%|█▎        | 27/208 [00:01<00:07, 25.51it/s, loss=0.905, acc=81.5%, lr=2.8e-04]
Epoch 18/80 [Train]:  13%|█▎        | 27/208 [00:01<00:07, 25.51it/s, loss=0.992, acc=81.6%, lr=2.8e-04]
Epoch 18/80 [Train]:  13%|█▎        | 27/208 [00:01<00:07, 25.51it/s, loss=0.945, acc=81.7%, lr=2.8e-04]
Epoch 18/80 [Train]:  14%|█▍        | 30/208 [00:01<00:07, 25.39it/s, loss=0.945, acc=81.7%, lr=2.8e-04]
Epoch 18/80 [Train]:  14%|█▍        | 30/208 [00:01<00:07, 25.39it/s, loss=1.029, acc=81.5%, lr=2.8e-04]
Epoch 18/80 [Train]:  14%|█▍        | 30/208 [00:01<00:07, 25.39it/s, loss=1.003, acc=81.5%, lr=2.8e-04]
Epoch 18/80 [Train]:  14%|█▍        | 30/208 [00:01<00:07, 25.39it/s, loss=1.094, acc=81.5%, lr=2.8e-04]
Epoch 18/80 [Train]:  16%|█▌        | 33/208 [00:01<00:06, 25.49it/s, loss=1.094, acc=81.5%, lr=2.8e-04]
Epoch 18/80 [Train]:  16%|█▌        | 33/208 [00:01<00:06, 25.49it/s, loss=1.150, acc=81.3%, lr=2.8e-04]
Epoch 18/80 [Train]:  16%|█▌        | 33/208 [00:01<00:06, 25.49it/s, loss=1.159, acc=80.8%, lr=2.8e-04]
Epoch 18/80 [Train]:  16%|█▌        | 33/208 [00:01<00:06, 25.49it/s, loss=1.318, acc=80.6%, lr=2.8e-04]
Epoch 18/80 [Train]:  17%|█▋        | 36/208 [00:01<00:06, 25.25it/s, loss=1.318, acc=80.6%, lr=2.8e-04]
Epoch 18/80 [Train]:  17%|█▋        | 36/208 [00:01<00:06, 25.25it/s, loss=1.099, acc=80.6%, lr=2.8e-04]
Epoch 18/80 [Train]:  17%|█▋        | 36/208 [00:01<00:06, 25.25it/s, loss=0.961, acc=80.7%, lr=2.8e-04]
Epoch 18/80 [Train]:  17%|█▋        | 36/208 [00:01<00:06, 25.25it/s, loss=0.978, acc=80.8%, lr=2.8e-04]
Epoch 18/80 [Train]:  19%|█▉        | 39/208 [00:01<00:06, 24.55it/s, loss=0.978, acc=80.8%, lr=2.8e-04]
Epoch 18/80 [Train]:  19%|█▉        | 39/208 [00:01<00:06, 24.55it/s, loss=1.170, acc=80.6%, lr=2.8e-04]
Epoch 18/80 [Train]:  19%|█▉        | 39/208 [00:01<00:06, 24.55it/s, loss=1.062, acc=80.5%, lr=2.8e-04]
Epoch 18/80 [Train]:  19%|█▉        | 39/208 [00:01<00:06, 24.55it/s, loss=1.114, acc=80.4%, lr=2.8e-04]
Epoch 18/80 [Train]:  20%|██        | 42/208 [00:01<00:06, 24.80it/s, loss=1.114, acc=80.4%, lr=2.8e-04]
Epoch 18/80 [Train]:  20%|██        | 42/208 [00:01<00:06, 24.80it/s, loss=1.072, acc=80.2%, lr=2.8e-04]
Epoch 18/80 [Train]:  20%|██        | 42/208 [00:01<00:06, 24.80it/s, loss=1.046, acc=80.4%, lr=2.8e-04]
Epoch 18/80 [Train]:  20%|██        | 42/208 [00:01<00:06, 24.80it/s, loss=0.820, acc=80.3%, lr=2.8e-04]
Epoch 18/80 [Train]:  22%|██▏       | 45/208 [00:01<00:06, 25.03it/s, loss=0.820, acc=80.3%, lr=2.8e-04]
Epoch 18/80 [Train]:  22%|██▏       | 45/208 [00:01<00:06, 25.03it/s, loss=0.858, acc=80.5%, lr=2.8e-04]
Epoch 18/80 [Train]:  22%|██▏       | 45/208 [00:01<00:06, 25.03it/s, loss=1.249, acc=80.5%, lr=2.8e-04]
Epoch 18/80 [Train]:  22%|██▏       | 45/208 [00:01<00:06, 25.03it/s, loss=0.932, acc=80.5%, lr=2.8e-04]
Epoch 18/80 [Train]:  23%|██▎       | 48/208 [00:01<00:06, 25.37it/s, loss=0.932, acc=80.5%, lr=2.8e-04]
Epoch 18/80 [Train]:  23%|██▎       | 48/208 [00:01<00:06, 25.37it/s, loss=1.010, acc=80.5%, lr=2.8e-04]
Epoch 18/80 [Train]:  23%|██▎       | 48/208 [00:01<00:06, 25.37it/s, loss=1.006, acc=80.4%, lr=2.8e-04]
Epoch 18/80 [Train]:  23%|██▎       | 48/208 [00:02<00:06, 25.37it/s, loss=1.010, acc=80.5%, lr=2.8e-04]
Epoch 18/80 [Train]:  25%|██▍       | 51/208 [00:02<00:06, 25.44it/s, loss=1.010, acc=80.5%, lr=2.8e-04]
Epoch 18/80 [Train]:  25%|██▍       | 51/208 [00:02<00:06, 25.44it/s, loss=1.054, acc=80.5%, lr=2.8e-04]
Epoch 18/80 [Train]:  25%|██▍       | 51/208 [00:02<00:06, 25.44it/s, loss=0.976, acc=80.5%, lr=2.8e-04]
Epoch 18/80 [Train]:  25%|██▍       | 51/208 [00:02<00:06, 25.44it/s, loss=0.936, acc=80.6%, lr=2.8e-04]
Epoch 18/80 [Train]:  26%|██▌       | 54/208 [00:02<00:06, 25.26it/s, loss=0.936, acc=80.6%, lr=2.8e-04]
Epoch 18/80 [Train]:  26%|██▌       | 54/208 [00:02<00:06, 25.26it/s, loss=0.981, acc=80.6%, lr=2.8e-04]
Epoch 18/80 [Train]:  26%|██▌       | 54/208 [00:02<00:06, 25.26it/s, loss=1.299, acc=80.5%, lr=2.8e-04]
Epoch 18/80 [Train]:  26%|██▌       | 54/208 [00:02<00:06, 25.26it/s, loss=1.016, acc=80.5%, lr=2.8e-04]
Epoch 18/80 [Train]:  27%|██▋       | 57/208 [00:02<00:06, 25.15it/s, loss=1.016, acc=80.5%, lr=2.8e-04]
Epoch 18/80 [Train]:  27%|██▋       | 57/208 [00:02<00:06, 25.15it/s, loss=1.064, acc=80.6%, lr=2.8e-04]
Epoch 18/80 [Train]:  27%|██▋       | 57/208 [00:02<00:06, 25.15it/s, loss=1.130, acc=80.6%, lr=2.8e-04]
Epoch 18/80 [Train]:  27%|██▋       | 57/208 [00:02<00:06, 25.15it/s, loss=1.019, acc=80.5%, lr=2.8e-04]
Epoch 18/80 [Train]:  29%|██▉       | 60/208 [00:02<00:05, 25.18it/s, loss=1.019, acc=80.5%, lr=2.8e-04]
Epoch 18/80 [Train]:  29%|██▉       | 60/208 [00:02<00:05, 25.18it/s, loss=1.221, acc=80.2%, lr=2.8e-04]
Epoch 18/80 [Train]:  29%|██▉       | 60/208 [00:02<00:05, 25.18it/s, loss=1.062, acc=80.1%, lr=2.8e-04]
Epoch 18/80 [Train]:  29%|██▉       | 60/208 [00:02<00:05, 25.18it/s, loss=1.137, acc=80.1%, lr=2.8e-04]
Epoch 18/80 [Train]:  30%|███       | 63/208 [00:02<00:05, 25.26it/s, loss=1.137, acc=80.1%, lr=2.8e-04]
Epoch 18/80 [Train]:  30%|███       | 63/208 [00:02<00:05, 25.26it/s, loss=1.043, acc=80.2%, lr=2.8e-04]
Epoch 18/80 [Train]:  30%|███       | 63/208 [00:02<00:05, 25.26it/s, loss=1.051, acc=80.0%, lr=2.8e-04]
Epoch 18/80 [Train]:  30%|███       | 63/208 [00:02<00:05, 25.26it/s, loss=1.060, acc=80.0%, lr=2.8e-04]
Epoch 18/80 [Train]:  32%|███▏      | 66/208 [00:02<00:05, 25.30it/s, loss=1.060, acc=80.0%, lr=2.8e-04]
Epoch 18/80 [Train]:  32%|███▏      | 66/208 [00:02<00:05, 25.30it/s, loss=1.180, acc=79.9%, lr=2.8e-04]
Epoch 18/80 [Train]:  32%|███▏      | 66/208 [00:02<00:05, 25.30it/s, loss=0.958, acc=80.1%, lr=2.8e-04]
Epoch 18/80 [Train]:  32%|███▏      | 66/208 [00:02<00:05, 25.30it/s, loss=0.895, acc=80.0%, lr=2.8e-04]
Epoch 18/80 [Train]:  33%|███▎      | 69/208 [00:02<00:05, 25.37it/s, loss=0.895, acc=80.0%, lr=2.8e-04]
Epoch 18/80 [Train]:  33%|███▎      | 69/208 [00:02<00:05, 25.37it/s, loss=1.166, acc=80.0%, lr=2.8e-04]
Epoch 18/80 [Train]:  33%|███▎      | 69/208 [00:02<00:05, 25.37it/s, loss=1.044, acc=80.0%, lr=2.8e-04]
Epoch 18/80 [Train]:  33%|███▎      | 69/208 [00:02<00:05, 25.37it/s, loss=1.240, acc=80.0%, lr=2.8e-04]
Epoch 18/80 [Train]:  35%|███▍      | 72/208 [00:02<00:05, 25.46it/s, loss=1.240, acc=80.0%, lr=2.8e-04]
Epoch 18/80 [Train]:  35%|███▍      | 72/208 [00:02<00:05, 25.46it/s, loss=1.029, acc=80.1%, lr=2.8e-04]
Epoch 18/80 [Train]:  35%|███▍      | 72/208 [00:02<00:05, 25.46it/s, loss=1.001, acc=80.0%, lr=2.8e-04]
Epoch 18/80 [Train]:  35%|███▍      | 72/208 [00:02<00:05, 25.46it/s, loss=1.028, acc=80.1%, lr=2.8e-04]
Epoch 18/80 [Train]:  36%|███▌      | 75/208 [00:02<00:05, 25.37it/s, loss=1.028, acc=80.1%, lr=2.8e-04]
Epoch 18/80 [Train]:  36%|███▌      | 75/208 [00:03<00:05, 25.37it/s, loss=1.280, acc=80.1%, lr=2.8e-04]
Epoch 18/80 [Train]:  36%|███▌      | 75/208 [00:03<00:05, 25.37it/s, loss=1.070, acc=80.1%, lr=2.8e-04]
Epoch 18/80 [Train]:  36%|███▌      | 75/208 [00:03<00:05, 25.37it/s, loss=1.037, acc=80.1%, lr=2.8e-04]
Epoch 18/80 [Train]:  38%|███▊      | 78/208 [00:03<00:05, 25.44it/s, loss=1.037, acc=80.1%, lr=2.8e-04]
Epoch 18/80 [Train]:  38%|███▊      | 78/208 [00:03<00:05, 25.44it/s, loss=1.013, acc=80.1%, lr=2.8e-04]
Epoch 18/80 [Train]:  38%|███▊      | 78/208 [00:03<00:05, 25.44it/s, loss=1.069, acc=80.1%, lr=2.8e-04]
Epoch 18/80 [Train]:  38%|███▊      | 78/208 [00:03<00:05, 25.44it/s, loss=1.062, acc=80.1%, lr=2.8e-04]
Epoch 18/80 [Train]:  39%|███▉      | 81/208 [00:03<00:05, 25.35it/s, loss=1.062, acc=80.1%, lr=2.8e-04]
Epoch 18/80 [Train]:  39%|███▉      | 81/208 [00:03<00:05, 25.35it/s, loss=1.073, acc=80.1%, lr=2.8e-04]
Epoch 18/80 [Train]:  39%|███▉      | 81/208 [00:03<00:05, 25.35it/s, loss=1.127, acc=80.1%, lr=2.8e-04]
Epoch 18/80 [Train]:  39%|███▉      | 81/208 [00:03<00:05, 25.35it/s, loss=1.008, acc=80.1%, lr=2.8e-04]
Epoch 18/80 [Train]:  40%|████      | 84/208 [00:03<00:04, 25.03it/s, loss=1.008, acc=80.1%, lr=2.8e-04]
Epoch 18/80 [Train]:  40%|████      | 84/208 [00:03<00:04, 25.03it/s, loss=1.173, acc=80.1%, lr=2.8e-04]
Epoch 18/80 [Train]:  40%|████      | 84/208 [00:03<00:04, 25.03it/s, loss=1.003, acc=80.2%, lr=2.8e-04]
Epoch 18/80 [Train]:  40%|████      | 84/208 [00:03<00:04, 25.03it/s, loss=0.992, acc=80.1%, lr=2.8e-04]
Epoch 18/80 [Train]:  42%|████▏     | 87/208 [00:03<00:04, 25.08it/s, loss=0.992, acc=80.1%, lr=2.8e-04]
Epoch 18/80 [Train]:  42%|████▏     | 87/208 [00:03<00:04, 25.08it/s, loss=1.083, acc=80.1%, lr=2.8e-04]
Epoch 18/80 [Train]:  42%|████▏     | 87/208 [00:03<00:04, 25.08it/s, loss=0.813, acc=80.2%, lr=2.8e-04]
Epoch 18/80 [Train]:  42%|████▏     | 87/208 [00:03<00:04, 25.08it/s, loss=1.125, acc=80.2%, lr=2.8e-04]
Epoch 18/80 [Train]:  43%|████▎     | 90/208 [00:03<00:04, 24.86it/s, loss=1.125, acc=80.2%, lr=2.8e-04]
Epoch 18/80 [Train]:  43%|████▎     | 90/208 [00:03<00:04, 24.86it/s, loss=1.042, acc=80.2%, lr=2.8e-04]
Epoch 18/80 [Train]:  43%|████▎     | 90/208 [00:03<00:04, 24.86it/s, loss=0.851, acc=80.2%, lr=2.8e-04]
Epoch 18/80 [Train]:  43%|████▎     | 90/208 [00:03<00:04, 24.86it/s, loss=1.032, acc=80.3%, lr=2.8e-04]
Epoch 18/80 [Train]:  45%|████▍     | 93/208 [00:03<00:04, 24.89it/s, loss=1.032, acc=80.3%, lr=2.8e-04]
Epoch 18/80 [Train]:  45%|████▍     | 93/208 [00:03<00:04, 24.89it/s, loss=1.073, acc=80.3%, lr=2.8e-04]
Epoch 18/80 [Train]:  45%|████▍     | 93/208 [00:03<00:04, 24.89it/s, loss=1.133, acc=80.2%, lr=2.8e-04]
Epoch 18/80 [Train]:  45%|████▍     | 93/208 [00:03<00:04, 24.89it/s, loss=0.927, acc=80.1%, lr=2.8e-04]
Epoch 18/80 [Train]:  46%|████▌     | 96/208 [00:03<00:04, 25.14it/s, loss=0.927, acc=80.1%, lr=2.8e-04]
Epoch 18/80 [Train]:  46%|████▌     | 96/208 [00:03<00:04, 25.14it/s, loss=1.106, acc=80.1%, lr=2.8e-04]
Epoch 18/80 [Train]:  46%|████▌     | 96/208 [00:03<00:04, 25.14it/s, loss=1.138, acc=80.0%, lr=2.8e-04]
Epoch 18/80 [Train]:  46%|████▌     | 96/208 [00:03<00:04, 25.14it/s, loss=1.117, acc=80.0%, lr=2.8e-04]
Epoch 18/80 [Train]:  48%|████▊     | 99/208 [00:03<00:04, 25.31it/s, loss=1.117, acc=80.0%, lr=2.8e-04]
Epoch 18/80 [Train]:  48%|████▊     | 99/208 [00:03<00:04, 25.31it/s, loss=1.007, acc=80.0%, lr=2.8e-04]
Epoch 18/80 [Train]:  48%|████▊     | 99/208 [00:03<00:04, 25.31it/s, loss=1.037, acc=80.0%, lr=2.8e-04]
Epoch 18/80 [Train]:  48%|████▊     | 99/208 [00:04<00:04, 25.31it/s, loss=1.060, acc=79.9%, lr=2.8e-04]
Epoch 18/80 [Train]:  49%|████▉     | 102/208 [00:04<00:04, 25.55it/s, loss=1.060, acc=79.9%, lr=2.8e-04]
Epoch 18/80 [Train]:  49%|████▉     | 102/208 [00:04<00:04, 25.55it/s, loss=0.930, acc=79.9%, lr=2.8e-04]
Epoch 18/80 [Train]:  49%|████▉     | 102/208 [00:04<00:04, 25.55it/s, loss=1.143, acc=79.9%, lr=2.8e-04]
Epoch 18/80 [Train]:  49%|████▉     | 102/208 [00:04<00:04, 25.55it/s, loss=0.952, acc=79.9%, lr=2.8e-04]
Epoch 18/80 [Train]:  50%|█████     | 105/208 [00:04<00:04, 25.51it/s, loss=0.952, acc=79.9%, lr=2.8e-04]
Epoch 18/80 [Train]:  50%|█████     | 105/208 [00:04<00:04, 25.51it/s, loss=0.969, acc=80.0%, lr=2.8e-04]
Epoch 18/80 [Train]:  50%|█████     | 105/208 [00:04<00:04, 25.51it/s, loss=0.895, acc=80.0%, lr=2.8e-04]
Epoch 18/80 [Train]:  50%|█████     | 105/208 [00:04<00:04, 25.51it/s, loss=1.024, acc=79.9%, lr=2.8e-04]
Epoch 18/80 [Train]:  52%|█████▏    | 108/208 [00:04<00:03, 25.40it/s, loss=1.024, acc=79.9%, lr=2.8e-04]
Epoch 18/80 [Train]:  52%|█████▏    | 108/208 [00:04<00:03, 25.40it/s, loss=1.018, acc=80.0%, lr=2.8e-04]
Epoch 18/80 [Train]:  52%|█████▏    | 108/208 [00:04<00:03, 25.40it/s, loss=1.012, acc=80.0%, lr=2.8e-04]
Epoch 18/80 [Train]:  52%|█████▏    | 108/208 [00:04<00:03, 25.40it/s, loss=1.156, acc=79.9%, lr=2.8e-04]
Epoch 18/80 [Train]:  53%|█████▎    | 111/208 [00:04<00:03, 25.40it/s, loss=1.156, acc=79.9%, lr=2.8e-04]
Epoch 18/80 [Train]:  53%|█████▎    | 111/208 [00:04<00:03, 25.40it/s, loss=1.066, acc=79.9%, lr=2.8e-04]
Epoch 18/80 [Train]:  53%|█████▎    | 111/208 [00:04<00:03, 25.40it/s, loss=0.996, acc=79.9%, lr=2.8e-04]
Epoch 18/80 [Train]:  53%|█████▎    | 111/208 [00:04<00:03, 25.40it/s, loss=0.990, acc=79.9%, lr=2.8e-04]
Epoch 18/80 [Train]:  55%|█████▍    | 114/208 [00:04<00:03, 25.44it/s, loss=0.990, acc=79.9%, lr=2.8e-04]
Epoch 18/80 [Train]:  55%|█████▍    | 114/208 [00:04<00:03, 25.44it/s, loss=1.194, acc=79.9%, lr=2.8e-04]
Epoch 18/80 [Train]:  55%|█████▍    | 114/208 [00:04<00:03, 25.44it/s, loss=1.119, acc=79.8%, lr=2.8e-04]
Epoch 18/80 [Train]:  55%|█████▍    | 114/208 [00:04<00:03, 25.44it/s, loss=1.196, acc=79.8%, lr=2.8e-04]
Epoch 18/80 [Train]:  56%|█████▋    | 117/208 [00:04<00:03, 25.61it/s, loss=1.196, acc=79.8%, lr=2.8e-04]
Epoch 18/80 [Train]:  56%|█████▋    | 117/208 [00:04<00:03, 25.61it/s, loss=1.141, acc=79.9%, lr=2.8e-04]
Epoch 18/80 [Train]:  56%|█████▋    | 117/208 [00:04<00:03, 25.61it/s, loss=1.032, acc=79.8%, lr=2.8e-04]
Epoch 18/80 [Train]:  56%|█████▋    | 117/208 [00:04<00:03, 25.61it/s, loss=1.064, acc=79.8%, lr=2.8e-04]
Epoch 18/80 [Train]:  58%|█████▊    | 120/208 [00:04<00:03, 25.48it/s, loss=1.064, acc=79.8%, lr=2.8e-04]
Epoch 18/80 [Train]:  58%|█████▊    | 120/208 [00:04<00:03, 25.48it/s, loss=1.069, acc=79.8%, lr=2.8e-04]
Epoch 18/80 [Train]:  58%|█████▊    | 120/208 [00:04<00:03, 25.48it/s, loss=0.870, acc=79.8%, lr=2.8e-04]
Epoch 18/80 [Train]:  58%|█████▊    | 120/208 [00:04<00:03, 25.48it/s, loss=0.996, acc=79.8%, lr=2.8e-04]
Epoch 18/80 [Train]:  59%|█████▉    | 123/208 [00:04<00:03, 25.43it/s, loss=0.996, acc=79.8%, lr=2.8e-04]
Epoch 18/80 [Train]:  59%|█████▉    | 123/208 [00:04<00:03, 25.43it/s, loss=0.852, acc=79.9%, lr=2.8e-04]
Epoch 18/80 [Train]:  59%|█████▉    | 123/208 [00:04<00:03, 25.43it/s, loss=1.257, acc=79.8%, lr=2.8e-04]
Epoch 18/80 [Train]:  59%|█████▉    | 123/208 [00:04<00:03, 25.43it/s, loss=0.945, acc=79.8%, lr=2.8e-04]
Epoch 18/80 [Train]:  61%|██████    | 126/208 [00:04<00:03, 25.62it/s, loss=0.945, acc=79.8%, lr=2.8e-04]
Epoch 18/80 [Train]:  61%|██████    | 126/208 [00:05<00:03, 25.62it/s, loss=1.062, acc=79.8%, lr=2.8e-04]
Epoch 18/80 [Train]:  61%|██████    | 126/208 [00:05<00:03, 25.62it/s, loss=0.993, acc=79.9%, lr=2.8e-04]
Epoch 18/80 [Train]:  61%|██████    | 126/208 [00:05<00:03, 25.62it/s, loss=1.013, acc=79.9%, lr=2.8e-04]
Epoch 18/80 [Train]:  62%|██████▏   | 129/208 [00:05<00:03, 25.28it/s, loss=1.013, acc=79.9%, lr=2.8e-04]
Epoch 18/80 [Train]:  62%|██████▏   | 129/208 [00:05<00:03, 25.28it/s, loss=0.900, acc=79.9%, lr=2.8e-04]
Epoch 18/80 [Train]:  62%|██████▏   | 129/208 [00:05<00:03, 25.28it/s, loss=0.960, acc=79.9%, lr=2.8e-04]
Epoch 18/80 [Train]:  62%|██████▏   | 129/208 [00:05<00:03, 25.28it/s, loss=0.975, acc=79.9%, lr=2.8e-04]
Epoch 18/80 [Train]:  63%|██████▎   | 132/208 [00:05<00:03, 25.29it/s, loss=0.975, acc=79.9%, lr=2.8e-04]
Epoch 18/80 [Train]:  63%|██████▎   | 132/208 [00:05<00:03, 25.29it/s, loss=1.174, acc=79.8%, lr=2.8e-04]
Epoch 18/80 [Train]:  63%|██████▎   | 132/208 [00:05<00:03, 25.29it/s, loss=0.891, acc=79.9%, lr=2.8e-04]
Epoch 18/80 [Train]:  63%|██████▎   | 132/208 [00:05<00:03, 25.29it/s, loss=0.987, acc=79.9%, lr=2.8e-04]
Epoch 18/80 [Train]:  65%|██████▍   | 135/208 [00:05<00:02, 25.23it/s, loss=0.987, acc=79.9%, lr=2.8e-04]
Epoch 18/80 [Train]:  65%|██████▍   | 135/208 [00:05<00:02, 25.23it/s, loss=1.024, acc=79.9%, lr=2.8e-04]
Epoch 18/80 [Train]:  65%|██████▍   | 135/208 [00:05<00:02, 25.23it/s, loss=1.033, acc=79.9%, lr=2.8e-04]
Epoch 18/80 [Train]:  65%|██████▍   | 135/208 [00:05<00:02, 25.23it/s, loss=1.040, acc=79.9%, lr=2.8e-04]
Epoch 18/80 [Train]:  66%|██████▋   | 138/208 [00:05<00:02, 25.26it/s, loss=1.040, acc=79.9%, lr=2.8e-04]
Epoch 18/80 [Train]:  66%|██████▋   | 138/208 [00:05<00:02, 25.26it/s, loss=1.213, acc=79.8%, lr=2.8e-04]
Epoch 18/80 [Train]:  66%|██████▋   | 138/208 [00:05<00:02, 25.26it/s, loss=0.940, acc=79.9%, lr=2.8e-04]
Epoch 18/80 [Train]:  66%|██████▋   | 138/208 [00:05<00:02, 25.26it/s, loss=1.010, acc=79.8%, lr=2.8e-04]
Epoch 18/80 [Train]:  68%|██████▊   | 141/208 [00:05<00:02, 25.11it/s, loss=1.010, acc=79.8%, lr=2.8e-04]
Epoch 18/80 [Train]:  68%|██████▊   | 141/208 [00:05<00:02, 25.11it/s, loss=0.989, acc=79.8%, lr=2.8e-04]
Epoch 18/80 [Train]:  68%|██████▊   | 141/208 [00:05<00:02, 25.11it/s, loss=1.067, acc=79.8%, lr=2.8e-04]
Epoch 18/80 [Train]:  68%|██████▊   | 141/208 [00:05<00:02, 25.11it/s, loss=1.229, acc=79.8%, lr=2.8e-04]
Epoch 18/80 [Train]:  69%|██████▉   | 144/208 [00:05<00:02, 25.20it/s, loss=1.229, acc=79.8%, lr=2.8e-04]
Epoch 18/80 [Train]:  69%|██████▉   | 144/208 [00:05<00:02, 25.20it/s, loss=1.038, acc=79.7%, lr=2.8e-04]
Epoch 18/80 [Train]:  69%|██████▉   | 144/208 [00:05<00:02, 25.20it/s, loss=1.042, acc=79.7%, lr=2.8e-04]
Epoch 18/80 [Train]:  69%|██████▉   | 144/208 [00:05<00:02, 25.20it/s, loss=1.216, acc=79.6%, lr=2.8e-04]
Epoch 18/80 [Train]:  71%|███████   | 147/208 [00:05<00:02, 25.21it/s, loss=1.216, acc=79.6%, lr=2.8e-04]
Epoch 18/80 [Train]:  71%|███████   | 147/208 [00:05<00:02, 25.21it/s, loss=1.082, acc=79.6%, lr=2.8e-04]
Epoch 18/80 [Train]:  71%|███████   | 147/208 [00:05<00:02, 25.21it/s, loss=1.283, acc=79.6%, lr=2.8e-04]
Epoch 18/80 [Train]:  71%|███████   | 147/208 [00:05<00:02, 25.21it/s, loss=0.933, acc=79.5%, lr=2.8e-04]
Epoch 18/80 [Train]:  72%|███████▏  | 150/208 [00:05<00:02, 25.34it/s, loss=0.933, acc=79.5%, lr=2.8e-04]
Epoch 18/80 [Train]:  72%|███████▏  | 150/208 [00:05<00:02, 25.34it/s, loss=0.980, acc=79.5%, lr=2.8e-04]
Epoch 18/80 [Train]:  72%|███████▏  | 150/208 [00:06<00:02, 25.34it/s, loss=0.894, acc=79.5%, lr=2.8e-04]
Epoch 18/80 [Train]:  72%|███████▏  | 150/208 [00:06<00:02, 25.34it/s, loss=1.040, acc=79.5%, lr=2.8e-04]
Epoch 18/80 [Train]:  74%|███████▎  | 153/208 [00:06<00:02, 25.14it/s, loss=1.040, acc=79.5%, lr=2.8e-04]
Epoch 18/80 [Train]:  74%|███████▎  | 153/208 [00:06<00:02, 25.14it/s, loss=1.083, acc=79.5%, lr=2.8e-04]
Epoch 18/80 [Train]:  74%|███████▎  | 153/208 [00:06<00:02, 25.14it/s, loss=0.963, acc=79.5%, lr=2.8e-04]
Epoch 18/80 [Train]:  74%|███████▎  | 153/208 [00:06<00:02, 25.14it/s, loss=0.867, acc=79.5%, lr=2.8e-04]
Epoch 18/80 [Train]:  75%|███████▌  | 156/208 [00:06<00:02, 25.27it/s, loss=0.867, acc=79.5%, lr=2.8e-04]
Epoch 18/80 [Train]:  75%|███████▌  | 156/208 [00:06<00:02, 25.27it/s, loss=0.983, acc=79.5%, lr=2.8e-04]
Epoch 18/80 [Train]:  75%|███████▌  | 156/208 [00:06<00:02, 25.27it/s, loss=1.005, acc=79.6%, lr=2.8e-04]
Epoch 18/80 [Train]:  75%|███████▌  | 156/208 [00:06<00:02, 25.27it/s, loss=0.996, acc=79.6%, lr=2.8e-04]
Epoch 18/80 [Train]:  76%|███████▋  | 159/208 [00:06<00:01, 24.83it/s, loss=0.996, acc=79.6%, lr=2.8e-04]
Epoch 18/80 [Train]:  76%|███████▋  | 159/208 [00:06<00:01, 24.83it/s, loss=0.972, acc=79.6%, lr=2.8e-04]
Epoch 18/80 [Train]:  76%|███████▋  | 159/208 [00:06<00:01, 24.83it/s, loss=0.978, acc=79.7%, lr=2.8e-04]
Epoch 18/80 [Train]:  76%|███████▋  | 159/208 [00:06<00:01, 24.83it/s, loss=1.060, acc=79.6%, lr=2.8e-04]
Epoch 18/80 [Train]:  78%|███████▊  | 162/208 [00:06<00:01, 24.94it/s, loss=1.060, acc=79.6%, lr=2.8e-04]
Epoch 18/80 [Train]:  78%|███████▊  | 162/208 [00:06<00:01, 24.94it/s, loss=1.017, acc=79.7%, lr=2.8e-04]
Epoch 18/80 [Train]:  78%|███████▊  | 162/208 [00:06<00:01, 24.94it/s, loss=0.993, acc=79.7%, lr=2.8e-04]
Epoch 18/80 [Train]:  78%|███████▊  | 162/208 [00:06<00:01, 24.94it/s, loss=0.937, acc=79.7%, lr=2.8e-04]
Epoch 18/80 [Train]:  79%|███████▉  | 165/208 [00:06<00:01, 25.15it/s, loss=0.937, acc=79.7%, lr=2.8e-04]
Epoch 18/80 [Train]:  79%|███████▉  | 165/208 [00:06<00:01, 25.15it/s, loss=1.143, acc=79.8%, lr=2.8e-04]
Epoch 18/80 [Train]:  79%|███████▉  | 165/208 [00:06<00:01, 25.15it/s, loss=1.220, acc=79.7%, lr=2.8e-04]
Epoch 18/80 [Train]:  79%|███████▉  | 165/208 [00:06<00:01, 25.15it/s, loss=1.044, acc=79.6%, lr=2.8e-04]
Epoch 18/80 [Train]:  81%|████████  | 168/208 [00:06<00:01, 24.71it/s, loss=1.044, acc=79.6%, lr=2.8e-04]
Epoch 18/80 [Train]:  81%|████████  | 168/208 [00:06<00:01, 24.71it/s, loss=1.104, acc=79.6%, lr=2.8e-04]
Epoch 18/80 [Train]:  81%|████████  | 168/208 [00:06<00:01, 24.71it/s, loss=0.904, acc=79.6%, lr=2.8e-04]
Epoch 18/80 [Train]:  81%|████████  | 168/208 [00:06<00:01, 24.71it/s, loss=1.050, acc=79.6%, lr=2.8e-04]
Epoch 18/80 [Train]:  82%|████████▏ | 171/208 [00:06<00:01, 24.99it/s, loss=1.050, acc=79.6%, lr=2.8e-04]
Epoch 18/80 [Train]:  82%|████████▏ | 171/208 [00:06<00:01, 24.99it/s, loss=1.011, acc=79.6%, lr=2.8e-04]
Epoch 18/80 [Train]:  82%|████████▏ | 171/208 [00:06<00:01, 24.99it/s, loss=1.222, acc=79.6%, lr=2.8e-04]
Epoch 18/80 [Train]:  82%|████████▏ | 171/208 [00:06<00:01, 24.99it/s, loss=0.828, acc=79.6%, lr=2.8e-04]
Epoch 18/80 [Train]:  84%|████████▎ | 174/208 [00:06<00:01, 24.95it/s, loss=0.828, acc=79.6%, lr=2.8e-04]
Epoch 18/80 [Train]:  84%|████████▎ | 174/208 [00:06<00:01, 24.95it/s, loss=1.263, acc=79.6%, lr=2.8e-04]
Epoch 18/80 [Train]:  84%|████████▎ | 174/208 [00:06<00:01, 24.95it/s, loss=1.061, acc=79.6%, lr=2.8e-04]
Epoch 18/80 [Train]:  84%|████████▎ | 174/208 [00:07<00:01, 24.95it/s, loss=1.212, acc=79.5%, lr=2.8e-04]
Epoch 18/80 [Train]:  85%|████████▌ | 177/208 [00:07<00:01, 25.20it/s, loss=1.212, acc=79.5%, lr=2.8e-04]
Epoch 18/80 [Train]:  85%|████████▌ | 177/208 [00:07<00:01, 25.20it/s, loss=1.098, acc=79.5%, lr=2.8e-04]
Epoch 18/80 [Train]:  85%|████████▌ | 177/208 [00:07<00:01, 25.20it/s, loss=1.088, acc=79.5%, lr=2.8e-04]
Epoch 18/80 [Train]:  85%|████████▌ | 177/208 [00:07<00:01, 25.20it/s, loss=0.942, acc=79.5%, lr=2.8e-04]
Epoch 18/80 [Train]:  87%|████████▋ | 180/208 [00:07<00:01, 24.88it/s, loss=0.942, acc=79.5%, lr=2.8e-04]
Epoch 18/80 [Train]:  87%|████████▋ | 180/208 [00:07<00:01, 24.88it/s, loss=1.138, acc=79.5%, lr=2.8e-04]
Epoch 18/80 [Train]:  87%|████████▋ | 180/208 [00:07<00:01, 24.88it/s, loss=1.010, acc=79.5%, lr=2.8e-04]
Epoch 18/80 [Train]:  87%|████████▋ | 180/208 [00:07<00:01, 24.88it/s, loss=1.208, acc=79.5%, lr=2.8e-04]
Epoch 18/80 [Train]:  88%|████████▊ | 183/208 [00:07<00:00, 25.10it/s, loss=1.208, acc=79.5%, lr=2.8e-04]
Epoch 18/80 [Train]:  88%|████████▊ | 183/208 [00:07<00:00, 25.10it/s, loss=0.866, acc=79.5%, lr=2.8e-04]
Epoch 18/80 [Train]:  88%|████████▊ | 183/208 [00:07<00:00, 25.10it/s, loss=1.114, acc=79.5%, lr=2.8e-04]
Epoch 18/80 [Train]:  88%|████████▊ | 183/208 [00:07<00:00, 25.10it/s, loss=1.139, acc=79.5%, lr=2.8e-04]
Epoch 18/80 [Train]:  89%|████████▉ | 186/208 [00:07<00:00, 24.77it/s, loss=1.139, acc=79.5%, lr=2.8e-04]
Epoch 18/80 [Train]:  89%|████████▉ | 186/208 [00:07<00:00, 24.77it/s, loss=0.887, acc=79.5%, lr=2.8e-04]
Epoch 18/80 [Train]:  89%|████████▉ | 186/208 [00:07<00:00, 24.77it/s, loss=0.901, acc=79.5%, lr=2.8e-04]
Epoch 18/80 [Train]:  89%|████████▉ | 186/208 [00:07<00:00, 24.77it/s, loss=0.922, acc=79.5%, lr=2.8e-04]
Epoch 18/80 [Train]:  91%|█████████ | 189/208 [00:07<00:00, 24.89it/s, loss=0.922, acc=79.5%, lr=2.8e-04]
Epoch 18/80 [Train]:  91%|█████████ | 189/208 [00:07<00:00, 24.89it/s, loss=1.106, acc=79.5%, lr=2.8e-04]
Epoch 18/80 [Train]:  91%|█████████ | 189/208 [00:07<00:00, 24.89it/s, loss=0.901, acc=79.5%, lr=2.8e-04]
Epoch 18/80 [Train]:  91%|█████████ | 189/208 [00:07<00:00, 24.89it/s, loss=1.218, acc=79.4%, lr=2.8e-04]
Epoch 18/80 [Train]:  92%|█████████▏| 192/208 [00:07<00:00, 25.02it/s, loss=1.218, acc=79.4%, lr=2.8e-04]
Epoch 18/80 [Train]:  92%|█████████▏| 192/208 [00:07<00:00, 25.02it/s, loss=1.029, acc=79.4%, lr=2.8e-04]
Epoch 18/80 [Train]:  92%|█████████▏| 192/208 [00:07<00:00, 25.02it/s, loss=0.895, acc=79.5%, lr=2.8e-04]
Epoch 18/80 [Train]:  92%|█████████▏| 192/208 [00:07<00:00, 25.02it/s, loss=0.883, acc=79.5%, lr=2.8e-04]
Epoch 18/80 [Train]:  94%|█████████▍| 195/208 [00:07<00:00, 25.01it/s, loss=0.883, acc=79.5%, lr=2.8e-04]
Epoch 18/80 [Train]:  94%|█████████▍| 195/208 [00:07<00:00, 25.01it/s, loss=1.012, acc=79.5%, lr=2.8e-04]
Epoch 18/80 [Train]:  94%|█████████▍| 195/208 [00:07<00:00, 25.01it/s, loss=1.092, acc=79.5%, lr=2.8e-04]
Epoch 18/80 [Train]:  94%|█████████▍| 195/208 [00:07<00:00, 25.01it/s, loss=1.085, acc=79.5%, lr=2.8e-04]
Epoch 18/80 [Train]:  95%|█████████▌| 198/208 [00:07<00:00, 25.05it/s, loss=1.085, acc=79.5%, lr=2.8e-04]
Epoch 18/80 [Train]:  95%|█████████▌| 198/208 [00:07<00:00, 25.05it/s, loss=1.136, acc=79.5%, lr=2.8e-04]
Epoch 18/80 [Train]:  95%|█████████▌| 198/208 [00:07<00:00, 25.05it/s, loss=0.957, acc=79.5%, lr=2.8e-04]
Epoch 18/80 [Train]:  95%|█████████▌| 198/208 [00:07<00:00, 25.05it/s, loss=1.179, acc=79.5%, lr=2.8e-04]
Epoch 18/80 [Train]:  97%|█████████▋| 201/208 [00:07<00:00, 25.10it/s, loss=1.179, acc=79.5%, lr=2.8e-04]
Epoch 18/80 [Train]:  97%|█████████▋| 201/208 [00:08<00:00, 25.10it/s, loss=1.227, acc=79.5%, lr=2.8e-04]
Epoch 18/80 [Train]:  97%|█████████▋| 201/208 [00:08<00:00, 25.10it/s, loss=1.116, acc=79.4%, lr=2.8e-04]
Epoch 18/80 [Train]:  97%|█████████▋| 201/208 [00:08<00:00, 25.10it/s, loss=0.925, acc=79.4%, lr=2.8e-04]
Epoch 18/80 [Train]:  98%|█████████▊| 204/208 [00:08<00:00, 25.23it/s, loss=0.925, acc=79.4%, lr=2.8e-04]
Epoch 18/80 [Train]:  98%|█████████▊| 204/208 [00:08<00:00, 25.23it/s, loss=1.275, acc=79.4%, lr=2.8e-04]
Epoch 18/80 [Train]:  98%|█████████▊| 204/208 [00:08<00:00, 25.23it/s, loss=1.134, acc=79.4%, lr=2.8e-04]
Epoch 18/80 [Train]:  98%|█████████▊| 204/208 [00:08<00:00, 25.23it/s, loss=1.246, acc=79.3%, lr=2.8e-04]
Epoch 18/80 [Train]: 100%|█████████▉| 207/208 [00:08<00:00, 25.23it/s, loss=1.246, acc=79.3%, lr=2.8e-04]
Epoch 18/80 [Train]: 100%|█████████▉| 207/208 [00:08<00:00, 25.23it/s, loss=1.075, acc=79.3%, lr=2.8e-04]
Epoch 18/80 [Train]: 100%|██████████| 208/208 [00:08<00:00, 25.29it/s, loss=1.075, acc=79.3%, lr=2.8e-04]

[2026-08-17 01:20:23] [EPOCH 18 SUMMARY]
  Train: Loss = 1.0452 | Top-1 Acc =  79.33%
  Val:   Top-1 Acc =  12.20% | Top-3 =  32.23% | Top-5 =  42.29%
         APL = 11.77 dB | Profile MAE =  2.30 dB (Rank Corr: 0.529)
  Time:  Epoch = 8.2s (Val Eval: 2.0s) | Total Elapsed = 00h:02m:39s | ETA: 00h:09m:10s
  -> [INFO] No improvement for 10/12 epochs (Best: 15.65%)

[2026-08-17 01:20:23] >>> [EPOCH 19/80] Training Started <<<

Epoch 19/80 [Train]:   0%|          | 0/208 [00:00<?, ?it/s]
Epoch 19/80 [Train]:   0%|          | 0/208 [00:00<?, ?it/s, loss=0.859, acc=89.1%, lr=2.8e-04]
Epoch 19/80 [Train]:   0%|          | 0/208 [00:00<?, ?it/s, loss=1.136, acc=87.5%, lr=2.8e-04]
Epoch 19/80 [Train]:   0%|          | 0/208 [00:00<?, ?it/s, loss=1.106, acc=83.3%, lr=2.8e-04]
Epoch 19/80 [Train]:   1%|▏         | 3/208 [00:00<00:08, 25.08it/s, loss=1.106, acc=83.3%, lr=2.8e-04]
Epoch 19/80 [Train]:   1%|▏         | 3/208 [00:00<00:08, 25.08it/s, loss=1.195, acc=82.4%, lr=2.8e-04]
Epoch 19/80 [Train]:   1%|▏         | 3/208 [00:00<00:08, 25.08it/s, loss=1.122, acc=80.3%, lr=2.8e-04]
Epoch 19/80 [Train]:   1%|▏         | 3/208 [00:00<00:08, 25.08it/s, loss=1.127, acc=79.7%, lr=2.8e-04]
Epoch 19/80 [Train]:   3%|▎         | 6/208 [00:00<00:07, 25.62it/s, loss=1.127, acc=79.7%, lr=2.8e-04]
Epoch 19/80 [Train]:   3%|▎         | 6/208 [00:00<00:07, 25.62it/s, loss=0.958, acc=80.1%, lr=2.8e-04]
Epoch 19/80 [Train]:   3%|▎         | 6/208 [00:00<00:07, 25.62it/s, loss=0.953, acc=80.7%, lr=2.8e-04]
Epoch 19/80 [Train]:   3%|▎         | 6/208 [00:00<00:07, 25.62it/s, loss=1.255, acc=80.0%, lr=2.8e-04]
Epoch 19/80 [Train]:   4%|▍         | 9/208 [00:00<00:07, 25.57it/s, loss=1.255, acc=80.0%, lr=2.8e-04]
Epoch 19/80 [Train]:   4%|▍         | 9/208 [00:00<00:07, 25.57it/s, loss=0.922, acc=79.7%, lr=2.8e-04]
Epoch 19/80 [Train]:   4%|▍         | 9/208 [00:00<00:07, 25.57it/s, loss=1.057, acc=80.1%, lr=2.8e-04]
Epoch 19/80 [Train]:   4%|▍         | 9/208 [00:00<00:07, 25.57it/s, loss=1.103, acc=80.1%, lr=2.8e-04]
Epoch 19/80 [Train]:   6%|▌         | 12/208 [00:00<00:07, 24.69it/s, loss=1.103, acc=80.1%, lr=2.8e-04]
Epoch 19/80 [Train]:   6%|▌         | 12/208 [00:00<00:07, 24.69it/s, loss=1.065, acc=79.7%, lr=2.8e-04]
Epoch 19/80 [Train]:   6%|▌         | 12/208 [00:00<00:07, 24.69it/s, loss=1.238, acc=79.4%, lr=2.8e-04]
Epoch 19/80 [Train]:   6%|▌         | 12/208 [00:00<00:07, 24.69it/s, loss=0.916, acc=79.4%, lr=2.8e-04]
Epoch 19/80 [Train]:   7%|▋         | 15/208 [00:00<00:07, 24.58it/s, loss=0.916, acc=79.4%, lr=2.8e-04]
Epoch 19/80 [Train]:   7%|▋         | 15/208 [00:00<00:07, 24.58it/s, loss=0.987, acc=79.7%, lr=2.8e-04]
Epoch 19/80 [Train]:   7%|▋         | 15/208 [00:00<00:07, 24.58it/s, loss=1.052, acc=79.5%, lr=2.8e-04]
Epoch 19/80 [Train]:   7%|▋         | 15/208 [00:00<00:07, 24.58it/s, loss=1.030, acc=79.2%, lr=2.8e-04]
Epoch 19/80 [Train]:   9%|▊         | 18/208 [00:00<00:07, 24.83it/s, loss=1.030, acc=79.2%, lr=2.8e-04]
Epoch 19/80 [Train]:   9%|▊         | 18/208 [00:00<00:07, 24.83it/s, loss=0.817, acc=79.5%, lr=2.8e-04]
Epoch 19/80 [Train]:   9%|▊         | 18/208 [00:00<00:07, 24.83it/s, loss=1.179, acc=79.5%, lr=2.8e-04]
Epoch 19/80 [Train]:   9%|▊         | 18/208 [00:00<00:07, 24.83it/s, loss=1.052, acc=79.7%, lr=2.8e-04]
Epoch 19/80 [Train]:  10%|█         | 21/208 [00:00<00:07, 25.06it/s, loss=1.052, acc=79.7%, lr=2.8e-04]
Epoch 19/80 [Train]:  10%|█         | 21/208 [00:00<00:07, 25.06it/s, loss=0.992, acc=79.8%, lr=2.8e-04]
Epoch 19/80 [Train]:  10%|█         | 21/208 [00:00<00:07, 25.06it/s, loss=1.033, acc=80.2%, lr=2.8e-04]
Epoch 19/80 [Train]:  10%|█         | 21/208 [00:00<00:07, 25.06it/s, loss=1.146, acc=80.1%, lr=2.8e-04]
Epoch 19/80 [Train]:  12%|█▏        | 24/208 [00:00<00:07, 24.55it/s, loss=1.146, acc=80.1%, lr=2.8e-04]
Epoch 19/80 [Train]:  12%|█▏        | 24/208 [00:01<00:07, 24.55it/s, loss=0.928, acc=80.4%, lr=2.8e-04]
Epoch 19/80 [Train]:  12%|█▏        | 24/208 [00:01<00:07, 24.55it/s, loss=0.788, acc=80.6%, lr=2.8e-04]
Epoch 19/80 [Train]:  12%|█▏        | 24/208 [00:01<00:07, 24.55it/s, loss=1.381, acc=80.4%, lr=2.8e-04]
Epoch 19/80 [Train]:  13%|█▎        | 27/208 [00:01<00:07, 24.28it/s, loss=1.381, acc=80.4%, lr=2.8e-04]
Epoch 19/80 [Train]:  13%|█▎        | 27/208 [00:01<00:07, 24.28it/s, loss=0.888, acc=80.5%, lr=2.8e-04]
Epoch 19/80 [Train]:  13%|█▎        | 27/208 [00:01<00:07, 24.28it/s, loss=1.104, acc=80.5%, lr=2.8e-04]
Epoch 19/80 [Train]:  13%|█▎        | 27/208 [00:01<00:07, 24.28it/s, loss=0.886, acc=80.5%, lr=2.8e-04]
Epoch 19/80 [Train]:  14%|█▍        | 30/208 [00:01<00:07, 24.63it/s, loss=0.886, acc=80.5%, lr=2.8e-04]
Epoch 19/80 [Train]:  14%|█▍        | 30/208 [00:01<00:07, 24.63it/s, loss=0.950, acc=80.5%, lr=2.8e-04]
Epoch 19/80 [Train]:  14%|█▍        | 30/208 [00:01<00:07, 24.63it/s, loss=0.895, acc=80.5%, lr=2.8e-04]
Epoch 19/80 [Train]:  14%|█▍        | 30/208 [00:01<00:07, 24.63it/s, loss=1.026, acc=80.5%, lr=2.8e-04]
Epoch 19/80 [Train]:  16%|█▌        | 33/208 [00:01<00:07, 24.74it/s, loss=1.026, acc=80.5%, lr=2.8e-04]
Epoch 19/80 [Train]:  16%|█▌        | 33/208 [00:01<00:07, 24.74it/s, loss=1.089, acc=80.5%, lr=2.8e-04]
Epoch 19/80 [Train]:  16%|█▌        | 33/208 [00:01<00:07, 24.74it/s, loss=1.056, acc=80.6%, lr=2.7e-04]
Epoch 19/80 [Train]:  16%|█▌        | 33/208 [00:01<00:07, 24.74it/s, loss=1.026, acc=80.5%, lr=2.7e-04]
Epoch 19/80 [Train]:  17%|█▋        | 36/208 [00:01<00:06, 24.65it/s, loss=1.026, acc=80.5%, lr=2.7e-04]
Epoch 19/80 [Train]:  17%|█▋        | 36/208 [00:01<00:06, 24.65it/s, loss=1.012, acc=80.4%, lr=2.7e-04]
Epoch 19/80 [Train]:  17%|█▋        | 36/208 [00:01<00:06, 24.65it/s, loss=1.023, acc=80.3%, lr=2.7e-04]
Epoch 19/80 [Train]:  17%|█▋        | 36/208 [00:01<00:06, 24.65it/s, loss=1.021, acc=80.3%, lr=2.7e-04]
Epoch 19/80 [Train]:  19%|█▉        | 39/208 [00:01<00:06, 24.84it/s, loss=1.021, acc=80.3%, lr=2.7e-04]
Epoch 19/80 [Train]:  19%|█▉        | 39/208 [00:01<00:06, 24.84it/s, loss=0.941, acc=80.2%, lr=2.7e-04]
Epoch 19/80 [Train]:  19%|█▉        | 39/208 [00:01<00:06, 24.84it/s, loss=0.976, acc=80.2%, lr=2.7e-04]
Epoch 19/80 [Train]:  19%|█▉        | 39/208 [00:01<00:06, 24.84it/s, loss=1.247, acc=79.9%, lr=2.7e-04]
Epoch 19/80 [Train]:  20%|██        | 42/208 [00:01<00:06, 25.04it/s, loss=1.247, acc=79.9%, lr=2.7e-04]
Epoch 19/80 [Train]:  20%|██        | 42/208 [00:01<00:06, 25.04it/s, loss=0.927, acc=80.0%, lr=2.7e-04]
Epoch 19/80 [Train]:  20%|██        | 42/208 [00:01<00:06, 25.04it/s, loss=1.054, acc=79.9%, lr=2.7e-04]
Epoch 19/80 [Train]:  20%|██        | 42/208 [00:01<00:06, 25.04it/s, loss=0.926, acc=80.0%, lr=2.7e-04]
Epoch 19/80 [Train]:  22%|██▏       | 45/208 [00:01<00:06, 25.25it/s, loss=0.926, acc=80.0%, lr=2.7e-04]
Epoch 19/80 [Train]:  22%|██▏       | 45/208 [00:01<00:06, 25.25it/s, loss=1.131, acc=79.9%, lr=2.7e-04]
Epoch 19/80 [Train]:  22%|██▏       | 45/208 [00:01<00:06, 25.25it/s, loss=0.963, acc=79.7%, lr=2.7e-04]
Epoch 19/80 [Train]:  22%|██▏       | 45/208 [00:01<00:06, 25.25it/s, loss=0.931, acc=79.7%, lr=2.7e-04]
Epoch 19/80 [Train]:  23%|██▎       | 48/208 [00:01<00:06, 25.34it/s, loss=0.931, acc=79.7%, lr=2.7e-04]
Epoch 19/80 [Train]:  23%|██▎       | 48/208 [00:01<00:06, 25.34it/s, loss=1.136, acc=79.8%, lr=2.7e-04]
Epoch 19/80 [Train]:  23%|██▎       | 48/208 [00:02<00:06, 25.34it/s, loss=1.229, acc=79.8%, lr=2.7e-04]
Epoch 19/80 [Train]:  23%|██▎       | 48/208 [00:02<00:06, 25.34it/s, loss=1.018, acc=79.7%, lr=2.7e-04]
Epoch 19/80 [Train]:  25%|██▍       | 51/208 [00:02<00:06, 25.31it/s, loss=1.018, acc=79.7%, lr=2.7e-04]
Epoch 19/80 [Train]:  25%|██▍       | 51/208 [00:02<00:06, 25.31it/s, loss=1.082, acc=79.7%, lr=2.7e-04]
Epoch 19/80 [Train]:  25%|██▍       | 51/208 [00:02<00:06, 25.31it/s, loss=1.085, acc=79.7%, lr=2.7e-04]
Epoch 19/80 [Train]:  25%|██▍       | 51/208 [00:02<00:06, 25.31it/s, loss=0.813, acc=79.8%, lr=2.7e-04]
Epoch 19/80 [Train]:  26%|██▌       | 54/208 [00:02<00:06, 25.46it/s, loss=0.813, acc=79.8%, lr=2.7e-04]
Epoch 19/80 [Train]:  26%|██▌       | 54/208 [00:02<00:06, 25.46it/s, loss=1.118, acc=79.8%, lr=2.7e-04]
Epoch 19/80 [Train]:  26%|██▌       | 54/208 [00:02<00:06, 25.46it/s, loss=1.070, acc=79.7%, lr=2.7e-04]
Epoch 19/80 [Train]:  26%|██▌       | 54/208 [00:02<00:06, 25.46it/s, loss=0.995, acc=79.7%, lr=2.7e-04]
Epoch 19/80 [Train]:  27%|██▋       | 57/208 [00:02<00:05, 25.33it/s, loss=0.995, acc=79.7%, lr=2.7e-04]
Epoch 19/80 [Train]:  27%|██▋       | 57/208 [00:02<00:05, 25.33it/s, loss=0.907, acc=79.8%, lr=2.7e-04]
Epoch 19/80 [Train]:  27%|██▋       | 57/208 [00:02<00:05, 25.33it/s, loss=1.012, acc=79.7%, lr=2.7e-04]
Epoch 19/80 [Train]:  27%|██▋       | 57/208 [00:02<00:05, 25.33it/s, loss=1.090, acc=79.7%, lr=2.7e-04]
Epoch 19/80 [Train]:  29%|██▉       | 60/208 [00:02<00:05, 25.28it/s, loss=1.090, acc=79.7%, lr=2.7e-04]
Epoch 19/80 [Train]:  29%|██▉       | 60/208 [00:02<00:05, 25.28it/s, loss=1.087, acc=79.7%, lr=2.7e-04]
Epoch 19/80 [Train]:  29%|██▉       | 60/208 [00:02<00:05, 25.28it/s, loss=0.999, acc=79.6%, lr=2.7e-04]
Epoch 19/80 [Train]:  29%|██▉       | 60/208 [00:02<00:05, 25.28it/s, loss=1.119, acc=79.6%, lr=2.7e-04]
Epoch 19/80 [Train]:  30%|███       | 63/208 [00:02<00:05, 25.31it/s, loss=1.119, acc=79.6%, lr=2.7e-04]
Epoch 19/80 [Train]:  30%|███       | 63/208 [00:02<00:05, 25.31it/s, loss=1.077, acc=79.5%, lr=2.7e-04]
Epoch 19/80 [Train]:  30%|███       | 63/208 [00:02<00:05, 25.31it/s, loss=0.844, acc=79.7%, lr=2.7e-04]
Epoch 19/80 [Train]:  30%|███       | 63/208 [00:02<00:05, 25.31it/s, loss=1.176, acc=79.6%, lr=2.7e-04]
Epoch 19/80 [Train]:  32%|███▏      | 66/208 [00:02<00:05, 24.91it/s, loss=1.176, acc=79.6%, lr=2.7e-04]
Epoch 19/80 [Train]:  32%|███▏      | 66/208 [00:02<00:05, 24.91it/s, loss=1.054, acc=79.7%, lr=2.7e-04]
Epoch 19/80 [Train]:  32%|███▏      | 66/208 [00:02<00:05, 24.91it/s, loss=0.942, acc=79.7%, lr=2.7e-04]
Epoch 19/80 [Train]:  32%|███▏      | 66/208 [00:02<00:05, 24.91it/s, loss=0.948, acc=79.8%, lr=2.7e-04]
Epoch 19/80 [Train]:  33%|███▎      | 69/208 [00:02<00:05, 24.88it/s, loss=0.948, acc=79.8%, lr=2.7e-04]
Epoch 19/80 [Train]:  33%|███▎      | 69/208 [00:02<00:05, 24.88it/s, loss=1.235, acc=79.6%, lr=2.7e-04]
Epoch 19/80 [Train]:  33%|███▎      | 69/208 [00:02<00:05, 24.88it/s, loss=0.854, acc=79.6%, lr=2.7e-04]
Epoch 19/80 [Train]:  33%|███▎      | 69/208 [00:02<00:05, 24.88it/s, loss=1.091, acc=79.6%, lr=2.7e-04]
Epoch 19/80 [Train]:  35%|███▍      | 72/208 [00:02<00:05, 24.76it/s, loss=1.091, acc=79.6%, lr=2.7e-04]
Epoch 19/80 [Train]:  35%|███▍      | 72/208 [00:02<00:05, 24.76it/s, loss=1.182, acc=79.5%, lr=2.7e-04]
Epoch 19/80 [Train]:  35%|███▍      | 72/208 [00:02<00:05, 24.76it/s, loss=1.034, acc=79.6%, lr=2.7e-04]
Epoch 19/80 [Train]:  35%|███▍      | 72/208 [00:03<00:05, 24.76it/s, loss=0.920, acc=79.7%, lr=2.7e-04]
Epoch 19/80 [Train]:  36%|███▌      | 75/208 [00:03<00:05, 24.36it/s, loss=0.920, acc=79.7%, lr=2.7e-04]
Epoch 19/80 [Train]:  36%|███▌      | 75/208 [00:03<00:05, 24.36it/s, loss=1.037, acc=79.6%, lr=2.7e-04]
Epoch 19/80 [Train]:  36%|███▌      | 75/208 [00:03<00:05, 24.36it/s, loss=1.030, acc=79.6%, lr=2.7e-04]
Epoch 19/80 [Train]:  36%|███▌      | 75/208 [00:03<00:05, 24.36it/s, loss=1.039, acc=79.7%, lr=2.7e-04]
Epoch 19/80 [Train]:  38%|███▊      | 78/208 [00:03<00:05, 24.54it/s, loss=1.039, acc=79.7%, lr=2.7e-04]
Epoch 19/80 [Train]:  38%|███▊      | 78/208 [00:03<00:05, 24.54it/s, loss=1.074, acc=79.7%, lr=2.7e-04]
Epoch 19/80 [Train]:  38%|███▊      | 78/208 [00:03<00:05, 24.54it/s, loss=1.006, acc=79.7%, lr=2.7e-04]
Epoch 19/80 [Train]:  38%|███▊      | 78/208 [00:03<00:05, 24.54it/s, loss=0.951, acc=79.7%, lr=2.7e-04]
Epoch 19/80 [Train]:  39%|███▉      | 81/208 [00:03<00:05, 24.87it/s, loss=0.951, acc=79.7%, lr=2.7e-04]
Epoch 19/80 [Train]:  39%|███▉      | 81/208 [00:03<00:05, 24.87it/s, loss=1.125, acc=79.7%, lr=2.7e-04]
Epoch 19/80 [Train]:  39%|███▉      | 81/208 [00:03<00:05, 24.87it/s, loss=1.024, acc=79.7%, lr=2.7e-04]
Epoch 19/80 [Train]:  39%|███▉      | 81/208 [00:03<00:05, 24.87it/s, loss=1.260, acc=79.6%, lr=2.7e-04]
Epoch 19/80 [Train]:  40%|████      | 84/208 [00:03<00:04, 24.96it/s, loss=1.260, acc=79.6%, lr=2.7e-04]
Epoch 19/80 [Train]:  40%|████      | 84/208 [00:03<00:04, 24.96it/s, loss=0.987, acc=79.6%, lr=2.7e-04]
Epoch 19/80 [Train]:  40%|████      | 84/208 [00:03<00:04, 24.96it/s, loss=0.819, acc=79.7%, lr=2.7e-04]
Epoch 19/80 [Train]:  40%|████      | 84/208 [00:03<00:04, 24.96it/s, loss=0.900, acc=79.8%, lr=2.7e-04]
Epoch 19/80 [Train]:  42%|████▏     | 87/208 [00:03<00:04, 24.96it/s, loss=0.900, acc=79.8%, lr=2.7e-04]
Epoch 19/80 [Train]:  42%|████▏     | 87/208 [00:03<00:04, 24.96it/s, loss=0.996, acc=79.8%, lr=2.7e-04]
Epoch 19/80 [Train]:  42%|████▏     | 87/208 [00:03<00:04, 24.96it/s, loss=0.888, acc=79.9%, lr=2.7e-04]
Epoch 19/80 [Train]:  42%|████▏     | 87/208 [00:03<00:04, 24.96it/s, loss=0.852, acc=80.0%, lr=2.7e-04]
Epoch 19/80 [Train]:  43%|████▎     | 90/208 [00:03<00:04, 25.14it/s, loss=0.852, acc=80.0%, lr=2.7e-04]
Epoch 19/80 [Train]:  43%|████▎     | 90/208 [00:03<00:04, 25.14it/s, loss=0.888, acc=80.1%, lr=2.7e-04]
Epoch 19/80 [Train]:  43%|████▎     | 90/208 [00:03<00:04, 25.14it/s, loss=0.901, acc=80.1%, lr=2.7e-04]
Epoch 19/80 [Train]:  43%|████▎     | 90/208 [00:03<00:04, 25.14it/s, loss=1.074, acc=80.1%, lr=2.7e-04]
Epoch 19/80 [Train]:  45%|████▍     | 93/208 [00:03<00:04, 25.10it/s, loss=1.074, acc=80.1%, lr=2.7e-04]
Epoch 19/80 [Train]:  45%|████▍     | 93/208 [00:03<00:04, 25.10it/s, loss=1.012, acc=80.1%, lr=2.7e-04]
Epoch 19/80 [Train]:  45%|████▍     | 93/208 [00:03<00:04, 25.10it/s, loss=1.036, acc=80.0%, lr=2.7e-04]
Epoch 19/80 [Train]:  45%|████▍     | 93/208 [00:03<00:04, 25.10it/s, loss=1.167, acc=80.0%, lr=2.7e-04]
Epoch 19/80 [Train]:  46%|████▌     | 96/208 [00:03<00:04, 24.98it/s, loss=1.167, acc=80.0%, lr=2.7e-04]
Epoch 19/80 [Train]:  46%|████▌     | 96/208 [00:03<00:04, 24.98it/s, loss=1.156, acc=79.9%, lr=2.7e-04]
Epoch 19/80 [Train]:  46%|████▌     | 96/208 [00:03<00:04, 24.98it/s, loss=1.018, acc=80.0%, lr=2.7e-04]
Epoch 19/80 [Train]:  46%|████▌     | 96/208 [00:03<00:04, 24.98it/s, loss=1.064, acc=79.9%, lr=2.7e-04]
Epoch 19/80 [Train]:  48%|████▊     | 99/208 [00:03<00:04, 24.20it/s, loss=1.064, acc=79.9%, lr=2.7e-04]
Epoch 19/80 [Train]:  48%|████▊     | 99/208 [00:04<00:04, 24.20it/s, loss=0.988, acc=80.0%, lr=2.7e-04]
Epoch 19/80 [Train]:  48%|████▊     | 99/208 [00:04<00:04, 24.20it/s, loss=1.118, acc=79.9%, lr=2.7e-04]
Epoch 19/80 [Train]:  48%|████▊     | 99/208 [00:04<00:04, 24.20it/s, loss=1.092, acc=79.9%, lr=2.7e-04]
Epoch 19/80 [Train]:  49%|████▉     | 102/208 [00:04<00:04, 24.09it/s, loss=1.092, acc=79.9%, lr=2.7e-04]
Epoch 19/80 [Train]:  49%|████▉     | 102/208 [00:04<00:04, 24.09it/s, loss=1.153, acc=79.9%, lr=2.7e-04]
Epoch 19/80 [Train]:  49%|████▉     | 102/208 [00:04<00:04, 24.09it/s, loss=1.169, acc=79.8%, lr=2.7e-04]
Epoch 19/80 [Train]:  49%|████▉     | 102/208 [00:04<00:04, 24.09it/s, loss=0.817, acc=79.9%, lr=2.7e-04]
Epoch 19/80 [Train]:  50%|█████     | 105/208 [00:04<00:04, 24.34it/s, loss=0.817, acc=79.9%, lr=2.7e-04]
Epoch 19/80 [Train]:  50%|█████     | 105/208 [00:04<00:04, 24.34it/s, loss=1.052, acc=79.8%, lr=2.7e-04]
Epoch 19/80 [Train]:  50%|█████     | 105/208 [00:04<00:04, 24.34it/s, loss=1.246, acc=79.8%, lr=2.7e-04]
Epoch 19/80 [Train]:  50%|█████     | 105/208 [00:04<00:04, 24.34it/s, loss=0.983, acc=79.8%, lr=2.7e-04]
Epoch 19/80 [Train]:  52%|█████▏    | 108/208 [00:04<00:04, 24.83it/s, loss=0.983, acc=79.8%, lr=2.7e-04]
Epoch 19/80 [Train]:  52%|█████▏    | 108/208 [00:04<00:04, 24.83it/s, loss=1.049, acc=79.8%, lr=2.7e-04]
Epoch 19/80 [Train]:  52%|█████▏    | 108/208 [00:04<00:04, 24.83it/s, loss=1.208, acc=79.7%, lr=2.7e-04]
Epoch 19/80 [Train]:  52%|█████▏    | 108/208 [00:04<00:04, 24.83it/s, loss=1.093, acc=79.7%, lr=2.7e-04]
Epoch 19/80 [Train]:  53%|█████▎    | 111/208 [00:04<00:04, 23.81it/s, loss=1.093, acc=79.7%, lr=2.7e-04]
Epoch 19/80 [Train]:  53%|█████▎    | 111/208 [00:04<00:04, 23.81it/s, loss=0.922, acc=79.7%, lr=2.7e-04]
Epoch 19/80 [Train]:  53%|█████▎    | 111/208 [00:04<00:04, 23.81it/s, loss=0.965, acc=79.6%, lr=2.7e-04]
Epoch 19/80 [Train]:  53%|█████▎    | 111/208 [00:04<00:04, 23.81it/s, loss=1.175, acc=79.6%, lr=2.7e-04]
Epoch 19/80 [Train]:  55%|█████▍    | 114/208 [00:04<00:03, 23.89it/s, loss=1.175, acc=79.6%, lr=2.7e-04]
Epoch 19/80 [Train]:  55%|█████▍    | 114/208 [00:04<00:03, 23.89it/s, loss=1.102, acc=79.6%, lr=2.7e-04]
Epoch 19/80 [Train]:  55%|█████▍    | 114/208 [00:04<00:03, 23.89it/s, loss=1.105, acc=79.5%, lr=2.7e-04]
Epoch 19/80 [Train]:  55%|█████▍    | 114/208 [00:04<00:03, 23.89it/s, loss=1.020, acc=79.4%, lr=2.7e-04]
Epoch 19/80 [Train]:  56%|█████▋    | 117/208 [00:04<00:03, 23.75it/s, loss=1.020, acc=79.4%, lr=2.7e-04]
Epoch 19/80 [Train]:  56%|█████▋    | 117/208 [00:04<00:03, 23.75it/s, loss=1.130, acc=79.4%, lr=2.7e-04]
Epoch 19/80 [Train]:  56%|█████▋    | 117/208 [00:04<00:03, 23.75it/s, loss=0.947, acc=79.4%, lr=2.7e-04]
Epoch 19/80 [Train]:  56%|█████▋    | 117/208 [00:04<00:03, 23.75it/s, loss=1.240, acc=79.4%, lr=2.7e-04]
Epoch 19/80 [Train]:  58%|█████▊    | 120/208 [00:04<00:03, 23.84it/s, loss=1.240, acc=79.4%, lr=2.7e-04]
Epoch 19/80 [Train]:  58%|█████▊    | 120/208 [00:04<00:03, 23.84it/s, loss=1.105, acc=79.4%, lr=2.7e-04]
Epoch 19/80 [Train]:  58%|█████▊    | 120/208 [00:04<00:03, 23.84it/s, loss=1.011, acc=79.4%, lr=2.7e-04]
Epoch 19/80 [Train]:  58%|█████▊    | 120/208 [00:04<00:03, 23.84it/s, loss=0.879, acc=79.4%, lr=2.7e-04]
Epoch 19/80 [Train]:  59%|█████▉    | 123/208 [00:04<00:03, 23.73it/s, loss=0.879, acc=79.4%, lr=2.7e-04]
Epoch 19/80 [Train]:  59%|█████▉    | 123/208 [00:05<00:03, 23.73it/s, loss=0.987, acc=79.4%, lr=2.7e-04]
Epoch 19/80 [Train]:  59%|█████▉    | 123/208 [00:05<00:03, 23.73it/s, loss=0.976, acc=79.5%, lr=2.7e-04]
Epoch 19/80 [Train]:  59%|█████▉    | 123/208 [00:05<00:03, 23.73it/s, loss=0.903, acc=79.5%, lr=2.7e-04]
Epoch 19/80 [Train]:  61%|██████    | 126/208 [00:05<00:03, 23.68it/s, loss=0.903, acc=79.5%, lr=2.7e-04]
Epoch 19/80 [Train]:  61%|██████    | 126/208 [00:05<00:03, 23.68it/s, loss=1.119, acc=79.5%, lr=2.7e-04]
Epoch 19/80 [Train]:  61%|██████    | 126/208 [00:05<00:03, 23.68it/s, loss=1.090, acc=79.4%, lr=2.7e-04]
Epoch 19/80 [Train]:  61%|██████    | 126/208 [00:05<00:03, 23.68it/s, loss=1.081, acc=79.4%, lr=2.7e-04]
Epoch 19/80 [Train]:  62%|██████▏   | 129/208 [00:05<00:03, 23.50it/s, loss=1.081, acc=79.4%, lr=2.7e-04]
Epoch 19/80 [Train]:  62%|██████▏   | 129/208 [00:05<00:03, 23.50it/s, loss=0.972, acc=79.4%, lr=2.7e-04]
Epoch 19/80 [Train]:  62%|██████▏   | 129/208 [00:05<00:03, 23.50it/s, loss=0.978, acc=79.4%, lr=2.7e-04]
Epoch 19/80 [Train]:  62%|██████▏   | 129/208 [00:05<00:03, 23.50it/s, loss=1.072, acc=79.4%, lr=2.7e-04]
Epoch 19/80 [Train]:  63%|██████▎   | 132/208 [00:05<00:03, 23.38it/s, loss=1.072, acc=79.4%, lr=2.7e-04]
Epoch 19/80 [Train]:  63%|██████▎   | 132/208 [00:05<00:03, 23.38it/s, loss=0.979, acc=79.4%, lr=2.7e-04]
Epoch 19/80 [Train]:  63%|██████▎   | 132/208 [00:05<00:03, 23.38it/s, loss=1.060, acc=79.4%, lr=2.7e-04]
Epoch 19/80 [Train]:  63%|██████▎   | 132/208 [00:05<00:03, 23.38it/s, loss=1.360, acc=79.4%, lr=2.7e-04]
Epoch 19/80 [Train]:  65%|██████▍   | 135/208 [00:05<00:03, 22.93it/s, loss=1.360, acc=79.4%, lr=2.7e-04]
Epoch 19/80 [Train]:  65%|██████▍   | 135/208 [00:05<00:03, 22.93it/s, loss=0.958, acc=79.5%, lr=2.7e-04]
Epoch 19/80 [Train]:  65%|██████▍   | 135/208 [00:05<00:03, 22.93it/s, loss=1.109, acc=79.5%, lr=2.7e-04]
Epoch 19/80 [Train]:  65%|██████▍   | 135/208 [00:05<00:03, 22.93it/s, loss=0.933, acc=79.4%, lr=2.7e-04]
Epoch 19/80 [Train]:  66%|██████▋   | 138/208 [00:05<00:03, 22.81it/s, loss=0.933, acc=79.4%, lr=2.7e-04]
Epoch 19/80 [Train]:  66%|██████▋   | 138/208 [00:05<00:03, 22.81it/s, loss=0.858, acc=79.5%, lr=2.7e-04]
Epoch 19/80 [Train]:  66%|██████▋   | 138/208 [00:05<00:03, 22.81it/s, loss=1.021, acc=79.5%, lr=2.7e-04]
Epoch 19/80 [Train]:  66%|██████▋   | 138/208 [00:05<00:03, 22.81it/s, loss=1.085, acc=79.5%, lr=2.7e-04]
Epoch 19/80 [Train]:  68%|██████▊   | 141/208 [00:05<00:02, 22.81it/s, loss=1.085, acc=79.5%, lr=2.7e-04]
Epoch 19/80 [Train]:  68%|██████▊   | 141/208 [00:05<00:02, 22.81it/s, loss=0.907, acc=79.6%, lr=2.7e-04]
Epoch 19/80 [Train]:  68%|██████▊   | 141/208 [00:05<00:02, 22.81it/s, loss=0.914, acc=79.6%, lr=2.7e-04]
Epoch 19/80 [Train]:  68%|██████▊   | 141/208 [00:05<00:02, 22.81it/s, loss=0.876, acc=79.6%, lr=2.7e-04]
Epoch 19/80 [Train]:  69%|██████▉   | 144/208 [00:05<00:02, 22.77it/s, loss=0.876, acc=79.6%, lr=2.7e-04]
Epoch 19/80 [Train]:  69%|██████▉   | 144/208 [00:05<00:02, 22.77it/s, loss=1.044, acc=79.6%, lr=2.7e-04]
Epoch 19/80 [Train]:  69%|██████▉   | 144/208 [00:05<00:02, 22.77it/s, loss=0.991, acc=79.6%, lr=2.7e-04]
Epoch 19/80 [Train]:  69%|██████▉   | 144/208 [00:06<00:02, 22.77it/s, loss=0.966, acc=79.6%, lr=2.7e-04]
Epoch 19/80 [Train]:  71%|███████   | 147/208 [00:06<00:02, 23.39it/s, loss=0.966, acc=79.6%, lr=2.7e-04]
Epoch 19/80 [Train]:  71%|███████   | 147/208 [00:06<00:02, 23.39it/s, loss=0.850, acc=79.6%, lr=2.7e-04]
Epoch 19/80 [Train]:  71%|███████   | 147/208 [00:06<00:02, 23.39it/s, loss=1.108, acc=79.6%, lr=2.7e-04]
Epoch 19/80 [Train]:  71%|███████   | 147/208 [00:06<00:02, 23.39it/s, loss=0.998, acc=79.6%, lr=2.7e-04]
Epoch 19/80 [Train]:  72%|███████▏  | 150/208 [00:06<00:02, 23.46it/s, loss=0.998, acc=79.6%, lr=2.7e-04]
Epoch 19/80 [Train]:  72%|███████▏  | 150/208 [00:06<00:02, 23.46it/s, loss=0.879, acc=79.6%, lr=2.7e-04]
Epoch 19/80 [Train]:  72%|███████▏  | 150/208 [00:06<00:02, 23.46it/s, loss=1.063, acc=79.6%, lr=2.7e-04]
Epoch 19/80 [Train]:  72%|███████▏  | 150/208 [00:06<00:02, 23.46it/s, loss=1.133, acc=79.6%, lr=2.7e-04]
Epoch 19/80 [Train]:  74%|███████▎  | 153/208 [00:06<00:02, 23.98it/s, loss=1.133, acc=79.6%, lr=2.7e-04]
Epoch 19/80 [Train]:  74%|███████▎  | 153/208 [00:06<00:02, 23.98it/s, loss=1.067, acc=79.5%, lr=2.7e-04]
Epoch 19/80 [Train]:  74%|███████▎  | 153/208 [00:06<00:02, 23.98it/s, loss=0.838, acc=79.6%, lr=2.7e-04]
Epoch 19/80 [Train]:  74%|███████▎  | 153/208 [00:06<00:02, 23.98it/s, loss=1.031, acc=79.6%, lr=2.7e-04]
Epoch 19/80 [Train]:  75%|███████▌  | 156/208 [00:06<00:02, 24.35it/s, loss=1.031, acc=79.6%, lr=2.7e-04]
Epoch 19/80 [Train]:  75%|███████▌  | 156/208 [00:06<00:02, 24.35it/s, loss=1.209, acc=79.5%, lr=2.7e-04]
Epoch 19/80 [Train]:  75%|███████▌  | 156/208 [00:06<00:02, 24.35it/s, loss=0.910, acc=79.6%, lr=2.7e-04]
Epoch 19/80 [Train]:  75%|███████▌  | 156/208 [00:06<00:02, 24.35it/s, loss=0.884, acc=79.6%, lr=2.7e-04]
Epoch 19/80 [Train]:  76%|███████▋  | 159/208 [00:06<00:02, 24.46it/s, loss=0.884, acc=79.6%, lr=2.7e-04]
Epoch 19/80 [Train]:  76%|███████▋  | 159/208 [00:06<00:02, 24.46it/s, loss=1.049, acc=79.6%, lr=2.7e-04]
Epoch 19/80 [Train]:  76%|███████▋  | 159/208 [00:06<00:02, 24.46it/s, loss=1.014, acc=79.6%, lr=2.7e-04]
Epoch 19/80 [Train]:  76%|███████▋  | 159/208 [00:06<00:02, 24.46it/s, loss=0.891, acc=79.6%, lr=2.7e-04]
Epoch 19/80 [Train]:  78%|███████▊  | 162/208 [00:06<00:01, 24.76it/s, loss=0.891, acc=79.6%, lr=2.7e-04]
Epoch 19/80 [Train]:  78%|███████▊  | 162/208 [00:06<00:01, 24.76it/s, loss=1.009, acc=79.6%, lr=2.7e-04]
Epoch 19/80 [Train]:  78%|███████▊  | 162/208 [00:06<00:01, 24.76it/s, loss=1.017, acc=79.6%, lr=2.7e-04]
Epoch 19/80 [Train]:  78%|███████▊  | 162/208 [00:06<00:01, 24.76it/s, loss=0.843, acc=79.6%, lr=2.7e-04]
Epoch 19/80 [Train]:  79%|███████▉  | 165/208 [00:06<00:01, 24.88it/s, loss=0.843, acc=79.6%, lr=2.7e-04]
Epoch 19/80 [Train]:  79%|███████▉  | 165/208 [00:06<00:01, 24.88it/s, loss=0.919, acc=79.6%, lr=2.7e-04]
Epoch 19/80 [Train]:  79%|███████▉  | 165/208 [00:06<00:01, 24.88it/s, loss=0.839, acc=79.6%, lr=2.7e-04]
Epoch 19/80 [Train]:  79%|███████▉  | 165/208 [00:06<00:01, 24.88it/s, loss=1.137, acc=79.6%, lr=2.7e-04]
Epoch 19/80 [Train]:  81%|████████  | 168/208 [00:06<00:01, 23.95it/s, loss=1.137, acc=79.6%, lr=2.7e-04]
Epoch 19/80 [Train]:  81%|████████  | 168/208 [00:06<00:01, 23.95it/s, loss=1.116, acc=79.6%, lr=2.7e-04]
Epoch 19/80 [Train]:  81%|████████  | 168/208 [00:06<00:01, 23.95it/s, loss=1.114, acc=79.5%, lr=2.7e-04]
Epoch 19/80 [Train]:  81%|████████  | 168/208 [00:07<00:01, 23.95it/s, loss=0.987, acc=79.6%, lr=2.7e-04]
Epoch 19/80 [Train]:  82%|████████▏ | 171/208 [00:07<00:01, 24.28it/s, loss=0.987, acc=79.6%, lr=2.7e-04]
Epoch 19/80 [Train]:  82%|████████▏ | 171/208 [00:07<00:01, 24.28it/s, loss=0.840, acc=79.6%, lr=2.7e-04]
Epoch 19/80 [Train]:  82%|████████▏ | 171/208 [00:07<00:01, 24.28it/s, loss=1.069, acc=79.6%, lr=2.7e-04]
Epoch 19/80 [Train]:  82%|████████▏ | 171/208 [00:07<00:01, 24.28it/s, loss=1.093, acc=79.5%, lr=2.7e-04]
Epoch 19/80 [Train]:  84%|████████▎ | 174/208 [00:07<00:01, 24.63it/s, loss=1.093, acc=79.5%, lr=2.7e-04]
Epoch 19/80 [Train]:  84%|████████▎ | 174/208 [00:07<00:01, 24.63it/s, loss=1.198, acc=79.5%, lr=2.7e-04]
Epoch 19/80 [Train]:  84%|████████▎ | 174/208 [00:07<00:01, 24.63it/s, loss=0.885, acc=79.5%, lr=2.7e-04]
Epoch 19/80 [Train]:  84%|████████▎ | 174/208 [00:07<00:01, 24.63it/s, loss=1.238, acc=79.5%, lr=2.7e-04]
Epoch 19/80 [Train]:  85%|████████▌ | 177/208 [00:07<00:01, 25.02it/s, loss=1.238, acc=79.5%, lr=2.7e-04]
Epoch 19/80 [Train]:  85%|████████▌ | 177/208 [00:07<00:01, 25.02it/s, loss=1.188, acc=79.5%, lr=2.7e-04]
Epoch 19/80 [Train]:  85%|████████▌ | 177/208 [00:07<00:01, 25.02it/s, loss=1.280, acc=79.4%, lr=2.7e-04]
Epoch 19/80 [Train]:  85%|████████▌ | 177/208 [00:07<00:01, 25.02it/s, loss=0.995, acc=79.5%, lr=2.7e-04]
Epoch 19/80 [Train]:  87%|████████▋ | 180/208 [00:07<00:01, 25.27it/s, loss=0.995, acc=79.5%, lr=2.7e-04]
Epoch 19/80 [Train]:  87%|████████▋ | 180/208 [00:07<00:01, 25.27it/s, loss=0.910, acc=79.5%, lr=2.7e-04]
Epoch 19/80 [Train]:  87%|████████▋ | 180/208 [00:07<00:01, 25.27it/s, loss=0.970, acc=79.4%, lr=2.7e-04]
Epoch 19/80 [Train]:  87%|████████▋ | 180/208 [00:07<00:01, 25.27it/s, loss=1.123, acc=79.5%, lr=2.7e-04]
Epoch 19/80 [Train]:  88%|████████▊ | 183/208 [00:07<00:00, 25.30it/s, loss=1.123, acc=79.5%, lr=2.7e-04]
Epoch 19/80 [Train]:  88%|████████▊ | 183/208 [00:07<00:00, 25.30it/s, loss=1.161, acc=79.4%, lr=2.7e-04]
Epoch 19/80 [Train]:  88%|████████▊ | 183/208 [00:07<00:00, 25.30it/s, loss=1.238, acc=79.4%, lr=2.7e-04]
Epoch 19/80 [Train]:  88%|████████▊ | 183/208 [00:07<00:00, 25.30it/s, loss=0.854, acc=79.4%, lr=2.7e-04]
Epoch 19/80 [Train]:  89%|████████▉ | 186/208 [00:07<00:00, 25.35it/s, loss=0.854, acc=79.4%, lr=2.7e-04]
Epoch 19/80 [Train]:  89%|████████▉ | 186/208 [00:07<00:00, 25.35it/s, loss=0.995, acc=79.4%, lr=2.7e-04]
Epoch 19/80 [Train]:  89%|████████▉ | 186/208 [00:07<00:00, 25.35it/s, loss=1.191, acc=79.4%, lr=2.7e-04]
Epoch 19/80 [Train]:  89%|████████▉ | 186/208 [00:07<00:00, 25.35it/s, loss=1.075, acc=79.4%, lr=2.7e-04]
Epoch 19/80 [Train]:  91%|█████████ | 189/208 [00:07<00:00, 25.48it/s, loss=1.075, acc=79.4%, lr=2.7e-04]
Epoch 19/80 [Train]:  91%|█████████ | 189/208 [00:07<00:00, 25.48it/s, loss=1.144, acc=79.4%, lr=2.7e-04]
Epoch 19/80 [Train]:  91%|█████████ | 189/208 [00:07<00:00, 25.48it/s, loss=1.122, acc=79.4%, lr=2.7e-04]
Epoch 19/80 [Train]:  91%|█████████ | 189/208 [00:07<00:00, 25.48it/s, loss=1.100, acc=79.3%, lr=2.7e-04]
Epoch 19/80 [Train]:  92%|█████████▏| 192/208 [00:07<00:00, 25.27it/s, loss=1.100, acc=79.3%, lr=2.7e-04]
Epoch 19/80 [Train]:  92%|█████████▏| 192/208 [00:07<00:00, 25.27it/s, loss=0.937, acc=79.3%, lr=2.7e-04]
Epoch 19/80 [Train]:  92%|█████████▏| 192/208 [00:07<00:00, 25.27it/s, loss=1.077, acc=79.3%, lr=2.7e-04]
Epoch 19/80 [Train]:  92%|█████████▏| 192/208 [00:07<00:00, 25.27it/s, loss=1.171, acc=79.3%, lr=2.7e-04]
Epoch 19/80 [Train]:  94%|█████████▍| 195/208 [00:07<00:00, 25.22it/s, loss=1.171, acc=79.3%, lr=2.7e-04]
Epoch 19/80 [Train]:  94%|█████████▍| 195/208 [00:07<00:00, 25.22it/s, loss=1.117, acc=79.3%, lr=2.7e-04]
Epoch 19/80 [Train]:  94%|█████████▍| 195/208 [00:08<00:00, 25.22it/s, loss=1.064, acc=79.3%, lr=2.7e-04]
Epoch 19/80 [Train]:  94%|█████████▍| 195/208 [00:08<00:00, 25.22it/s, loss=1.069, acc=79.3%, lr=2.7e-04]
Epoch 19/80 [Train]:  95%|█████████▌| 198/208 [00:08<00:00, 25.23it/s, loss=1.069, acc=79.3%, lr=2.7e-04]
Epoch 19/80 [Train]:  95%|█████████▌| 198/208 [00:08<00:00, 25.23it/s, loss=0.956, acc=79.3%, lr=2.7e-04]
Epoch 19/80 [Train]:  95%|█████████▌| 198/208 [00:08<00:00, 25.23it/s, loss=1.080, acc=79.3%, lr=2.7e-04]
Epoch 19/80 [Train]:  95%|█████████▌| 198/208 [00:08<00:00, 25.23it/s, loss=1.073, acc=79.3%, lr=2.7e-04]
Epoch 19/80 [Train]:  97%|█████████▋| 201/208 [00:08<00:00, 24.90it/s, loss=1.073, acc=79.3%, lr=2.7e-04]
Epoch 19/80 [Train]:  97%|█████████▋| 201/208 [00:08<00:00, 24.90it/s, loss=1.296, acc=79.2%, lr=2.7e-04]
Epoch 19/80 [Train]:  97%|█████████▋| 201/208 [00:08<00:00, 24.90it/s, loss=0.846, acc=79.3%, lr=2.7e-04]
Epoch 19/80 [Train]:  97%|█████████▋| 201/208 [00:08<00:00, 24.90it/s, loss=0.936, acc=79.3%, lr=2.7e-04]
Epoch 19/80 [Train]:  98%|█████████▊| 204/208 [00:08<00:00, 25.06it/s, loss=0.936, acc=79.3%, lr=2.7e-04]
Epoch 19/80 [Train]:  98%|█████████▊| 204/208 [00:08<00:00, 25.06it/s, loss=0.938, acc=79.3%, lr=2.7e-04]
Epoch 19/80 [Train]:  98%|█████████▊| 204/208 [00:08<00:00, 25.06it/s, loss=1.026, acc=79.3%, lr=2.7e-04]
Epoch 19/80 [Train]:  98%|█████████▊| 204/208 [00:08<00:00, 25.06it/s, loss=1.145, acc=79.3%, lr=2.7e-04]
Epoch 19/80 [Train]: 100%|█████████▉| 207/208 [00:08<00:00, 25.30it/s, loss=1.145, acc=79.3%, lr=2.7e-04]
Epoch 19/80 [Train]: 100%|█████████▉| 207/208 [00:08<00:00, 25.30it/s, loss=1.087, acc=79.3%, lr=2.7e-04]
Epoch 19/80 [Train]: 100%|██████████| 208/208 [00:08<00:00, 24.64it/s, loss=1.087, acc=79.3%, lr=2.7e-04]

[2026-08-17 01:20:33] [EPOCH 19 SUMMARY]
  Train: Loss = 1.0339 | Top-1 Acc =  79.28%
  Val:   Top-1 Acc =  11.28% | Top-3 =  30.69% | Top-5 =  39.78%
         APL = 11.87 dB | Profile MAE =  2.23 dB (Rank Corr: 0.491)
  Time:  Epoch = 8.4s (Val Eval: 2.0s) | Total Elapsed = 00h:02m:48s | ETA: 00h:09m:00s
  -> [INFO] No improvement for 11/12 epochs (Best: 15.65%)

[2026-08-17 01:20:33] >>> [EPOCH 20/80] Training Started <<<

Epoch 20/80 [Train]:   0%|          | 0/208 [00:00<?, ?it/s]
Epoch 20/80 [Train]:   0%|          | 0/208 [00:00<?, ?it/s, loss=0.898, acc=85.9%, lr=2.7e-04]
Epoch 20/80 [Train]:   0%|          | 0/208 [00:00<?, ?it/s, loss=0.875, acc=85.2%, lr=2.7e-04]
Epoch 20/80 [Train]:   0%|          | 0/208 [00:00<?, ?it/s, loss=0.915, acc=84.9%, lr=2.7e-04]
Epoch 20/80 [Train]:   1%|▏         | 3/208 [00:00<00:08, 23.98it/s, loss=0.915, acc=84.9%, lr=2.7e-04]
Epoch 20/80 [Train]:   1%|▏         | 3/208 [00:00<00:08, 23.98it/s, loss=1.003, acc=82.8%, lr=2.7e-04]
Epoch 20/80 [Train]:   1%|▏         | 3/208 [00:00<00:08, 23.98it/s, loss=0.997, acc=82.2%, lr=2.7e-04]
Epoch 20/80 [Train]:   1%|▏         | 3/208 [00:00<00:08, 23.98it/s, loss=0.768, acc=82.6%, lr=2.7e-04]
Epoch 20/80 [Train]:   3%|▎         | 6/208 [00:00<00:08, 24.88it/s, loss=0.768, acc=82.6%, lr=2.7e-04]
Epoch 20/80 [Train]:   3%|▎         | 6/208 [00:00<00:08, 24.88it/s, loss=1.010, acc=82.6%, lr=2.7e-04]
Epoch 20/80 [Train]:   3%|▎         | 6/208 [00:00<00:08, 24.88it/s, loss=1.147, acc=82.0%, lr=2.7e-04]
Epoch 20/80 [Train]:   3%|▎         | 6/208 [00:00<00:08, 24.88it/s, loss=0.933, acc=83.0%, lr=2.7e-04]
Epoch 20/80 [Train]:   4%|▍         | 9/208 [00:00<00:08, 23.86it/s, loss=0.933, acc=83.0%, lr=2.7e-04]
Epoch 20/80 [Train]:   4%|▍         | 9/208 [00:00<00:08, 23.86it/s, loss=0.957, acc=83.0%, lr=2.7e-04]
Epoch 20/80 [Train]:   4%|▍         | 9/208 [00:00<00:08, 23.86it/s, loss=1.266, acc=81.8%, lr=2.7e-04]
Epoch 20/80 [Train]:   4%|▍         | 9/208 [00:00<00:08, 23.86it/s, loss=0.786, acc=82.2%, lr=2.7e-04]
Epoch 20/80 [Train]:   6%|▌         | 12/208 [00:00<00:08, 24.47it/s, loss=0.786, acc=82.2%, lr=2.7e-04]
Epoch 20/80 [Train]:   6%|▌         | 12/208 [00:00<00:08, 24.47it/s, loss=1.173, acc=81.4%, lr=2.7e-04]
Epoch 20/80 [Train]:   6%|▌         | 12/208 [00:00<00:08, 24.47it/s, loss=0.921, acc=81.4%, lr=2.7e-04]
Epoch 20/80 [Train]:   6%|▌         | 12/208 [00:00<00:08, 24.47it/s, loss=1.249, acc=80.7%, lr=2.7e-04]
Epoch 20/80 [Train]:   7%|▋         | 15/208 [00:00<00:07, 24.97it/s, loss=1.249, acc=80.7%, lr=2.7e-04]
Epoch 20/80 [Train]:   7%|▋         | 15/208 [00:00<00:07, 24.97it/s, loss=0.988, acc=80.9%, lr=2.7e-04]
Epoch 20/80 [Train]:   7%|▋         | 15/208 [00:00<00:07, 24.97it/s, loss=1.097, acc=80.6%, lr=2.7e-04]
Epoch 20/80 [Train]:   7%|▋         | 15/208 [00:00<00:07, 24.97it/s, loss=1.118, acc=80.8%, lr=2.7e-04]
Epoch 20/80 [Train]:   9%|▊         | 18/208 [00:00<00:07, 25.19it/s, loss=1.118, acc=80.8%, lr=2.7e-04]
Epoch 20/80 [Train]:   9%|▊         | 18/208 [00:00<00:07, 25.19it/s, loss=0.805, acc=81.3%, lr=2.7e-04]
Epoch 20/80 [Train]:   9%|▊         | 18/208 [00:00<00:07, 25.19it/s, loss=0.956, acc=81.4%, lr=2.7e-04]
Epoch 20/80 [Train]:   9%|▊         | 18/208 [00:00<00:07, 25.19it/s, loss=0.990, acc=81.5%, lr=2.7e-04]
Epoch 20/80 [Train]:  10%|█         | 21/208 [00:00<00:07, 24.42it/s, loss=0.990, acc=81.5%, lr=2.7e-04]
Epoch 20/80 [Train]:  10%|█         | 21/208 [00:00<00:07, 24.42it/s, loss=1.030, acc=81.3%, lr=2.7e-04]
Epoch 20/80 [Train]:  10%|█         | 21/208 [00:00<00:07, 24.42it/s, loss=1.001, acc=81.4%, lr=2.7e-04]
Epoch 20/80 [Train]:  10%|█         | 21/208 [00:00<00:07, 24.42it/s, loss=1.026, acc=81.3%, lr=2.7e-04]
Epoch 20/80 [Train]:  12%|█▏        | 24/208 [00:00<00:07, 24.79it/s, loss=1.026, acc=81.3%, lr=2.7e-04]
Epoch 20/80 [Train]:  12%|█▏        | 24/208 [00:01<00:07, 24.79it/s, loss=1.030, acc=81.1%, lr=2.7e-04]
Epoch 20/80 [Train]:  12%|█▏        | 24/208 [00:01<00:07, 24.79it/s, loss=1.180, acc=80.8%, lr=2.7e-04]
Epoch 20/80 [Train]:  12%|█▏        | 24/208 [00:01<00:07, 24.79it/s, loss=1.034, acc=81.0%, lr=2.7e-04]
Epoch 20/80 [Train]:  13%|█▎        | 27/208 [00:01<00:07, 24.90it/s, loss=1.034, acc=81.0%, lr=2.7e-04]
Epoch 20/80 [Train]:  13%|█▎        | 27/208 [00:01<00:07, 24.90it/s, loss=0.848, acc=81.2%, lr=2.7e-04]
Epoch 20/80 [Train]:  13%|█▎        | 27/208 [00:01<00:07, 24.90it/s, loss=0.944, acc=81.3%, lr=2.7e-04]
Epoch 20/80 [Train]:  13%|█▎        | 27/208 [00:01<00:07, 24.90it/s, loss=1.006, acc=81.2%, lr=2.7e-04]
Epoch 20/80 [Train]:  14%|█▍        | 30/208 [00:01<00:07, 24.97it/s, loss=1.006, acc=81.2%, lr=2.7e-04]
Epoch 20/80 [Train]:  14%|█▍        | 30/208 [00:01<00:07, 24.97it/s, loss=0.975, acc=81.4%, lr=2.7e-04]
Epoch 20/80 [Train]:  14%|█▍        | 30/208 [00:01<00:07, 24.97it/s, loss=0.956, acc=81.4%, lr=2.7e-04]
Epoch 20/80 [Train]:  14%|█▍        | 30/208 [00:01<00:07, 24.97it/s, loss=1.053, acc=81.7%, lr=2.7e-04]
Epoch 20/80 [Train]:  16%|█▌        | 33/208 [00:01<00:06, 25.08it/s, loss=1.053, acc=81.7%, lr=2.7e-04]
Epoch 20/80 [Train]:  16%|█▌        | 33/208 [00:01<00:06, 25.08it/s, loss=0.912, acc=81.7%, lr=2.7e-04]
Epoch 20/80 [Train]:  16%|█▌        | 33/208 [00:01<00:06, 25.08it/s, loss=0.915, acc=81.5%, lr=2.7e-04]
Epoch 20/80 [Train]:  16%|█▌        | 33/208 [00:01<00:06, 25.08it/s, loss=0.972, acc=81.6%, lr=2.7e-04]
Epoch 20/80 [Train]:  17%|█▋        | 36/208 [00:01<00:06, 24.97it/s, loss=0.972, acc=81.6%, lr=2.7e-04]
Epoch 20/80 [Train]:  17%|█▋        | 36/208 [00:01<00:06, 24.97it/s, loss=0.970, acc=81.8%, lr=2.7e-04]
Epoch 20/80 [Train]:  17%|█▋        | 36/208 [00:01<00:06, 24.97it/s, loss=1.063, acc=81.8%, lr=2.7e-04]
Epoch 20/80 [Train]:  17%|█▋        | 36/208 [00:01<00:06, 24.97it/s, loss=0.899, acc=81.9%, lr=2.7e-04]
Epoch 20/80 [Train]:  19%|█▉        | 39/208 [00:01<00:06, 25.03it/s, loss=0.899, acc=81.9%, lr=2.7e-04]
Epoch 20/80 [Train]:  19%|█▉        | 39/208 [00:01<00:06, 25.03it/s, loss=0.981, acc=81.8%, lr=2.7e-04]
Epoch 20/80 [Train]:  19%|█▉        | 39/208 [00:01<00:06, 25.03it/s, loss=1.208, acc=81.7%, lr=2.7e-04]
Epoch 20/80 [Train]:  19%|█▉        | 39/208 [00:01<00:06, 25.03it/s, loss=0.896, acc=81.8%, lr=2.7e-04]
Epoch 20/80 [Train]:  20%|██        | 42/208 [00:01<00:06, 25.14it/s, loss=0.896, acc=81.8%, lr=2.7e-04]
Epoch 20/80 [Train]:  20%|██        | 42/208 [00:01<00:06, 25.14it/s, loss=0.897, acc=81.9%, lr=2.7e-04]
Epoch 20/80 [Train]:  20%|██        | 42/208 [00:01<00:06, 25.14it/s, loss=0.920, acc=81.8%, lr=2.7e-04]
Epoch 20/80 [Train]:  20%|██        | 42/208 [00:01<00:06, 25.14it/s, loss=1.068, acc=81.8%, lr=2.7e-04]
Epoch 20/80 [Train]:  22%|██▏       | 45/208 [00:01<00:06, 25.32it/s, loss=1.068, acc=81.8%, lr=2.7e-04]
Epoch 20/80 [Train]:  22%|██▏       | 45/208 [00:01<00:06, 25.32it/s, loss=1.056, acc=81.7%, lr=2.7e-04]
Epoch 20/80 [Train]:  22%|██▏       | 45/208 [00:01<00:06, 25.32it/s, loss=1.067, acc=81.5%, lr=2.7e-04]
Epoch 20/80 [Train]:  22%|██▏       | 45/208 [00:01<00:06, 25.32it/s, loss=0.999, acc=81.5%, lr=2.7e-04]
Epoch 20/80 [Train]:  23%|██▎       | 48/208 [00:01<00:06, 25.23it/s, loss=0.999, acc=81.5%, lr=2.7e-04]
Epoch 20/80 [Train]:  23%|██▎       | 48/208 [00:01<00:06, 25.23it/s, loss=0.760, acc=81.6%, lr=2.7e-04]
Epoch 20/80 [Train]:  23%|██▎       | 48/208 [00:02<00:06, 25.23it/s, loss=1.028, acc=81.6%, lr=2.7e-04]
Epoch 20/80 [Train]:  23%|██▎       | 48/208 [00:02<00:06, 25.23it/s, loss=0.791, acc=81.6%, lr=2.7e-04]
Epoch 20/80 [Train]:  25%|██▍       | 51/208 [00:02<00:06, 25.36it/s, loss=0.791, acc=81.6%, lr=2.7e-04]
Epoch 20/80 [Train]:  25%|██▍       | 51/208 [00:02<00:06, 25.36it/s, loss=1.029, acc=81.5%, lr=2.7e-04]
Epoch 20/80 [Train]:  25%|██▍       | 51/208 [00:02<00:06, 25.36it/s, loss=0.848, acc=81.4%, lr=2.7e-04]
Epoch 20/80 [Train]:  25%|██▍       | 51/208 [00:02<00:06, 25.36it/s, loss=1.095, acc=81.3%, lr=2.7e-04]
Epoch 20/80 [Train]:  26%|██▌       | 54/208 [00:02<00:06, 25.28it/s, loss=1.095, acc=81.3%, lr=2.7e-04]
Epoch 20/80 [Train]:  26%|██▌       | 54/208 [00:02<00:06, 25.28it/s, loss=0.948, acc=81.3%, lr=2.7e-04]
Epoch 20/80 [Train]:  26%|██▌       | 54/208 [00:02<00:06, 25.28it/s, loss=0.876, acc=81.4%, lr=2.7e-04]
Epoch 20/80 [Train]:  26%|██▌       | 54/208 [00:02<00:06, 25.28it/s, loss=1.273, acc=81.3%, lr=2.7e-04]
Epoch 20/80 [Train]:  27%|██▋       | 57/208 [00:02<00:05, 25.36it/s, loss=1.273, acc=81.3%, lr=2.7e-04]
Epoch 20/80 [Train]:  27%|██▋       | 57/208 [00:02<00:05, 25.36it/s, loss=1.280, acc=81.3%, lr=2.7e-04]
Epoch 20/80 [Train]:  27%|██▋       | 57/208 [00:02<00:05, 25.36it/s, loss=1.030, acc=81.3%, lr=2.7e-04]
Epoch 20/80 [Train]:  27%|██▋       | 57/208 [00:02<00:05, 25.36it/s, loss=0.981, acc=81.2%, lr=2.7e-04]
Epoch 20/80 [Train]:  29%|██▉       | 60/208 [00:02<00:05, 25.26it/s, loss=0.981, acc=81.2%, lr=2.7e-04]
Epoch 20/80 [Train]:  29%|██▉       | 60/208 [00:02<00:05, 25.26it/s, loss=0.907, acc=81.2%, lr=2.7e-04]
Epoch 20/80 [Train]:  29%|██▉       | 60/208 [00:02<00:05, 25.26it/s, loss=0.944, acc=81.2%, lr=2.7e-04]
Epoch 20/80 [Train]:  29%|██▉       | 60/208 [00:02<00:05, 25.26it/s, loss=0.847, acc=81.2%, lr=2.7e-04]
Epoch 20/80 [Train]:  30%|███       | 63/208 [00:02<00:05, 25.17it/s, loss=0.847, acc=81.2%, lr=2.7e-04]
Epoch 20/80 [Train]:  30%|███       | 63/208 [00:02<00:05, 25.17it/s, loss=1.168, acc=81.2%, lr=2.7e-04]
Epoch 20/80 [Train]:  30%|███       | 63/208 [00:02<00:05, 25.17it/s, loss=0.950, acc=81.1%, lr=2.7e-04]
Epoch 20/80 [Train]:  30%|███       | 63/208 [00:02<00:05, 25.17it/s, loss=1.017, acc=81.1%, lr=2.7e-04]
Epoch 20/80 [Train]:  32%|███▏      | 66/208 [00:02<00:05, 25.25it/s, loss=1.017, acc=81.1%, lr=2.7e-04]
Epoch 20/80 [Train]:  32%|███▏      | 66/208 [00:02<00:05, 25.25it/s, loss=1.085, acc=81.0%, lr=2.7e-04]
Epoch 20/80 [Train]:  32%|███▏      | 66/208 [00:02<00:05, 25.25it/s, loss=1.086, acc=81.0%, lr=2.7e-04]
Epoch 20/80 [Train]:  32%|███▏      | 66/208 [00:02<00:05, 25.25it/s, loss=0.819, acc=81.1%, lr=2.7e-04]
Epoch 20/80 [Train]:  33%|███▎      | 69/208 [00:02<00:05, 25.23it/s, loss=0.819, acc=81.1%, lr=2.7e-04]
Epoch 20/80 [Train]:  33%|███▎      | 69/208 [00:02<00:05, 25.23it/s, loss=1.088, acc=81.1%, lr=2.7e-04]
Epoch 20/80 [Train]:  33%|███▎      | 69/208 [00:02<00:05, 25.23it/s, loss=0.971, acc=81.0%, lr=2.7e-04]
Epoch 20/80 [Train]:  33%|███▎      | 69/208 [00:02<00:05, 25.23it/s, loss=0.941, acc=81.0%, lr=2.7e-04]
Epoch 20/80 [Train]:  35%|███▍      | 72/208 [00:02<00:05, 25.37it/s, loss=0.941, acc=81.0%, lr=2.7e-04]
Epoch 20/80 [Train]:  35%|███▍      | 72/208 [00:02<00:05, 25.37it/s, loss=1.029, acc=81.0%, lr=2.7e-04]
Epoch 20/80 [Train]:  35%|███▍      | 72/208 [00:02<00:05, 25.37it/s, loss=0.916, acc=81.0%, lr=2.7e-04]
Epoch 20/80 [Train]:  35%|███▍      | 72/208 [00:02<00:05, 25.37it/s, loss=1.074, acc=81.0%, lr=2.7e-04]
Epoch 20/80 [Train]:  36%|███▌      | 75/208 [00:02<00:05, 25.01it/s, loss=1.074, acc=81.0%, lr=2.7e-04]
Epoch 20/80 [Train]:  36%|███▌      | 75/208 [00:03<00:05, 25.01it/s, loss=0.972, acc=81.1%, lr=2.7e-04]
Epoch 20/80 [Train]:  36%|███▌      | 75/208 [00:03<00:05, 25.01it/s, loss=1.025, acc=81.1%, lr=2.7e-04]
Epoch 20/80 [Train]:  36%|███▌      | 75/208 [00:03<00:05, 25.01it/s, loss=1.006, acc=81.0%, lr=2.7e-04]
Epoch 20/80 [Train]:  38%|███▊      | 78/208 [00:03<00:05, 25.20it/s, loss=1.006, acc=81.0%, lr=2.7e-04]
Epoch 20/80 [Train]:  38%|███▊      | 78/208 [00:03<00:05, 25.20it/s, loss=1.128, acc=80.9%, lr=2.7e-04]
Epoch 20/80 [Train]:  38%|███▊      | 78/208 [00:03<00:05, 25.20it/s, loss=1.038, acc=80.9%, lr=2.7e-04]
Epoch 20/80 [Train]:  38%|███▊      | 78/208 [00:03<00:05, 25.20it/s, loss=1.069, acc=80.9%, lr=2.7e-04]
Epoch 20/80 [Train]:  39%|███▉      | 81/208 [00:03<00:05, 25.31it/s, loss=1.069, acc=80.9%, lr=2.7e-04]
Epoch 20/80 [Train]:  39%|███▉      | 81/208 [00:03<00:05, 25.31it/s, loss=0.769, acc=80.9%, lr=2.7e-04]
Epoch 20/80 [Train]:  39%|███▉      | 81/208 [00:03<00:05, 25.31it/s, loss=0.861, acc=80.9%, lr=2.7e-04]
Epoch 20/80 [Train]:  39%|███▉      | 81/208 [00:03<00:05, 25.31it/s, loss=1.041, acc=80.9%, lr=2.7e-04]
Epoch 20/80 [Train]:  40%|████      | 84/208 [00:03<00:04, 25.06it/s, loss=1.041, acc=80.9%, lr=2.7e-04]
Epoch 20/80 [Train]:  40%|████      | 84/208 [00:03<00:04, 25.06it/s, loss=0.862, acc=81.0%, lr=2.7e-04]
Epoch 20/80 [Train]:  40%|████      | 84/208 [00:03<00:04, 25.06it/s, loss=1.021, acc=81.0%, lr=2.7e-04]
Epoch 20/80 [Train]:  40%|████      | 84/208 [00:03<00:04, 25.06it/s, loss=0.885, acc=80.9%, lr=2.7e-04]
Epoch 20/80 [Train]:  42%|████▏     | 87/208 [00:03<00:04, 25.23it/s, loss=0.885, acc=80.9%, lr=2.7e-04]
Epoch 20/80 [Train]:  42%|████▏     | 87/208 [00:03<00:04, 25.23it/s, loss=0.795, acc=81.0%, lr=2.7e-04]
Epoch 20/80 [Train]:  42%|████▏     | 87/208 [00:03<00:04, 25.23it/s, loss=1.026, acc=81.0%, lr=2.7e-04]
Epoch 20/80 [Train]:  42%|████▏     | 87/208 [00:03<00:04, 25.23it/s, loss=1.004, acc=81.0%, lr=2.7e-04]
Epoch 20/80 [Train]:  43%|████▎     | 90/208 [00:03<00:04, 25.28it/s, loss=1.004, acc=81.0%, lr=2.7e-04]
Epoch 20/80 [Train]:  43%|████▎     | 90/208 [00:03<00:04, 25.28it/s, loss=1.093, acc=80.9%, lr=2.7e-04]
Epoch 20/80 [Train]:  43%|████▎     | 90/208 [00:03<00:04, 25.28it/s, loss=1.101, acc=80.9%, lr=2.7e-04]
Epoch 20/80 [Train]:  43%|████▎     | 90/208 [00:03<00:04, 25.28it/s, loss=1.134, acc=80.9%, lr=2.7e-04]
Epoch 20/80 [Train]:  45%|████▍     | 93/208 [00:03<00:04, 25.21it/s, loss=1.134, acc=80.9%, lr=2.7e-04]
Epoch 20/80 [Train]:  45%|████▍     | 93/208 [00:03<00:04, 25.21it/s, loss=0.940, acc=81.0%, lr=2.7e-04]
Epoch 20/80 [Train]:  45%|████▍     | 93/208 [00:03<00:04, 25.21it/s, loss=1.053, acc=80.9%, lr=2.7e-04]
Epoch 20/80 [Train]:  45%|████▍     | 93/208 [00:03<00:04, 25.21it/s, loss=1.009, acc=80.9%, lr=2.7e-04]
Epoch 20/80 [Train]:  46%|████▌     | 96/208 [00:03<00:04, 25.22it/s, loss=1.009, acc=80.9%, lr=2.7e-04]
Epoch 20/80 [Train]:  46%|████▌     | 96/208 [00:03<00:04, 25.22it/s, loss=0.921, acc=81.0%, lr=2.7e-04]
Epoch 20/80 [Train]:  46%|████▌     | 96/208 [00:03<00:04, 25.22it/s, loss=0.873, acc=81.0%, lr=2.7e-04]
Epoch 20/80 [Train]:  46%|████▌     | 96/208 [00:03<00:04, 25.22it/s, loss=1.034, acc=80.9%, lr=2.7e-04]
Epoch 20/80 [Train]:  48%|████▊     | 99/208 [00:03<00:04, 25.15it/s, loss=1.034, acc=80.9%, lr=2.7e-04]
Epoch 20/80 [Train]:  48%|████▊     | 99/208 [00:03<00:04, 25.15it/s, loss=0.909, acc=80.8%, lr=2.7e-04]
Epoch 20/80 [Train]:  48%|████▊     | 99/208 [00:04<00:04, 25.15it/s, loss=0.910, acc=80.8%, lr=2.7e-04]
Epoch 20/80 [Train]:  48%|████▊     | 99/208 [00:04<00:04, 25.15it/s, loss=0.913, acc=80.9%, lr=2.7e-04]
Epoch 20/80 [Train]:  49%|████▉     | 102/208 [00:04<00:04, 25.19it/s, loss=0.913, acc=80.9%, lr=2.7e-04]
Epoch 20/80 [Train]:  49%|████▉     | 102/208 [00:04<00:04, 25.19it/s, loss=1.134, acc=80.8%, lr=2.7e-04]
Epoch 20/80 [Train]:  49%|████▉     | 102/208 [00:04<00:04, 25.19it/s, loss=1.139, acc=80.8%, lr=2.7e-04]
Epoch 20/80 [Train]:  49%|████▉     | 102/208 [00:04<00:04, 25.19it/s, loss=1.043, acc=80.8%, lr=2.7e-04]
Epoch 20/80 [Train]:  50%|█████     | 105/208 [00:04<00:04, 25.19it/s, loss=1.043, acc=80.8%, lr=2.7e-04]
Epoch 20/80 [Train]:  50%|█████     | 105/208 [00:04<00:04, 25.19it/s, loss=1.198, acc=80.6%, lr=2.7e-04]
Epoch 20/80 [Train]:  50%|█████     | 105/208 [00:04<00:04, 25.19it/s, loss=1.042, acc=80.6%, lr=2.7e-04]
Epoch 20/80 [Train]:  50%|█████     | 105/208 [00:04<00:04, 25.19it/s, loss=0.954, acc=80.6%, lr=2.7e-04]
Epoch 20/80 [Train]:  52%|█████▏    | 108/208 [00:04<00:03, 25.25it/s, loss=0.954, acc=80.6%, lr=2.7e-04]
Epoch 20/80 [Train]:  52%|█████▏    | 108/208 [00:04<00:03, 25.25it/s, loss=0.926, acc=80.7%, lr=2.7e-04]
Epoch 20/80 [Train]:  52%|█████▏    | 108/208 [00:04<00:03, 25.25it/s, loss=1.105, acc=80.6%, lr=2.7e-04]
Epoch 20/80 [Train]:  52%|█████▏    | 108/208 [00:04<00:03, 25.25it/s, loss=1.182, acc=80.6%, lr=2.7e-04]
Epoch 20/80 [Train]:  53%|█████▎    | 111/208 [00:04<00:03, 24.82it/s, loss=1.182, acc=80.6%, lr=2.7e-04]
Epoch 20/80 [Train]:  53%|█████▎    | 111/208 [00:04<00:03, 24.82it/s, loss=0.857, acc=80.7%, lr=2.7e-04]
Epoch 20/80 [Train]:  53%|█████▎    | 111/208 [00:04<00:03, 24.82it/s, loss=0.797, acc=80.7%, lr=2.7e-04]
Epoch 20/80 [Train]:  53%|█████▎    | 111/208 [00:04<00:03, 24.82it/s, loss=1.037, acc=80.7%, lr=2.7e-04]
Epoch 20/80 [Train]:  55%|█████▍    | 114/208 [00:04<00:03, 24.86it/s, loss=1.037, acc=80.7%, lr=2.7e-04]
Epoch 20/80 [Train]:  55%|█████▍    | 114/208 [00:04<00:03, 24.86it/s, loss=0.750, acc=80.7%, lr=2.7e-04]
Epoch 20/80 [Train]:  55%|█████▍    | 114/208 [00:04<00:03, 24.86it/s, loss=0.864, acc=80.8%, lr=2.7e-04]
Epoch 20/80 [Train]:  55%|█████▍    | 114/208 [00:04<00:03, 24.86it/s, loss=0.997, acc=80.8%, lr=2.7e-04]
Epoch 20/80 [Train]:  56%|█████▋    | 117/208 [00:04<00:03, 25.13it/s, loss=0.997, acc=80.8%, lr=2.7e-04]
Epoch 20/80 [Train]:  56%|█████▋    | 117/208 [00:04<00:03, 25.13it/s, loss=1.070, acc=80.8%, lr=2.7e-04]
Epoch 20/80 [Train]:  56%|█████▋    | 117/208 [00:04<00:03, 25.13it/s, loss=1.021, acc=80.8%, lr=2.7e-04]
Epoch 20/80 [Train]:  56%|█████▋    | 117/208 [00:04<00:03, 25.13it/s, loss=0.771, acc=80.9%, lr=2.7e-04]
Epoch 20/80 [Train]:  58%|█████▊    | 120/208 [00:04<00:03, 25.31it/s, loss=0.771, acc=80.9%, lr=2.7e-04]
Epoch 20/80 [Train]:  58%|█████▊    | 120/208 [00:04<00:03, 25.31it/s, loss=0.993, acc=80.8%, lr=2.7e-04]
Epoch 20/80 [Train]:  58%|█████▊    | 120/208 [00:04<00:03, 25.31it/s, loss=1.053, acc=80.8%, lr=2.7e-04]
Epoch 20/80 [Train]:  58%|█████▊    | 120/208 [00:04<00:03, 25.31it/s, loss=0.909, acc=80.8%, lr=2.7e-04]
Epoch 20/80 [Train]:  59%|█████▉    | 123/208 [00:04<00:03, 24.97it/s, loss=0.909, acc=80.8%, lr=2.7e-04]
Epoch 20/80 [Train]:  59%|█████▉    | 123/208 [00:04<00:03, 24.97it/s, loss=0.872, acc=80.8%, lr=2.7e-04]
Epoch 20/80 [Train]:  59%|█████▉    | 123/208 [00:04<00:03, 24.97it/s, loss=0.990, acc=80.8%, lr=2.7e-04]
Epoch 20/80 [Train]:  59%|█████▉    | 123/208 [00:05<00:03, 24.97it/s, loss=1.005, acc=80.8%, lr=2.7e-04]
Epoch 20/80 [Train]:  61%|██████    | 126/208 [00:05<00:03, 24.82it/s, loss=1.005, acc=80.8%, lr=2.7e-04]
Epoch 20/80 [Train]:  61%|██████    | 126/208 [00:05<00:03, 24.82it/s, loss=1.194, acc=80.8%, lr=2.7e-04]
Epoch 20/80 [Train]:  61%|██████    | 126/208 [00:05<00:03, 24.82it/s, loss=0.841, acc=80.8%, lr=2.7e-04]
Epoch 20/80 [Train]:  61%|██████    | 126/208 [00:05<00:03, 24.82it/s, loss=0.823, acc=80.8%, lr=2.7e-04]
Epoch 20/80 [Train]:  62%|██████▏   | 129/208 [00:05<00:03, 25.04it/s, loss=0.823, acc=80.8%, lr=2.7e-04]
Epoch 20/80 [Train]:  62%|██████▏   | 129/208 [00:05<00:03, 25.04it/s, loss=0.970, acc=80.9%, lr=2.7e-04]
Epoch 20/80 [Train]:  62%|██████▏   | 129/208 [00:05<00:03, 25.04it/s, loss=0.950, acc=80.9%, lr=2.7e-04]
Epoch 20/80 [Train]:  62%|██████▏   | 129/208 [00:05<00:03, 25.04it/s, loss=1.030, acc=80.9%, lr=2.7e-04]
Epoch 20/80 [Train]:  63%|██████▎   | 132/208 [00:05<00:03, 25.13it/s, loss=1.030, acc=80.9%, lr=2.7e-04]
Epoch 20/80 [Train]:  63%|██████▎   | 132/208 [00:05<00:03, 25.13it/s, loss=1.131, acc=80.9%, lr=2.7e-04]
Epoch 20/80 [Train]:  63%|██████▎   | 132/208 [00:05<00:03, 25.13it/s, loss=1.090, acc=81.0%, lr=2.7e-04]
Epoch 20/80 [Train]:  63%|██████▎   | 132/208 [00:05<00:03, 25.13it/s, loss=1.091, acc=81.0%, lr=2.7e-04]
Epoch 20/80 [Train]:  65%|██████▍   | 135/208 [00:05<00:02, 25.24it/s, loss=1.091, acc=81.0%, lr=2.7e-04]
Epoch 20/80 [Train]:  65%|██████▍   | 135/208 [00:05<00:02, 25.24it/s, loss=0.923, acc=81.0%, lr=2.7e-04]
Epoch 20/80 [Train]:  65%|██████▍   | 135/208 [00:05<00:02, 25.24it/s, loss=0.906, acc=81.0%, lr=2.7e-04]
Epoch 20/80 [Train]:  65%|██████▍   | 135/208 [00:05<00:02, 25.24it/s, loss=0.845, acc=81.1%, lr=2.7e-04]
Epoch 20/80 [Train]:  66%|██████▋   | 138/208 [00:05<00:02, 25.24it/s, loss=0.845, acc=81.1%, lr=2.7e-04]
Epoch 20/80 [Train]:  66%|██████▋   | 138/208 [00:05<00:02, 25.24it/s, loss=0.974, acc=81.1%, lr=2.7e-04]
Epoch 20/80 [Train]:  66%|██████▋   | 138/208 [00:05<00:02, 25.24it/s, loss=1.010, acc=81.1%, lr=2.7e-04]
Epoch 20/80 [Train]:  66%|██████▋   | 138/208 [00:05<00:02, 25.24it/s, loss=1.231, acc=81.1%, lr=2.7e-04]
Epoch 20/80 [Train]:  68%|██████▊   | 141/208 [00:05<00:02, 25.07it/s, loss=1.231, acc=81.1%, lr=2.7e-04]
Epoch 20/80 [Train]:  68%|██████▊   | 141/208 [00:05<00:02, 25.07it/s, loss=1.130, acc=81.0%, lr=2.7e-04]
Epoch 20/80 [Train]:  68%|██████▊   | 141/208 [00:05<00:02, 25.07it/s, loss=1.007, acc=81.0%, lr=2.7e-04]
Epoch 20/80 [Train]:  68%|██████▊   | 141/208 [00:05<00:02, 25.07it/s, loss=1.062, acc=81.0%, lr=2.7e-04]
Epoch 20/80 [Train]:  69%|██████▉   | 144/208 [00:05<00:02, 25.06it/s, loss=1.062, acc=81.0%, lr=2.7e-04]
Epoch 20/80 [Train]:  69%|██████▉   | 144/208 [00:05<00:02, 25.06it/s, loss=1.170, acc=81.0%, lr=2.7e-04]
Epoch 20/80 [Train]:  69%|██████▉   | 144/208 [00:05<00:02, 25.06it/s, loss=1.113, acc=81.0%, lr=2.7e-04]
Epoch 20/80 [Train]:  69%|██████▉   | 144/208 [00:05<00:02, 25.06it/s, loss=0.880, acc=81.0%, lr=2.7e-04]
Epoch 20/80 [Train]:  71%|███████   | 147/208 [00:05<00:02, 25.18it/s, loss=0.880, acc=81.0%, lr=2.7e-04]
Epoch 20/80 [Train]:  71%|███████   | 147/208 [00:05<00:02, 25.18it/s, loss=0.879, acc=81.0%, lr=2.7e-04]
Epoch 20/80 [Train]:  71%|███████   | 147/208 [00:05<00:02, 25.18it/s, loss=1.051, acc=81.0%, lr=2.7e-04]
Epoch 20/80 [Train]:  71%|███████   | 147/208 [00:05<00:02, 25.18it/s, loss=1.052, acc=80.9%, lr=2.7e-04]
Epoch 20/80 [Train]:  72%|███████▏  | 150/208 [00:05<00:02, 25.32it/s, loss=1.052, acc=80.9%, lr=2.7e-04]
Epoch 20/80 [Train]:  72%|███████▏  | 150/208 [00:06<00:02, 25.32it/s, loss=0.884, acc=80.9%, lr=2.7e-04]
Epoch 20/80 [Train]:  72%|███████▏  | 150/208 [00:06<00:02, 25.32it/s, loss=1.007, acc=80.9%, lr=2.7e-04]
Epoch 20/80 [Train]:  72%|███████▏  | 150/208 [00:06<00:02, 25.32it/s, loss=0.886, acc=81.0%, lr=2.7e-04]
Epoch 20/80 [Train]:  74%|███████▎  | 153/208 [00:06<00:02, 25.25it/s, loss=0.886, acc=81.0%, lr=2.7e-04]
Epoch 20/80 [Train]:  74%|███████▎  | 153/208 [00:06<00:02, 25.25it/s, loss=0.978, acc=80.9%, lr=2.7e-04]
Epoch 20/80 [Train]:  74%|███████▎  | 153/208 [00:06<00:02, 25.25it/s, loss=1.086, acc=80.9%, lr=2.7e-04]
Epoch 20/80 [Train]:  74%|███████▎  | 153/208 [00:06<00:02, 25.25it/s, loss=1.211, acc=80.9%, lr=2.7e-04]
Epoch 20/80 [Train]:  75%|███████▌  | 156/208 [00:06<00:02, 25.28it/s, loss=1.211, acc=80.9%, lr=2.7e-04]
Epoch 20/80 [Train]:  75%|███████▌  | 156/208 [00:06<00:02, 25.28it/s, loss=0.925, acc=80.9%, lr=2.7e-04]
Epoch 20/80 [Train]:  75%|███████▌  | 156/208 [00:06<00:02, 25.28it/s, loss=0.882, acc=81.0%, lr=2.7e-04]
Epoch 20/80 [Train]:  75%|███████▌  | 156/208 [00:06<00:02, 25.28it/s, loss=0.905, acc=81.0%, lr=2.7e-04]
Epoch 20/80 [Train]:  76%|███████▋  | 159/208 [00:06<00:01, 25.36it/s, loss=0.905, acc=81.0%, lr=2.7e-04]
Epoch 20/80 [Train]:  76%|███████▋  | 159/208 [00:06<00:01, 25.36it/s, loss=0.832, acc=81.0%, lr=2.7e-04]
Epoch 20/80 [Train]:  76%|███████▋  | 159/208 [00:06<00:01, 25.36it/s, loss=0.803, acc=81.0%, lr=2.7e-04]
Epoch 20/80 [Train]:  76%|███████▋  | 159/208 [00:06<00:01, 25.36it/s, loss=1.002, acc=81.0%, lr=2.7e-04]
Epoch 20/80 [Train]:  78%|███████▊  | 162/208 [00:06<00:01, 24.96it/s, loss=1.002, acc=81.0%, lr=2.7e-04]
Epoch 20/80 [Train]:  78%|███████▊  | 162/208 [00:06<00:01, 24.96it/s, loss=0.875, acc=81.0%, lr=2.7e-04]
Epoch 20/80 [Train]:  78%|███████▊  | 162/208 [00:06<00:01, 24.96it/s, loss=1.060, acc=80.9%, lr=2.7e-04]
Epoch 20/80 [Train]:  78%|███████▊  | 162/208 [00:06<00:01, 24.96it/s, loss=0.834, acc=81.0%, lr=2.7e-04]
Epoch 20/80 [Train]:  79%|███████▉  | 165/208 [00:06<00:01, 25.15it/s, loss=0.834, acc=81.0%, lr=2.7e-04]
Epoch 20/80 [Train]:  79%|███████▉  | 165/208 [00:06<00:01, 25.15it/s, loss=1.203, acc=80.9%, lr=2.7e-04]
Epoch 20/80 [Train]:  79%|███████▉  | 165/208 [00:06<00:01, 25.15it/s, loss=0.978, acc=80.9%, lr=2.7e-04]
Epoch 20/80 [Train]:  79%|███████▉  | 165/208 [00:06<00:01, 25.15it/s, loss=1.224, acc=80.8%, lr=2.7e-04]
Epoch 20/80 [Train]:  81%|████████  | 168/208 [00:06<00:01, 25.02it/s, loss=1.224, acc=80.8%, lr=2.7e-04]
Epoch 20/80 [Train]:  81%|████████  | 168/208 [00:06<00:01, 25.02it/s, loss=0.845, acc=80.8%, lr=2.7e-04]
Epoch 20/80 [Train]:  81%|████████  | 168/208 [00:06<00:01, 25.02it/s, loss=0.704, acc=80.9%, lr=2.7e-04]
Epoch 20/80 [Train]:  81%|████████  | 168/208 [00:06<00:01, 25.02it/s, loss=1.025, acc=80.8%, lr=2.7e-04]
Epoch 20/80 [Train]:  82%|████████▏ | 171/208 [00:06<00:01, 25.28it/s, loss=1.025, acc=80.8%, lr=2.7e-04]
Epoch 20/80 [Train]:  82%|████████▏ | 171/208 [00:06<00:01, 25.28it/s, loss=0.856, acc=80.8%, lr=2.7e-04]
Epoch 20/80 [Train]:  82%|████████▏ | 171/208 [00:06<00:01, 25.28it/s, loss=1.024, acc=80.8%, lr=2.7e-04]
Epoch 20/80 [Train]:  82%|████████▏ | 171/208 [00:06<00:01, 25.28it/s, loss=1.018, acc=80.7%, lr=2.7e-04]
Epoch 20/80 [Train]:  84%|████████▎ | 174/208 [00:06<00:01, 25.27it/s, loss=1.018, acc=80.7%, lr=2.7e-04]
Epoch 20/80 [Train]:  84%|████████▎ | 174/208 [00:06<00:01, 25.27it/s, loss=0.990, acc=80.7%, lr=2.7e-04]
Epoch 20/80 [Train]:  84%|████████▎ | 174/208 [00:07<00:01, 25.27it/s, loss=0.828, acc=80.7%, lr=2.7e-04]
Epoch 20/80 [Train]:  84%|████████▎ | 174/208 [00:07<00:01, 25.27it/s, loss=0.968, acc=80.8%, lr=2.7e-04]
Epoch 20/80 [Train]:  85%|████████▌ | 177/208 [00:07<00:01, 25.53it/s, loss=0.968, acc=80.8%, lr=2.7e-04]
Epoch 20/80 [Train]:  85%|████████▌ | 177/208 [00:07<00:01, 25.53it/s, loss=0.943, acc=80.8%, lr=2.7e-04]
Epoch 20/80 [Train]:  85%|████████▌ | 177/208 [00:07<00:01, 25.53it/s, loss=0.950, acc=80.8%, lr=2.7e-04]
Epoch 20/80 [Train]:  85%|████████▌ | 177/208 [00:07<00:01, 25.53it/s, loss=0.820, acc=80.8%, lr=2.7e-04]
Epoch 20/80 [Train]:  87%|████████▋ | 180/208 [00:07<00:01, 25.38it/s, loss=0.820, acc=80.8%, lr=2.7e-04]
Epoch 20/80 [Train]:  87%|████████▋ | 180/208 [00:07<00:01, 25.38it/s, loss=1.033, acc=80.8%, lr=2.7e-04]
Epoch 20/80 [Train]:  87%|████████▋ | 180/208 [00:07<00:01, 25.38it/s, loss=0.972, acc=80.8%, lr=2.7e-04]
Epoch 20/80 [Train]:  87%|████████▋ | 180/208 [00:07<00:01, 25.38it/s, loss=0.997, acc=80.8%, lr=2.7e-04]
Epoch 20/80 [Train]:  88%|████████▊ | 183/208 [00:07<00:00, 25.25it/s, loss=0.997, acc=80.8%, lr=2.7e-04]
Epoch 20/80 [Train]:  88%|████████▊ | 183/208 [00:07<00:00, 25.25it/s, loss=1.037, acc=80.8%, lr=2.7e-04]
Epoch 20/80 [Train]:  88%|████████▊ | 183/208 [00:07<00:00, 25.25it/s, loss=1.011, acc=80.8%, lr=2.7e-04]
Epoch 20/80 [Train]:  88%|████████▊ | 183/208 [00:07<00:00, 25.25it/s, loss=1.016, acc=80.8%, lr=2.7e-04]
Epoch 20/80 [Train]:  89%|████████▉ | 186/208 [00:07<00:00, 25.15it/s, loss=1.016, acc=80.8%, lr=2.7e-04]
Epoch 20/80 [Train]:  89%|████████▉ | 186/208 [00:07<00:00, 25.15it/s, loss=1.076, acc=80.7%, lr=2.7e-04]
Epoch 20/80 [Train]:  89%|████████▉ | 186/208 [00:07<00:00, 25.15it/s, loss=0.935, acc=80.8%, lr=2.7e-04]
Epoch 20/80 [Train]:  89%|████████▉ | 186/208 [00:07<00:00, 25.15it/s, loss=0.831, acc=80.8%, lr=2.7e-04]
Epoch 20/80 [Train]:  91%|█████████ | 189/208 [00:07<00:00, 25.25it/s, loss=0.831, acc=80.8%, lr=2.7e-04]
Epoch 20/80 [Train]:  91%|█████████ | 189/208 [00:07<00:00, 25.25it/s, loss=0.965, acc=80.8%, lr=2.7e-04]
Epoch 20/80 [Train]:  91%|█████████ | 189/208 [00:07<00:00, 25.25it/s, loss=1.072, acc=80.8%, lr=2.7e-04]
Epoch 20/80 [Train]:  91%|█████████ | 189/208 [00:07<00:00, 25.25it/s, loss=1.013, acc=80.7%, lr=2.7e-04]
Epoch 20/80 [Train]:  92%|█████████▏| 192/208 [00:07<00:00, 25.22it/s, loss=1.013, acc=80.7%, lr=2.7e-04]
Epoch 20/80 [Train]:  92%|█████████▏| 192/208 [00:07<00:00, 25.22it/s, loss=0.797, acc=80.8%, lr=2.7e-04]
Epoch 20/80 [Train]:  92%|█████████▏| 192/208 [00:07<00:00, 25.22it/s, loss=0.922, acc=80.8%, lr=2.7e-04]
Epoch 20/80 [Train]:  92%|█████████▏| 192/208 [00:07<00:00, 25.22it/s, loss=1.058, acc=80.8%, lr=2.7e-04]
Epoch 20/80 [Train]:  94%|█████████▍| 195/208 [00:07<00:00, 25.23it/s, loss=1.058, acc=80.8%, lr=2.7e-04]
Epoch 20/80 [Train]:  94%|█████████▍| 195/208 [00:07<00:00, 25.23it/s, loss=0.879, acc=80.8%, lr=2.7e-04]
Epoch 20/80 [Train]:  94%|█████████▍| 195/208 [00:07<00:00, 25.23it/s, loss=1.126, acc=80.7%, lr=2.7e-04]
Epoch 20/80 [Train]:  94%|█████████▍| 195/208 [00:07<00:00, 25.23it/s, loss=0.942, acc=80.7%, lr=2.7e-04]
Epoch 20/80 [Train]:  95%|█████████▌| 198/208 [00:07<00:00, 25.25it/s, loss=0.942, acc=80.7%, lr=2.7e-04]
Epoch 20/80 [Train]:  95%|█████████▌| 198/208 [00:07<00:00, 25.25it/s, loss=1.134, acc=80.7%, lr=2.7e-04]
Epoch 20/80 [Train]:  95%|█████████▌| 198/208 [00:07<00:00, 25.25it/s, loss=1.015, acc=80.7%, lr=2.7e-04]
Epoch 20/80 [Train]:  95%|█████████▌| 198/208 [00:08<00:00, 25.25it/s, loss=0.924, acc=80.7%, lr=2.7e-04]
Epoch 20/80 [Train]:  97%|█████████▋| 201/208 [00:08<00:00, 24.84it/s, loss=0.924, acc=80.7%, lr=2.7e-04]
Epoch 20/80 [Train]:  97%|█████████▋| 201/208 [00:08<00:00, 24.84it/s, loss=1.137, acc=80.6%, lr=2.7e-04]
Epoch 20/80 [Train]:  97%|█████████▋| 201/208 [00:08<00:00, 24.84it/s, loss=1.021, acc=80.6%, lr=2.7e-04]
Epoch 20/80 [Train]:  97%|█████████▋| 201/208 [00:08<00:00, 24.84it/s, loss=1.043, acc=80.6%, lr=2.7e-04]
Epoch 20/80 [Train]:  98%|█████████▊| 204/208 [00:08<00:00, 25.00it/s, loss=1.043, acc=80.6%, lr=2.7e-04]
Epoch 20/80 [Train]:  98%|█████████▊| 204/208 [00:08<00:00, 25.00it/s, loss=0.913, acc=80.7%, lr=2.7e-04]
Epoch 20/80 [Train]:  98%|█████████▊| 204/208 [00:08<00:00, 25.00it/s, loss=1.104, acc=80.6%, lr=2.7e-04]
Epoch 20/80 [Train]:  98%|█████████▊| 204/208 [00:08<00:00, 25.00it/s, loss=0.951, acc=80.6%, lr=2.7e-04]
Epoch 20/80 [Train]: 100%|█████████▉| 207/208 [00:08<00:00, 24.61it/s, loss=0.951, acc=80.6%, lr=2.7e-04]
Epoch 20/80 [Train]: 100%|█████████▉| 207/208 [00:08<00:00, 24.61it/s, loss=1.161, acc=80.6%, lr=2.7e-04]
Epoch 20/80 [Train]: 100%|██████████| 208/208 [00:08<00:00, 25.15it/s, loss=1.161, acc=80.6%, lr=2.7e-04]

[2026-08-17 01:20:44] [EPOCH 20 SUMMARY]
  Train: Loss = 0.9879 | Top-1 Acc =  80.65%
  Val:   Top-1 Acc =   4.80% | Top-3 =  26.94% | Top-5 =  38.46%
         APL = 12.66 dB | Profile MAE =  2.52 dB (Rank Corr: 0.509)
  Time:  Epoch = 8.3s (Val Eval: 2.0s) | Total Elapsed = 00h:02m:56s | ETA: 00h:08m:49s
  -> [INFO] No improvement for 12/12 epochs (Best: 15.65%)

[2026-08-17 01:20:44] >>> [EPOCH 21/80] Training Started <<<

Epoch 21/80 [Train]:   0%|          | 0/208 [00:00<?, ?it/s]
Epoch 21/80 [Train]:   0%|          | 0/208 [00:00<?, ?it/s, loss=0.931, acc=81.2%, lr=2.7e-04]
Epoch 21/80 [Train]:   0%|          | 0/208 [00:00<?, ?it/s, loss=1.102, acc=80.5%, lr=2.7e-04]
Epoch 21/80 [Train]:   0%|          | 0/208 [00:00<?, ?it/s, loss=0.988, acc=79.2%, lr=2.7e-04]
Epoch 21/80 [Train]:   1%|▏         | 3/208 [00:00<00:08, 23.22it/s, loss=0.988, acc=79.2%, lr=2.7e-04]
Epoch 21/80 [Train]:   1%|▏         | 3/208 [00:00<00:08, 23.22it/s, loss=1.062, acc=76.6%, lr=2.7e-04]
Epoch 21/80 [Train]:   1%|▏         | 3/208 [00:00<00:08, 23.22it/s, loss=1.023, acc=77.2%, lr=2.7e-04]
Epoch 21/80 [Train]:   1%|▏         | 3/208 [00:00<00:08, 23.22it/s, loss=1.048, acc=78.4%, lr=2.7e-04]
Epoch 21/80 [Train]:   3%|▎         | 6/208 [00:00<00:08, 23.90it/s, loss=1.048, acc=78.4%, lr=2.7e-04]
Epoch 21/80 [Train]:   3%|▎         | 6/208 [00:00<00:08, 23.90it/s, loss=1.031, acc=78.3%, lr=2.7e-04]
Epoch 21/80 [Train]:   3%|▎         | 6/208 [00:00<00:08, 23.90it/s, loss=1.038, acc=78.9%, lr=2.7e-04]
Epoch 21/80 [Train]:   3%|▎         | 6/208 [00:00<00:08, 23.90it/s, loss=1.108, acc=79.0%, lr=2.7e-04]
Epoch 21/80 [Train]:   4%|▍         | 9/208 [00:00<00:08, 24.34it/s, loss=1.108, acc=79.0%, lr=2.7e-04]
Epoch 21/80 [Train]:   4%|▍         | 9/208 [00:00<00:08, 24.34it/s, loss=0.916, acc=79.2%, lr=2.7e-04]
Epoch 21/80 [Train]:   4%|▍         | 9/208 [00:00<00:08, 24.34it/s, loss=0.984, acc=79.0%, lr=2.7e-04]
Epoch 21/80 [Train]:   4%|▍         | 9/208 [00:00<00:08, 24.34it/s, loss=1.011, acc=79.0%, lr=2.7e-04]
Epoch 21/80 [Train]:   6%|▌         | 12/208 [00:00<00:07, 24.72it/s, loss=1.011, acc=79.0%, lr=2.7e-04]
Epoch 21/80 [Train]:   6%|▌         | 12/208 [00:00<00:07, 24.72it/s, loss=0.959, acc=79.2%, lr=2.7e-04]
Epoch 21/80 [Train]:   6%|▌         | 12/208 [00:00<00:07, 24.72it/s, loss=1.064, acc=79.1%, lr=2.7e-04]
Epoch 21/80 [Train]:   6%|▌         | 12/208 [00:00<00:07, 24.72it/s, loss=0.905, acc=79.5%, lr=2.7e-04]
Epoch 21/80 [Train]:   7%|▋         | 15/208 [00:00<00:07, 24.88it/s, loss=0.905, acc=79.5%, lr=2.7e-04]
Epoch 21/80 [Train]:   7%|▋         | 15/208 [00:00<00:07, 24.88it/s, loss=0.920, acc=80.0%, lr=2.7e-04]
Epoch 21/80 [Train]:   7%|▋         | 15/208 [00:00<00:07, 24.88it/s, loss=0.898, acc=80.1%, lr=2.7e-04]
Epoch 21/80 [Train]:   7%|▋         | 15/208 [00:00<00:07, 24.88it/s, loss=0.897, acc=79.8%, lr=2.7e-04]
Epoch 21/80 [Train]:   9%|▊         | 18/208 [00:00<00:07, 24.90it/s, loss=0.897, acc=79.8%, lr=2.7e-04]
Epoch 21/80 [Train]:   9%|▊         | 18/208 [00:00<00:07, 24.90it/s, loss=0.899, acc=79.6%, lr=2.7e-04]
Epoch 21/80 [Train]:   9%|▊         | 18/208 [00:00<00:07, 24.90it/s, loss=0.812, acc=80.2%, lr=2.7e-04]
Epoch 21/80 [Train]:   9%|▊         | 18/208 [00:00<00:07, 24.90it/s, loss=1.044, acc=80.4%, lr=2.7e-04]
Epoch 21/80 [Train]:  10%|█         | 21/208 [00:00<00:07, 24.21it/s, loss=1.044, acc=80.4%, lr=2.7e-04]
Epoch 21/80 [Train]:  10%|█         | 21/208 [00:00<00:07, 24.21it/s, loss=0.828, acc=80.8%, lr=2.7e-04]
Epoch 21/80 [Train]:  10%|█         | 21/208 [00:00<00:07, 24.21it/s, loss=0.971, acc=80.6%, lr=2.7e-04]
Epoch 21/80 [Train]:  10%|█         | 21/208 [00:00<00:07, 24.21it/s, loss=1.121, acc=80.5%, lr=2.7e-04]
Epoch 21/80 [Train]:  12%|█▏        | 24/208 [00:00<00:07, 24.24it/s, loss=1.121, acc=80.5%, lr=2.7e-04]
Epoch 21/80 [Train]:  12%|█▏        | 24/208 [00:01<00:07, 24.24it/s, loss=0.856, acc=80.6%, lr=2.7e-04]
Epoch 21/80 [Train]:  12%|█▏        | 24/208 [00:01<00:07, 24.24it/s, loss=0.882, acc=80.7%, lr=2.7e-04]
Epoch 21/80 [Train]:  12%|█▏        | 24/208 [00:01<00:07, 24.24it/s, loss=0.965, acc=80.9%, lr=2.7e-04]
Epoch 21/80 [Train]:  13%|█▎        | 27/208 [00:01<00:07, 24.03it/s, loss=0.965, acc=80.9%, lr=2.7e-04]
Epoch 21/80 [Train]:  13%|█▎        | 27/208 [00:01<00:07, 24.03it/s, loss=0.851, acc=80.7%, lr=2.7e-04]
Epoch 21/80 [Train]:  13%|█▎        | 27/208 [00:01<00:07, 24.03it/s, loss=0.993, acc=80.7%, lr=2.7e-04]
Epoch 21/80 [Train]:  13%|█▎        | 27/208 [00:01<00:07, 24.03it/s, loss=0.866, acc=80.8%, lr=2.7e-04]
Epoch 21/80 [Train]:  14%|█▍        | 30/208 [00:01<00:07, 23.87it/s, loss=0.866, acc=80.8%, lr=2.7e-04]
Epoch 21/80 [Train]:  14%|█▍        | 30/208 [00:01<00:07, 23.87it/s, loss=0.977, acc=80.7%, lr=2.7e-04]
Epoch 21/80 [Train]:  14%|█▍        | 30/208 [00:01<00:07, 23.87it/s, loss=1.042, acc=80.8%, lr=2.7e-04]
Epoch 21/80 [Train]:  14%|█▍        | 30/208 [00:01<00:07, 23.87it/s, loss=0.952, acc=80.8%, lr=2.7e-04]
Epoch 21/80 [Train]:  16%|█▌        | 33/208 [00:01<00:07, 24.13it/s, loss=0.952, acc=80.8%, lr=2.7e-04]
Epoch 21/80 [Train]:  16%|█▌        | 33/208 [00:01<00:07, 24.13it/s, loss=0.818, acc=81.2%, lr=2.7e-04]
Epoch 21/80 [Train]:  16%|█▌        | 33/208 [00:01<00:07, 24.13it/s, loss=0.838, acc=81.2%, lr=2.7e-04]
Epoch 21/80 [Train]:  16%|█▌        | 33/208 [00:01<00:07, 24.13it/s, loss=1.025, acc=81.0%, lr=2.7e-04]
Epoch 21/80 [Train]:  17%|█▋        | 36/208 [00:01<00:07, 24.25it/s, loss=1.025, acc=81.0%, lr=2.7e-04]
Epoch 21/80 [Train]:  17%|█▋        | 36/208 [00:01<00:07, 24.25it/s, loss=0.952, acc=81.2%, lr=2.7e-04]
Epoch 21/80 [Train]:  17%|█▋        | 36/208 [00:01<00:07, 24.25it/s, loss=1.086, acc=81.2%, lr=2.7e-04]
Epoch 21/80 [Train]:  17%|█▋        | 36/208 [00:01<00:07, 24.25it/s, loss=0.908, acc=81.3%, lr=2.7e-04]
Epoch 21/80 [Train]:  19%|█▉        | 39/208 [00:01<00:06, 24.54it/s, loss=0.908, acc=81.3%, lr=2.7e-04]
Epoch 21/80 [Train]:  19%|█▉        | 39/208 [00:01<00:06, 24.54it/s, loss=1.191, acc=81.1%, lr=2.7e-04]
Epoch 21/80 [Train]:  19%|█▉        | 39/208 [00:01<00:06, 24.54it/s, loss=0.808, acc=81.2%, lr=2.7e-04]
Epoch 21/80 [Train]:  19%|█▉        | 39/208 [00:01<00:06, 24.54it/s, loss=0.895, acc=81.4%, lr=2.7e-04]
Epoch 21/80 [Train]:  20%|██        | 42/208 [00:01<00:06, 24.83it/s, loss=0.895, acc=81.4%, lr=2.7e-04]
Epoch 21/80 [Train]:  20%|██        | 42/208 [00:01<00:06, 24.83it/s, loss=0.976, acc=81.4%, lr=2.7e-04]
Epoch 21/80 [Train]:  20%|██        | 42/208 [00:01<00:06, 24.83it/s, loss=0.976, acc=81.4%, lr=2.7e-04]
Epoch 21/80 [Train]:  20%|██        | 42/208 [00:01<00:06, 24.83it/s, loss=0.989, acc=81.5%, lr=2.7e-04]
Epoch 21/80 [Train]:  22%|██▏       | 45/208 [00:01<00:06, 24.91it/s, loss=0.989, acc=81.5%, lr=2.7e-04]
Epoch 21/80 [Train]:  22%|██▏       | 45/208 [00:01<00:06, 24.91it/s, loss=0.845, acc=81.6%, lr=2.7e-04]
Epoch 21/80 [Train]:  22%|██▏       | 45/208 [00:01<00:06, 24.91it/s, loss=0.906, acc=81.6%, lr=2.7e-04]
Epoch 21/80 [Train]:  22%|██▏       | 45/208 [00:01<00:06, 24.91it/s, loss=1.020, acc=81.6%, lr=2.7e-04]
Epoch 21/80 [Train]:  23%|██▎       | 48/208 [00:01<00:06, 25.01it/s, loss=1.020, acc=81.6%, lr=2.7e-04]
Epoch 21/80 [Train]:  23%|██▎       | 48/208 [00:01<00:06, 25.01it/s, loss=0.929, acc=81.7%, lr=2.7e-04]
Epoch 21/80 [Train]:  23%|██▎       | 48/208 [00:02<00:06, 25.01it/s, loss=1.075, acc=81.6%, lr=2.7e-04]
Epoch 21/80 [Train]:  23%|██▎       | 48/208 [00:02<00:06, 25.01it/s, loss=0.799, acc=81.6%, lr=2.7e-04]
Epoch 21/80 [Train]:  25%|██▍       | 51/208 [00:02<00:06, 25.24it/s, loss=0.799, acc=81.6%, lr=2.7e-04]
Epoch 21/80 [Train]:  25%|██▍       | 51/208 [00:02<00:06, 25.24it/s, loss=0.918, acc=81.7%, lr=2.7e-04]
Epoch 21/80 [Train]:  25%|██▍       | 51/208 [00:02<00:06, 25.24it/s, loss=0.960, acc=81.7%, lr=2.7e-04]
Epoch 21/80 [Train]:  25%|██▍       | 51/208 [00:02<00:06, 25.24it/s, loss=1.170, acc=81.7%, lr=2.7e-04]
Epoch 21/80 [Train]:  26%|██▌       | 54/208 [00:02<00:06, 25.46it/s, loss=1.170, acc=81.7%, lr=2.7e-04]
Epoch 21/80 [Train]:  26%|██▌       | 54/208 [00:02<00:06, 25.46it/s, loss=0.920, acc=81.8%, lr=2.7e-04]
Epoch 21/80 [Train]:  26%|██▌       | 54/208 [00:02<00:06, 25.46it/s, loss=0.923, acc=81.8%, lr=2.7e-04]
Epoch 21/80 [Train]:  26%|██▌       | 54/208 [00:02<00:06, 25.46it/s, loss=1.042, acc=81.7%, lr=2.7e-04]
Epoch 21/80 [Train]:  27%|██▋       | 57/208 [00:02<00:06, 25.15it/s, loss=1.042, acc=81.7%, lr=2.7e-04]
Epoch 21/80 [Train]:  27%|██▋       | 57/208 [00:02<00:06, 25.15it/s, loss=0.884, acc=81.8%, lr=2.7e-04]
Epoch 21/80 [Train]:  27%|██▋       | 57/208 [00:02<00:06, 25.15it/s, loss=0.873, acc=81.7%, lr=2.7e-04]
Epoch 21/80 [Train]:  27%|██▋       | 57/208 [00:02<00:06, 25.15it/s, loss=0.873, acc=81.8%, lr=2.7e-04]
Epoch 21/80 [Train]:  29%|██▉       | 60/208 [00:02<00:05, 25.25it/s, loss=0.873, acc=81.8%, lr=2.7e-04]
Epoch 21/80 [Train]:  29%|██▉       | 60/208 [00:02<00:05, 25.25it/s, loss=0.875, acc=81.9%, lr=2.7e-04]
Epoch 21/80 [Train]:  29%|██▉       | 60/208 [00:02<00:05, 25.25it/s, loss=0.904, acc=81.8%, lr=2.7e-04]
Epoch 21/80 [Train]:  29%|██▉       | 60/208 [00:02<00:05, 25.25it/s, loss=0.945, acc=81.8%, lr=2.7e-04]
Epoch 21/80 [Train]:  30%|███       | 63/208 [00:02<00:05, 25.43it/s, loss=0.945, acc=81.8%, lr=2.7e-04]
Epoch 21/80 [Train]:  30%|███       | 63/208 [00:02<00:05, 25.43it/s, loss=1.034, acc=81.8%, lr=2.7e-04]
Epoch 21/80 [Train]:  30%|███       | 63/208 [00:02<00:05, 25.43it/s, loss=0.937, acc=81.8%, lr=2.7e-04]
Epoch 21/80 [Train]:  30%|███       | 63/208 [00:02<00:05, 25.43it/s, loss=1.143, acc=81.7%, lr=2.7e-04]
Epoch 21/80 [Train]:  32%|███▏      | 66/208 [00:02<00:05, 24.99it/s, loss=1.143, acc=81.7%, lr=2.7e-04]
Epoch 21/80 [Train]:  32%|███▏      | 66/208 [00:02<00:05, 24.99it/s, loss=0.908, acc=81.6%, lr=2.7e-04]
Epoch 21/80 [Train]:  32%|███▏      | 66/208 [00:02<00:05, 24.99it/s, loss=0.842, acc=81.7%, lr=2.7e-04]
Epoch 21/80 [Train]:  32%|███▏      | 66/208 [00:02<00:05, 24.99it/s, loss=0.790, acc=81.7%, lr=2.7e-04]
Epoch 21/80 [Train]:  33%|███▎      | 69/208 [00:02<00:05, 25.18it/s, loss=0.790, acc=81.7%, lr=2.7e-04]
Epoch 21/80 [Train]:  33%|███▎      | 69/208 [00:02<00:05, 25.18it/s, loss=1.089, acc=81.7%, lr=2.7e-04]
Epoch 21/80 [Train]:  33%|███▎      | 69/208 [00:02<00:05, 25.18it/s, loss=1.071, acc=81.8%, lr=2.7e-04]
Epoch 21/80 [Train]:  33%|███▎      | 69/208 [00:02<00:05, 25.18it/s, loss=0.755, acc=81.9%, lr=2.7e-04]
Epoch 21/80 [Train]:  35%|███▍      | 72/208 [00:02<00:05, 25.33it/s, loss=0.755, acc=81.9%, lr=2.7e-04]
Epoch 21/80 [Train]:  35%|███▍      | 72/208 [00:02<00:05, 25.33it/s, loss=0.983, acc=81.7%, lr=2.7e-04]
Epoch 21/80 [Train]:  35%|███▍      | 72/208 [00:02<00:05, 25.33it/s, loss=1.143, acc=81.7%, lr=2.7e-04]
Epoch 21/80 [Train]:  35%|███▍      | 72/208 [00:03<00:05, 25.33it/s, loss=1.149, acc=81.7%, lr=2.7e-04]
Epoch 21/80 [Train]:  36%|███▌      | 75/208 [00:03<00:05, 25.48it/s, loss=1.149, acc=81.7%, lr=2.7e-04]
Epoch 21/80 [Train]:  36%|███▌      | 75/208 [00:03<00:05, 25.48it/s, loss=0.950, acc=81.7%, lr=2.7e-04]
Epoch 21/80 [Train]:  36%|███▌      | 75/208 [00:03<00:05, 25.48it/s, loss=1.130, acc=81.7%, lr=2.7e-04]
Epoch 21/80 [Train]:  36%|███▌      | 75/208 [00:03<00:05, 25.48it/s, loss=0.980, acc=81.7%, lr=2.7e-04]
Epoch 21/80 [Train]:  38%|███▊      | 78/208 [00:03<00:05, 25.56it/s, loss=0.980, acc=81.7%, lr=2.7e-04]
Epoch 21/80 [Train]:  38%|███▊      | 78/208 [00:03<00:05, 25.56it/s, loss=1.062, acc=81.6%, lr=2.7e-04]
Epoch 21/80 [Train]:  38%|███▊      | 78/208 [00:03<00:05, 25.56it/s, loss=1.001, acc=81.5%, lr=2.7e-04]
Epoch 21/80 [Train]:  38%|███▊      | 78/208 [00:03<00:05, 25.56it/s, loss=0.977, acc=81.6%, lr=2.7e-04]
Epoch 21/80 [Train]:  39%|███▉      | 81/208 [00:03<00:04, 25.52it/s, loss=0.977, acc=81.6%, lr=2.7e-04]
Epoch 21/80 [Train]:  39%|███▉      | 81/208 [00:03<00:04, 25.52it/s, loss=0.984, acc=81.6%, lr=2.7e-04]
Epoch 21/80 [Train]:  39%|███▉      | 81/208 [00:03<00:04, 25.52it/s, loss=1.070, acc=81.5%, lr=2.7e-04]
Epoch 21/80 [Train]:  39%|███▉      | 81/208 [00:03<00:04, 25.52it/s, loss=0.882, acc=81.5%, lr=2.7e-04]
Epoch 21/80 [Train]:  40%|████      | 84/208 [00:03<00:04, 25.65it/s, loss=0.882, acc=81.5%, lr=2.7e-04]
Epoch 21/80 [Train]:  40%|████      | 84/208 [00:03<00:04, 25.65it/s, loss=1.186, acc=81.5%, lr=2.7e-04]
Epoch 21/80 [Train]:  40%|████      | 84/208 [00:03<00:04, 25.65it/s, loss=1.023, acc=81.4%, lr=2.7e-04]
Epoch 21/80 [Train]:  40%|████      | 84/208 [00:03<00:04, 25.65it/s, loss=1.029, acc=81.4%, lr=2.7e-04]
Epoch 21/80 [Train]:  42%|████▏     | 87/208 [00:03<00:04, 25.39it/s, loss=1.029, acc=81.4%, lr=2.7e-04]
Epoch 21/80 [Train]:  42%|████▏     | 87/208 [00:03<00:04, 25.39it/s, loss=1.087, acc=81.2%, lr=2.7e-04]
Epoch 21/80 [Train]:  42%|████▏     | 87/208 [00:03<00:04, 25.39it/s, loss=0.913, acc=81.2%, lr=2.7e-04]
Epoch 21/80 [Train]:  42%|████▏     | 87/208 [00:03<00:04, 25.39it/s, loss=0.784, acc=81.2%, lr=2.7e-04]
Epoch 21/80 [Train]:  43%|████▎     | 90/208 [00:03<00:04, 25.52it/s, loss=0.784, acc=81.2%, lr=2.7e-04]
Epoch 21/80 [Train]:  43%|████▎     | 90/208 [00:03<00:04, 25.52it/s, loss=1.061, acc=81.2%, lr=2.7e-04]
Epoch 21/80 [Train]:  43%|████▎     | 90/208 [00:03<00:04, 25.52it/s, loss=0.889, acc=81.2%, lr=2.7e-04]
Epoch 21/80 [Train]:  43%|████▎     | 90/208 [00:03<00:04, 25.52it/s, loss=1.123, acc=81.1%, lr=2.7e-04]
Epoch 21/80 [Train]:  45%|████▍     | 93/208 [00:03<00:04, 25.53it/s, loss=1.123, acc=81.1%, lr=2.7e-04]
Epoch 21/80 [Train]:  45%|████▍     | 93/208 [00:03<00:04, 25.53it/s, loss=0.793, acc=81.2%, lr=2.7e-04]
Epoch 21/80 [Train]:  45%|████▍     | 93/208 [00:03<00:04, 25.53it/s, loss=1.031, acc=81.2%, lr=2.7e-04]
Epoch 21/80 [Train]:  45%|████▍     | 93/208 [00:03<00:04, 25.53it/s, loss=0.993, acc=81.2%, lr=2.7e-04]
Epoch 21/80 [Train]:  46%|████▌     | 96/208 [00:03<00:04, 25.06it/s, loss=0.993, acc=81.2%, lr=2.7e-04]
Epoch 21/80 [Train]:  46%|████▌     | 96/208 [00:03<00:04, 25.06it/s, loss=0.956, acc=81.1%, lr=2.7e-04]
Epoch 21/80 [Train]:  46%|████▌     | 96/208 [00:03<00:04, 25.06it/s, loss=0.967, acc=81.2%, lr=2.7e-04]
Epoch 21/80 [Train]:  46%|████▌     | 96/208 [00:03<00:04, 25.06it/s, loss=1.103, acc=81.1%, lr=2.7e-04]
Epoch 21/80 [Train]:  48%|████▊     | 99/208 [00:03<00:04, 25.26it/s, loss=1.103, acc=81.1%, lr=2.7e-04]
Epoch 21/80 [Train]:  48%|████▊     | 99/208 [00:04<00:04, 25.26it/s, loss=0.865, acc=81.2%, lr=2.7e-04]
Epoch 21/80 [Train]:  48%|████▊     | 99/208 [00:04<00:04, 25.26it/s, loss=0.754, acc=81.2%, lr=2.7e-04]
Epoch 21/80 [Train]:  48%|████▊     | 99/208 [00:04<00:04, 25.26it/s, loss=1.019, acc=81.2%, lr=2.7e-04]
Epoch 21/80 [Train]:  49%|████▉     | 102/208 [00:04<00:04, 25.23it/s, loss=1.019, acc=81.2%, lr=2.7e-04]
Epoch 21/80 [Train]:  49%|████▉     | 102/208 [00:04<00:04, 25.23it/s, loss=1.018, acc=81.1%, lr=2.7e-04]
Epoch 21/80 [Train]:  49%|████▉     | 102/208 [00:04<00:04, 25.23it/s, loss=1.228, acc=81.1%, lr=2.7e-04]
Epoch 21/80 [Train]:  49%|████▉     | 102/208 [00:04<00:04, 25.23it/s, loss=0.864, acc=81.1%, lr=2.7e-04]
Epoch 21/80 [Train]:  50%|█████     | 105/208 [00:04<00:04, 25.54it/s, loss=0.864, acc=81.1%, lr=2.7e-04]
Epoch 21/80 [Train]:  50%|█████     | 105/208 [00:04<00:04, 25.54it/s, loss=0.973, acc=81.1%, lr=2.7e-04]
Epoch 21/80 [Train]:  50%|█████     | 105/208 [00:04<00:04, 25.54it/s, loss=0.718, acc=81.1%, lr=2.7e-04]
Epoch 21/80 [Train]:  50%|█████     | 105/208 [00:04<00:04, 25.54it/s, loss=0.906, acc=81.1%, lr=2.7e-04]
Epoch 21/80 [Train]:  52%|█████▏    | 108/208 [00:04<00:03, 25.19it/s, loss=0.906, acc=81.1%, lr=2.7e-04]
Epoch 21/80 [Train]:  52%|█████▏    | 108/208 [00:04<00:03, 25.19it/s, loss=1.218, acc=81.0%, lr=2.7e-04]
Epoch 21/80 [Train]:  52%|█████▏    | 108/208 [00:04<00:03, 25.19it/s, loss=0.891, acc=81.1%, lr=2.7e-04]
Epoch 21/80 [Train]:  52%|█████▏    | 108/208 [00:04<00:03, 25.19it/s, loss=0.980, acc=81.1%, lr=2.7e-04]
Epoch 21/80 [Train]:  53%|█████▎    | 111/208 [00:04<00:03, 25.30it/s, loss=0.980, acc=81.1%, lr=2.7e-04]
Epoch 21/80 [Train]:  53%|█████▎    | 111/208 [00:04<00:03, 25.30it/s, loss=0.940, acc=81.1%, lr=2.7e-04]
Epoch 21/80 [Train]:  53%|█████▎    | 111/208 [00:04<00:03, 25.30it/s, loss=0.821, acc=81.2%, lr=2.7e-04]
Epoch 21/80 [Train]:  53%|█████▎    | 111/208 [00:04<00:03, 25.30it/s, loss=1.036, acc=81.1%, lr=2.7e-04]
Epoch 21/80 [Train]:  55%|█████▍    | 114/208 [00:04<00:03, 25.35it/s, loss=1.036, acc=81.1%, lr=2.7e-04]
Epoch 21/80 [Train]:  55%|█████▍    | 114/208 [00:04<00:03, 25.35it/s, loss=1.064, acc=81.1%, lr=2.7e-04]
Epoch 21/80 [Train]:  55%|█████▍    | 114/208 [00:04<00:03, 25.35it/s, loss=0.941, acc=81.1%, lr=2.7e-04]
Epoch 21/80 [Train]:  55%|█████▍    | 114/208 [00:04<00:03, 25.35it/s, loss=0.920, acc=81.1%, lr=2.7e-04]
Epoch 21/80 [Train]:  56%|█████▋    | 117/208 [00:04<00:03, 24.58it/s, loss=0.920, acc=81.1%, lr=2.7e-04]
Epoch 21/80 [Train]:  56%|█████▋    | 117/208 [00:04<00:03, 24.58it/s, loss=1.251, acc=81.1%, lr=2.7e-04]
Epoch 21/80 [Train]:  56%|█████▋    | 117/208 [00:04<00:03, 24.58it/s, loss=0.847, acc=81.2%, lr=2.7e-04]
Epoch 21/80 [Train]:  56%|█████▋    | 117/208 [00:04<00:03, 24.58it/s, loss=1.100, acc=81.1%, lr=2.7e-04]
Epoch 21/80 [Train]:  58%|█████▊    | 120/208 [00:04<00:03, 24.79it/s, loss=1.100, acc=81.1%, lr=2.7e-04]
Epoch 21/80 [Train]:  58%|█████▊    | 120/208 [00:04<00:03, 24.79it/s, loss=0.829, acc=81.1%, lr=2.7e-04]
Epoch 21/80 [Train]:  58%|█████▊    | 120/208 [00:04<00:03, 24.79it/s, loss=0.927, acc=81.1%, lr=2.7e-04]
Epoch 21/80 [Train]:  58%|█████▊    | 120/208 [00:04<00:03, 24.79it/s, loss=1.043, acc=81.1%, lr=2.7e-04]
Epoch 21/80 [Train]:  59%|█████▉    | 123/208 [00:04<00:03, 24.90it/s, loss=1.043, acc=81.1%, lr=2.7e-04]
Epoch 21/80 [Train]:  59%|█████▉    | 123/208 [00:04<00:03, 24.90it/s, loss=0.906, acc=81.1%, lr=2.7e-04]
Epoch 21/80 [Train]:  59%|█████▉    | 123/208 [00:05<00:03, 24.90it/s, loss=0.955, acc=81.1%, lr=2.7e-04]
Epoch 21/80 [Train]:  59%|█████▉    | 123/208 [00:05<00:03, 24.90it/s, loss=0.913, acc=81.1%, lr=2.7e-04]
Epoch 21/80 [Train]:  61%|██████    | 126/208 [00:05<00:03, 25.18it/s, loss=0.913, acc=81.1%, lr=2.7e-04]
Epoch 21/80 [Train]:  61%|██████    | 126/208 [00:05<00:03, 25.18it/s, loss=0.882, acc=81.1%, lr=2.7e-04]
Epoch 21/80 [Train]:  61%|██████    | 126/208 [00:05<00:03, 25.18it/s, loss=1.061, acc=81.1%, lr=2.7e-04]
Epoch 21/80 [Train]:  61%|██████    | 126/208 [00:05<00:03, 25.18it/s, loss=0.858, acc=81.1%, lr=2.7e-04]
Epoch 21/80 [Train]:  62%|██████▏   | 129/208 [00:05<00:03, 25.18it/s, loss=0.858, acc=81.1%, lr=2.7e-04]
Epoch 21/80 [Train]:  62%|██████▏   | 129/208 [00:05<00:03, 25.18it/s, loss=1.151, acc=81.1%, lr=2.7e-04]
Epoch 21/80 [Train]:  62%|██████▏   | 129/208 [00:05<00:03, 25.18it/s, loss=0.937, acc=81.1%, lr=2.7e-04]
Epoch 21/80 [Train]:  62%|██████▏   | 129/208 [00:05<00:03, 25.18it/s, loss=1.137, acc=81.0%, lr=2.7e-04]
Epoch 21/80 [Train]:  63%|██████▎   | 132/208 [00:05<00:02, 25.41it/s, loss=1.137, acc=81.0%, lr=2.7e-04]
Epoch 21/80 [Train]:  63%|██████▎   | 132/208 [00:05<00:02, 25.41it/s, loss=0.951, acc=81.1%, lr=2.7e-04]
Epoch 21/80 [Train]:  63%|██████▎   | 132/208 [00:05<00:02, 25.41it/s, loss=0.868, acc=81.1%, lr=2.7e-04]
Epoch 21/80 [Train]:  63%|██████▎   | 132/208 [00:05<00:02, 25.41it/s, loss=1.007, acc=81.1%, lr=2.7e-04]
Epoch 21/80 [Train]:  65%|██████▍   | 135/208 [00:05<00:02, 25.42it/s, loss=1.007, acc=81.1%, lr=2.7e-04]
Epoch 21/80 [Train]:  65%|██████▍   | 135/208 [00:05<00:02, 25.42it/s, loss=0.840, acc=81.1%, lr=2.7e-04]
Epoch 21/80 [Train]:  65%|██████▍   | 135/208 [00:05<00:02, 25.42it/s, loss=1.000, acc=81.1%, lr=2.7e-04]
Epoch 21/80 [Train]:  65%|██████▍   | 135/208 [00:05<00:02, 25.42it/s, loss=0.999, acc=81.1%, lr=2.7e-04]
Epoch 21/80 [Train]:  66%|██████▋   | 138/208 [00:05<00:02, 25.56it/s, loss=0.999, acc=81.1%, lr=2.7e-04]
Epoch 21/80 [Train]:  66%|██████▋   | 138/208 [00:05<00:02, 25.56it/s, loss=1.074, acc=81.0%, lr=2.7e-04]
Epoch 21/80 [Train]:  66%|██████▋   | 138/208 [00:05<00:02, 25.56it/s, loss=1.077, acc=81.0%, lr=2.7e-04]
Epoch 21/80 [Train]:  66%|██████▋   | 138/208 [00:05<00:02, 25.56it/s, loss=0.896, acc=81.0%, lr=2.7e-04]
Epoch 21/80 [Train]:  68%|██████▊   | 141/208 [00:05<00:02, 25.48it/s, loss=0.896, acc=81.0%, lr=2.7e-04]
Epoch 21/80 [Train]:  68%|██████▊   | 141/208 [00:05<00:02, 25.48it/s, loss=0.745, acc=81.1%, lr=2.7e-04]
Epoch 21/80 [Train]:  68%|██████▊   | 141/208 [00:05<00:02, 25.48it/s, loss=1.034, acc=81.0%, lr=2.7e-04]
Epoch 21/80 [Train]:  68%|██████▊   | 141/208 [00:05<00:02, 25.48it/s, loss=1.006, acc=81.0%, lr=2.7e-04]
Epoch 21/80 [Train]:  69%|██████▉   | 144/208 [00:05<00:02, 25.41it/s, loss=1.006, acc=81.0%, lr=2.7e-04]
Epoch 21/80 [Train]:  69%|██████▉   | 144/208 [00:05<00:02, 25.41it/s, loss=0.950, acc=81.0%, lr=2.7e-04]
Epoch 21/80 [Train]:  69%|██████▉   | 144/208 [00:05<00:02, 25.41it/s, loss=0.995, acc=81.0%, lr=2.7e-04]
Epoch 21/80 [Train]:  69%|██████▉   | 144/208 [00:05<00:02, 25.41it/s, loss=1.049, acc=81.0%, lr=2.7e-04]
Epoch 21/80 [Train]:  71%|███████   | 147/208 [00:05<00:02, 25.26it/s, loss=1.049, acc=81.0%, lr=2.7e-04]
Epoch 21/80 [Train]:  71%|███████   | 147/208 [00:05<00:02, 25.26it/s, loss=1.086, acc=80.9%, lr=2.7e-04]
Epoch 21/80 [Train]:  71%|███████   | 147/208 [00:05<00:02, 25.26it/s, loss=0.774, acc=81.0%, lr=2.7e-04]
Epoch 21/80 [Train]:  71%|███████   | 147/208 [00:05<00:02, 25.26it/s, loss=0.751, acc=81.0%, lr=2.7e-04]
Epoch 21/80 [Train]:  72%|███████▏  | 150/208 [00:05<00:02, 25.17it/s, loss=0.751, acc=81.0%, lr=2.7e-04]
Epoch 21/80 [Train]:  72%|███████▏  | 150/208 [00:06<00:02, 25.17it/s, loss=0.814, acc=81.0%, lr=2.7e-04]
Epoch 21/80 [Train]:  72%|███████▏  | 150/208 [00:06<00:02, 25.17it/s, loss=1.059, acc=81.0%, lr=2.7e-04]
Epoch 21/80 [Train]:  72%|███████▏  | 150/208 [00:06<00:02, 25.17it/s, loss=0.903, acc=81.1%, lr=2.7e-04]
Epoch 21/80 [Train]:  74%|███████▎  | 153/208 [00:06<00:02, 24.78it/s, loss=0.903, acc=81.1%, lr=2.7e-04]
Epoch 21/80 [Train]:  74%|███████▎  | 153/208 [00:06<00:02, 24.78it/s, loss=0.997, acc=81.0%, lr=2.7e-04]
Epoch 21/80 [Train]:  74%|███████▎  | 153/208 [00:06<00:02, 24.78it/s, loss=1.000, acc=81.0%, lr=2.7e-04]
Epoch 21/80 [Train]:  74%|███████▎  | 153/208 [00:06<00:02, 24.78it/s, loss=0.799, acc=81.0%, lr=2.7e-04]
Epoch 21/80 [Train]:  75%|███████▌  | 156/208 [00:06<00:02, 25.08it/s, loss=0.799, acc=81.0%, lr=2.7e-04]
Epoch 21/80 [Train]:  75%|███████▌  | 156/208 [00:06<00:02, 25.08it/s, loss=0.977, acc=81.0%, lr=2.7e-04]
Epoch 21/80 [Train]:  75%|███████▌  | 156/208 [00:06<00:02, 25.08it/s, loss=0.837, acc=81.0%, lr=2.7e-04]
Epoch 21/80 [Train]:  75%|███████▌  | 156/208 [00:06<00:02, 25.08it/s, loss=0.924, acc=81.0%, lr=2.7e-04]
Epoch 21/80 [Train]:  76%|███████▋  | 159/208 [00:06<00:01, 25.06it/s, loss=0.924, acc=81.0%, lr=2.7e-04]
Epoch 21/80 [Train]:  76%|███████▋  | 159/208 [00:06<00:01, 25.06it/s, loss=1.009, acc=81.0%, lr=2.7e-04]
Epoch 21/80 [Train]:  76%|███████▋  | 159/208 [00:06<00:01, 25.06it/s, loss=0.982, acc=81.0%, lr=2.7e-04]
Epoch 21/80 [Train]:  76%|███████▋  | 159/208 [00:06<00:01, 25.06it/s, loss=1.001, acc=80.9%, lr=2.7e-04]
Epoch 21/80 [Train]:  78%|███████▊  | 162/208 [00:06<00:01, 25.21it/s, loss=1.001, acc=80.9%, lr=2.7e-04]
Epoch 21/80 [Train]:  78%|███████▊  | 162/208 [00:06<00:01, 25.21it/s, loss=0.941, acc=80.9%, lr=2.7e-04]
Epoch 21/80 [Train]:  78%|███████▊  | 162/208 [00:06<00:01, 25.21it/s, loss=1.043, acc=80.9%, lr=2.7e-04]
Epoch 21/80 [Train]:  78%|███████▊  | 162/208 [00:06<00:01, 25.21it/s, loss=0.875, acc=80.9%, lr=2.7e-04]
Epoch 21/80 [Train]:  79%|███████▉  | 165/208 [00:06<00:01, 25.33it/s, loss=0.875, acc=80.9%, lr=2.7e-04]
Epoch 21/80 [Train]:  79%|███████▉  | 165/208 [00:06<00:01, 25.33it/s, loss=0.871, acc=81.0%, lr=2.7e-04]
Epoch 21/80 [Train]:  79%|███████▉  | 165/208 [00:06<00:01, 25.33it/s, loss=0.890, acc=81.0%, lr=2.7e-04]
Epoch 21/80 [Train]:  79%|███████▉  | 165/208 [00:06<00:01, 25.33it/s, loss=0.871, acc=81.0%, lr=2.7e-04]
Epoch 21/80 [Train]:  81%|████████  | 168/208 [00:06<00:01, 25.32it/s, loss=0.871, acc=81.0%, lr=2.7e-04]
Epoch 21/80 [Train]:  81%|████████  | 168/208 [00:06<00:01, 25.32it/s, loss=0.903, acc=81.1%, lr=2.7e-04]
Epoch 21/80 [Train]:  81%|████████  | 168/208 [00:06<00:01, 25.32it/s, loss=0.990, acc=81.1%, lr=2.7e-04]
Epoch 21/80 [Train]:  81%|████████  | 168/208 [00:06<00:01, 25.32it/s, loss=0.913, acc=81.1%, lr=2.7e-04]
Epoch 21/80 [Train]:  82%|████████▏ | 171/208 [00:06<00:01, 25.46it/s, loss=0.913, acc=81.1%, lr=2.7e-04]
Epoch 21/80 [Train]:  82%|████████▏ | 171/208 [00:06<00:01, 25.46it/s, loss=0.853, acc=81.1%, lr=2.7e-04]
Epoch 21/80 [Train]:  82%|████████▏ | 171/208 [00:06<00:01, 25.46it/s, loss=1.030, acc=81.1%, lr=2.7e-04]
Epoch 21/80 [Train]:  82%|████████▏ | 171/208 [00:06<00:01, 25.46it/s, loss=0.861, acc=81.1%, lr=2.7e-04]
Epoch 21/80 [Train]:  84%|████████▎ | 174/208 [00:06<00:01, 25.25it/s, loss=0.861, acc=81.1%, lr=2.7e-04]
Epoch 21/80 [Train]:  84%|████████▎ | 174/208 [00:06<00:01, 25.25it/s, loss=0.904, acc=81.1%, lr=2.7e-04]
Epoch 21/80 [Train]:  84%|████████▎ | 174/208 [00:07<00:01, 25.25it/s, loss=0.943, acc=81.1%, lr=2.7e-04]
Epoch 21/80 [Train]:  84%|████████▎ | 174/208 [00:07<00:01, 25.25it/s, loss=1.104, acc=81.0%, lr=2.7e-04]
Epoch 21/80 [Train]:  85%|████████▌ | 177/208 [00:07<00:01, 25.27it/s, loss=1.104, acc=81.0%, lr=2.7e-04]
Epoch 21/80 [Train]:  85%|████████▌ | 177/208 [00:07<00:01, 25.27it/s, loss=0.989, acc=81.0%, lr=2.7e-04]
Epoch 21/80 [Train]:  85%|████████▌ | 177/208 [00:07<00:01, 25.27it/s, loss=1.058, acc=81.0%, lr=2.7e-04]
Epoch 21/80 [Train]:  85%|████████▌ | 177/208 [00:07<00:01, 25.27it/s, loss=0.876, acc=81.0%, lr=2.6e-04]
Epoch 21/80 [Train]:  87%|████████▋ | 180/208 [00:07<00:01, 25.37it/s, loss=0.876, acc=81.0%, lr=2.6e-04]
Epoch 21/80 [Train]:  87%|████████▋ | 180/208 [00:07<00:01, 25.37it/s, loss=0.909, acc=81.0%, lr=2.6e-04]
Epoch 21/80 [Train]:  87%|████████▋ | 180/208 [00:07<00:01, 25.37it/s, loss=0.941, acc=81.0%, lr=2.6e-04]
Epoch 21/80 [Train]:  87%|████████▋ | 180/208 [00:07<00:01, 25.37it/s, loss=0.977, acc=81.0%, lr=2.6e-04]
Epoch 21/80 [Train]:  88%|████████▊ | 183/208 [00:07<00:00, 25.26it/s, loss=0.977, acc=81.0%, lr=2.6e-04]
Epoch 21/80 [Train]:  88%|████████▊ | 183/208 [00:07<00:00, 25.26it/s, loss=0.948, acc=81.0%, lr=2.6e-04]
Epoch 21/80 [Train]:  88%|████████▊ | 183/208 [00:07<00:00, 25.26it/s, loss=0.853, acc=81.1%, lr=2.6e-04]
Epoch 21/80 [Train]:  88%|████████▊ | 183/208 [00:07<00:00, 25.26it/s, loss=0.977, acc=81.0%, lr=2.6e-04]
Epoch 21/80 [Train]:  89%|████████▉ | 186/208 [00:07<00:00, 25.14it/s, loss=0.977, acc=81.0%, lr=2.6e-04]
Epoch 21/80 [Train]:  89%|████████▉ | 186/208 [00:07<00:00, 25.14it/s, loss=0.936, acc=81.1%, lr=2.6e-04]
Epoch 21/80 [Train]:  89%|████████▉ | 186/208 [00:07<00:00, 25.14it/s, loss=1.048, acc=81.1%, lr=2.6e-04]
Epoch 21/80 [Train]:  89%|████████▉ | 186/208 [00:07<00:00, 25.14it/s, loss=0.831, acc=81.1%, lr=2.6e-04]
Epoch 21/80 [Train]:  91%|█████████ | 189/208 [00:07<00:00, 25.25it/s, loss=0.831, acc=81.1%, lr=2.6e-04]
Epoch 21/80 [Train]:  91%|█████████ | 189/208 [00:07<00:00, 25.25it/s, loss=1.210, acc=81.1%, lr=2.6e-04]
Epoch 21/80 [Train]:  91%|█████████ | 189/208 [00:07<00:00, 25.25it/s, loss=1.128, acc=81.0%, lr=2.6e-04]
Epoch 21/80 [Train]:  91%|█████████ | 189/208 [00:07<00:00, 25.25it/s, loss=0.997, acc=81.0%, lr=2.6e-04]
Epoch 21/80 [Train]:  92%|█████████▏| 192/208 [00:07<00:00, 25.25it/s, loss=0.997, acc=81.0%, lr=2.6e-04]
Epoch 21/80 [Train]:  92%|█████████▏| 192/208 [00:07<00:00, 25.25it/s, loss=1.067, acc=81.0%, lr=2.6e-04]
Epoch 21/80 [Train]:  92%|█████████▏| 192/208 [00:07<00:00, 25.25it/s, loss=1.054, acc=81.0%, lr=2.6e-04]
Epoch 21/80 [Train]:  92%|█████████▏| 192/208 [00:07<00:00, 25.25it/s, loss=1.192, acc=81.0%, lr=2.6e-04]
Epoch 21/80 [Train]:  94%|█████████▍| 195/208 [00:07<00:00, 25.32it/s, loss=1.192, acc=81.0%, lr=2.6e-04]
Epoch 21/80 [Train]:  94%|█████████▍| 195/208 [00:07<00:00, 25.32it/s, loss=0.847, acc=81.0%, lr=2.6e-04]
Epoch 21/80 [Train]:  94%|█████████▍| 195/208 [00:07<00:00, 25.32it/s, loss=0.899, acc=81.0%, lr=2.6e-04]
Epoch 21/80 [Train]:  94%|█████████▍| 195/208 [00:07<00:00, 25.32it/s, loss=0.956, acc=81.0%, lr=2.6e-04]
Epoch 21/80 [Train]:  95%|█████████▌| 198/208 [00:07<00:00, 25.48it/s, loss=0.956, acc=81.0%, lr=2.6e-04]
Epoch 21/80 [Train]:  95%|█████████▌| 198/208 [00:07<00:00, 25.48it/s, loss=0.931, acc=81.0%, lr=2.6e-04]
Epoch 21/80 [Train]:  95%|█████████▌| 198/208 [00:07<00:00, 25.48it/s, loss=1.060, acc=81.0%, lr=2.6e-04]
Epoch 21/80 [Train]:  95%|█████████▌| 198/208 [00:08<00:00, 25.48it/s, loss=0.985, acc=81.0%, lr=2.6e-04]
Epoch 21/80 [Train]:  97%|█████████▋| 201/208 [00:08<00:00, 25.44it/s, loss=0.985, acc=81.0%, lr=2.6e-04]
Epoch 21/80 [Train]:  97%|█████████▋| 201/208 [00:08<00:00, 25.44it/s, loss=0.921, acc=80.9%, lr=2.6e-04]
Epoch 21/80 [Train]:  97%|█████████▋| 201/208 [00:08<00:00, 25.44it/s, loss=1.044, acc=80.9%, lr=2.6e-04]
Epoch 21/80 [Train]:  97%|█████████▋| 201/208 [00:08<00:00, 25.44it/s, loss=1.122, acc=80.9%, lr=2.6e-04]
Epoch 21/80 [Train]:  98%|█████████▊| 204/208 [00:08<00:00, 25.09it/s, loss=1.122, acc=80.9%, lr=2.6e-04]
Epoch 21/80 [Train]:  98%|█████████▊| 204/208 [00:08<00:00, 25.09it/s, loss=1.026, acc=80.9%, lr=2.6e-04]
Epoch 21/80 [Train]:  98%|█████████▊| 204/208 [00:08<00:00, 25.09it/s, loss=0.990, acc=80.8%, lr=2.6e-04]
Epoch 21/80 [Train]:  98%|█████████▊| 204/208 [00:08<00:00, 25.09it/s, loss=0.962, acc=80.8%, lr=2.6e-04]
Epoch 21/80 [Train]: 100%|█████████▉| 207/208 [00:08<00:00, 24.65it/s, loss=0.962, acc=80.8%, lr=2.6e-04]
Epoch 21/80 [Train]: 100%|█████████▉| 207/208 [00:08<00:00, 24.65it/s, loss=1.313, acc=80.8%, lr=2.6e-04]
Epoch 21/80 [Train]: 100%|██████████| 208/208 [00:08<00:00, 25.13it/s, loss=1.313, acc=80.8%, lr=2.6e-04]

[2026-08-17 01:20:54] [EPOCH 21 SUMMARY]
  Train: Loss = 0.9673 | Top-1 Acc =  80.82%
  Val:   Top-1 Acc =  11.55% | Top-3 =  32.96% | Top-5 =  43.78%
         APL = 10.99 dB | Profile MAE =  2.10 dB (Rank Corr: 0.537)
  Time:  Epoch = 8.3s (Val Eval: 2.0s) | Total Elapsed = 00h:03m:04s | ETA: 00h:08m:39s
  -> [INFO] No improvement for 13/12 epochs (Best: 15.65%)

[2026-08-17 01:20:54] >>> [EPOCH 22/80] Training Started <<<

Epoch 22/80 [Train]:   0%|          | 0/208 [00:00<?, ?it/s]
Epoch 22/80 [Train]:   0%|          | 0/208 [00:00<?, ?it/s, loss=0.952, acc=82.8%, lr=2.6e-04]
Epoch 22/80 [Train]:   0%|          | 0/208 [00:00<?, ?it/s, loss=0.959, acc=84.4%, lr=2.6e-04]
Epoch 22/80 [Train]:   0%|          | 0/208 [00:00<?, ?it/s, loss=0.755, acc=87.0%, lr=2.6e-04]
Epoch 22/80 [Train]:   1%|▏         | 3/208 [00:00<00:07, 25.81it/s, loss=0.755, acc=87.0%, lr=2.6e-04]
Epoch 22/80 [Train]:   1%|▏         | 3/208 [00:00<00:07, 25.81it/s, loss=0.967, acc=86.3%, lr=2.6e-04]
Epoch 22/80 [Train]:   1%|▏         | 3/208 [00:00<00:07, 25.81it/s, loss=0.873, acc=85.6%, lr=2.6e-04]
Epoch 22/80 [Train]:   1%|▏         | 3/208 [00:00<00:07, 25.81it/s, loss=1.001, acc=84.6%, lr=2.6e-04]
Epoch 22/80 [Train]:   3%|▎         | 6/208 [00:00<00:08, 24.54it/s, loss=1.001, acc=84.6%, lr=2.6e-04]
Epoch 22/80 [Train]:   3%|▎         | 6/208 [00:00<00:08, 24.54it/s, loss=0.935, acc=83.7%, lr=2.6e-04]
Epoch 22/80 [Train]:   3%|▎         | 6/208 [00:00<00:08, 24.54it/s, loss=1.104, acc=83.4%, lr=2.6e-04]
Epoch 22/80 [Train]:   3%|▎         | 6/208 [00:00<00:08, 24.54it/s, loss=0.930, acc=83.5%, lr=2.6e-04]
Epoch 22/80 [Train]:   4%|▍         | 9/208 [00:00<00:07, 25.12it/s, loss=0.930, acc=83.5%, lr=2.6e-04]
Epoch 22/80 [Train]:   4%|▍         | 9/208 [00:00<00:07, 25.12it/s, loss=0.900, acc=83.8%, lr=2.6e-04]
Epoch 22/80 [Train]:   4%|▍         | 9/208 [00:00<00:07, 25.12it/s, loss=0.731, acc=84.4%, lr=2.6e-04]
Epoch 22/80 [Train]:   4%|▍         | 9/208 [00:00<00:07, 25.12it/s, loss=0.873, acc=84.4%, lr=2.6e-04]
Epoch 22/80 [Train]:   6%|▌         | 12/208 [00:00<00:07, 24.54it/s, loss=0.873, acc=84.4%, lr=2.6e-04]
Epoch 22/80 [Train]:   6%|▌         | 12/208 [00:00<00:07, 24.54it/s, loss=1.124, acc=83.7%, lr=2.6e-04]
Epoch 22/80 [Train]:   6%|▌         | 12/208 [00:00<00:07, 24.54it/s, loss=0.889, acc=83.3%, lr=2.6e-04]
Epoch 22/80 [Train]:   6%|▌         | 12/208 [00:00<00:07, 24.54it/s, loss=0.988, acc=83.2%, lr=2.6e-04]
Epoch 22/80 [Train]:   7%|▋         | 15/208 [00:00<00:07, 24.13it/s, loss=0.988, acc=83.2%, lr=2.6e-04]
Epoch 22/80 [Train]:   7%|▋         | 15/208 [00:00<00:07, 24.13it/s, loss=0.828, acc=83.2%, lr=2.6e-04]
Epoch 22/80 [Train]:   7%|▋         | 15/208 [00:00<00:07, 24.13it/s, loss=0.880, acc=83.3%, lr=2.6e-04]
Epoch 22/80 [Train]:   7%|▋         | 15/208 [00:00<00:07, 24.13it/s, loss=1.138, acc=83.0%, lr=2.6e-04]
Epoch 22/80 [Train]:   9%|▊         | 18/208 [00:00<00:07, 24.51it/s, loss=1.138, acc=83.0%, lr=2.6e-04]
Epoch 22/80 [Train]:   9%|▊         | 18/208 [00:00<00:07, 24.51it/s, loss=0.750, acc=83.5%, lr=2.6e-04]
Epoch 22/80 [Train]:   9%|▊         | 18/208 [00:00<00:07, 24.51it/s, loss=0.989, acc=83.2%, lr=2.6e-04]
Epoch 22/80 [Train]:   9%|▊         | 18/208 [00:00<00:07, 24.51it/s, loss=1.018, acc=83.0%, lr=2.6e-04]
Epoch 22/80 [Train]:  10%|█         | 21/208 [00:00<00:07, 24.55it/s, loss=1.018, acc=83.0%, lr=2.6e-04]
Epoch 22/80 [Train]:  10%|█         | 21/208 [00:00<00:07, 24.55it/s, loss=1.128, acc=82.7%, lr=2.6e-04]
Epoch 22/80 [Train]:  10%|█         | 21/208 [00:00<00:07, 24.55it/s, loss=1.013, acc=82.7%, lr=2.6e-04]
Epoch 22/80 [Train]:  10%|█         | 21/208 [00:00<00:07, 24.55it/s, loss=0.978, acc=82.6%, lr=2.6e-04]
Epoch 22/80 [Train]:  12%|█▏        | 24/208 [00:00<00:07, 24.75it/s, loss=0.978, acc=82.6%, lr=2.6e-04]
Epoch 22/80 [Train]:  12%|█▏        | 24/208 [00:01<00:07, 24.75it/s, loss=1.046, acc=82.4%, lr=2.6e-04]
Epoch 22/80 [Train]:  12%|█▏        | 24/208 [00:01<00:07, 24.75it/s, loss=0.823, acc=82.5%, lr=2.6e-04]
Epoch 22/80 [Train]:  12%|█▏        | 24/208 [00:01<00:07, 24.75it/s, loss=1.028, acc=82.3%, lr=2.6e-04]
Epoch 22/80 [Train]:  13%|█▎        | 27/208 [00:01<00:07, 24.95it/s, loss=1.028, acc=82.3%, lr=2.6e-04]
Epoch 22/80 [Train]:  13%|█▎        | 27/208 [00:01<00:07, 24.95it/s, loss=1.086, acc=82.0%, lr=2.6e-04]
Epoch 22/80 [Train]:  13%|█▎        | 27/208 [00:01<00:07, 24.95it/s, loss=0.998, acc=81.9%, lr=2.6e-04]
Epoch 22/80 [Train]:  13%|█▎        | 27/208 [00:01<00:07, 24.95it/s, loss=1.108, acc=81.8%, lr=2.6e-04]
Epoch 22/80 [Train]:  14%|█▍        | 30/208 [00:01<00:07, 24.93it/s, loss=1.108, acc=81.8%, lr=2.6e-04]
Epoch 22/80 [Train]:  14%|█▍        | 30/208 [00:01<00:07, 24.93it/s, loss=0.808, acc=81.9%, lr=2.6e-04]
Epoch 22/80 [Train]:  14%|█▍        | 30/208 [00:01<00:07, 24.93it/s, loss=0.893, acc=82.1%, lr=2.6e-04]
Epoch 22/80 [Train]:  14%|█▍        | 30/208 [00:01<00:07, 24.93it/s, loss=0.982, acc=82.1%, lr=2.6e-04]
Epoch 22/80 [Train]:  16%|█▌        | 33/208 [00:01<00:06, 25.03it/s, loss=0.982, acc=82.1%, lr=2.6e-04]
Epoch 22/80 [Train]:  16%|█▌        | 33/208 [00:01<00:06, 25.03it/s, loss=0.850, acc=82.2%, lr=2.6e-04]
Epoch 22/80 [Train]:  16%|█▌        | 33/208 [00:01<00:06, 25.03it/s, loss=1.102, acc=82.1%, lr=2.6e-04]
Epoch 22/80 [Train]:  16%|█▌        | 33/208 [00:01<00:06, 25.03it/s, loss=0.915, acc=82.0%, lr=2.6e-04]
Epoch 22/80 [Train]:  17%|█▋        | 36/208 [00:01<00:06, 25.07it/s, loss=0.915, acc=82.0%, lr=2.6e-04]
Epoch 22/80 [Train]:  17%|█▋        | 36/208 [00:01<00:06, 25.07it/s, loss=1.023, acc=82.0%, lr=2.6e-04]
Epoch 22/80 [Train]:  17%|█▋        | 36/208 [00:01<00:06, 25.07it/s, loss=0.934, acc=82.1%, lr=2.6e-04]
Epoch 22/80 [Train]:  17%|█▋        | 36/208 [00:01<00:06, 25.07it/s, loss=0.959, acc=82.1%, lr=2.6e-04]
Epoch 22/80 [Train]:  19%|█▉        | 39/208 [00:01<00:06, 24.91it/s, loss=0.959, acc=82.1%, lr=2.6e-04]
Epoch 22/80 [Train]:  19%|█▉        | 39/208 [00:01<00:06, 24.91it/s, loss=0.833, acc=82.1%, lr=2.6e-04]
Epoch 22/80 [Train]:  19%|█▉        | 39/208 [00:01<00:06, 24.91it/s, loss=1.037, acc=82.1%, lr=2.6e-04]
Epoch 22/80 [Train]:  19%|█▉        | 39/208 [00:01<00:06, 24.91it/s, loss=0.876, acc=82.2%, lr=2.6e-04]
Epoch 22/80 [Train]:  20%|██        | 42/208 [00:01<00:06, 25.02it/s, loss=0.876, acc=82.2%, lr=2.6e-04]
Epoch 22/80 [Train]:  20%|██        | 42/208 [00:01<00:06, 25.02it/s, loss=0.930, acc=82.4%, lr=2.6e-04]
Epoch 22/80 [Train]:  20%|██        | 42/208 [00:01<00:06, 25.02it/s, loss=0.971, acc=82.4%, lr=2.6e-04]
Epoch 22/80 [Train]:  20%|██        | 42/208 [00:01<00:06, 25.02it/s, loss=0.861, acc=82.4%, lr=2.6e-04]
Epoch 22/80 [Train]:  22%|██▏       | 45/208 [00:01<00:06, 25.08it/s, loss=0.861, acc=82.4%, lr=2.6e-04]
Epoch 22/80 [Train]:  22%|██▏       | 45/208 [00:01<00:06, 25.08it/s, loss=0.794, acc=82.5%, lr=2.6e-04]
Epoch 22/80 [Train]:  22%|██▏       | 45/208 [00:01<00:06, 25.08it/s, loss=0.722, acc=82.5%, lr=2.6e-04]
Epoch 22/80 [Train]:  22%|██▏       | 45/208 [00:01<00:06, 25.08it/s, loss=0.995, acc=82.5%, lr=2.6e-04]
Epoch 22/80 [Train]:  23%|██▎       | 48/208 [00:01<00:06, 25.16it/s, loss=0.995, acc=82.5%, lr=2.6e-04]
Epoch 22/80 [Train]:  23%|██▎       | 48/208 [00:01<00:06, 25.16it/s, loss=0.840, acc=82.6%, lr=2.6e-04]
Epoch 22/80 [Train]:  23%|██▎       | 48/208 [00:02<00:06, 25.16it/s, loss=0.810, acc=82.6%, lr=2.6e-04]
Epoch 22/80 [Train]:  23%|██▎       | 48/208 [00:02<00:06, 25.16it/s, loss=0.868, acc=82.6%, lr=2.6e-04]
Epoch 22/80 [Train]:  25%|██▍       | 51/208 [00:02<00:06, 24.98it/s, loss=0.868, acc=82.6%, lr=2.6e-04]
Epoch 22/80 [Train]:  25%|██▍       | 51/208 [00:02<00:06, 24.98it/s, loss=0.933, acc=82.6%, lr=2.6e-04]
Epoch 22/80 [Train]:  25%|██▍       | 51/208 [00:02<00:06, 24.98it/s, loss=0.815, acc=82.8%, lr=2.6e-04]
Epoch 22/80 [Train]:  25%|██▍       | 51/208 [00:02<00:06, 24.98it/s, loss=0.896, acc=82.8%, lr=2.6e-04]
Epoch 22/80 [Train]:  26%|██▌       | 54/208 [00:02<00:06, 25.04it/s, loss=0.896, acc=82.8%, lr=2.6e-04]
Epoch 22/80 [Train]:  26%|██▌       | 54/208 [00:02<00:06, 25.04it/s, loss=0.784, acc=82.9%, lr=2.6e-04]
Epoch 22/80 [Train]:  26%|██▌       | 54/208 [00:02<00:06, 25.04it/s, loss=0.763, acc=83.0%, lr=2.6e-04]
Epoch 22/80 [Train]:  26%|██▌       | 54/208 [00:02<00:06, 25.04it/s, loss=1.063, acc=82.8%, lr=2.6e-04]
Epoch 22/80 [Train]:  27%|██▋       | 57/208 [00:02<00:06, 25.16it/s, loss=1.063, acc=82.8%, lr=2.6e-04]
Epoch 22/80 [Train]:  27%|██▋       | 57/208 [00:02<00:06, 25.16it/s, loss=1.067, acc=82.8%, lr=2.6e-04]
Epoch 22/80 [Train]:  27%|██▋       | 57/208 [00:02<00:06, 25.16it/s, loss=0.904, acc=82.8%, lr=2.6e-04]
Epoch 22/80 [Train]:  27%|██▋       | 57/208 [00:02<00:06, 25.16it/s, loss=0.769, acc=82.8%, lr=2.6e-04]
Epoch 22/80 [Train]:  29%|██▉       | 60/208 [00:02<00:05, 25.14it/s, loss=0.769, acc=82.8%, lr=2.6e-04]
Epoch 22/80 [Train]:  29%|██▉       | 60/208 [00:02<00:05, 25.14it/s, loss=0.983, acc=82.8%, lr=2.6e-04]
Epoch 22/80 [Train]:  29%|██▉       | 60/208 [00:02<00:05, 25.14it/s, loss=0.772, acc=82.8%, lr=2.6e-04]
Epoch 22/80 [Train]:  29%|██▉       | 60/208 [00:02<00:05, 25.14it/s, loss=0.931, acc=82.8%, lr=2.6e-04]
Epoch 22/80 [Train]:  30%|███       | 63/208 [00:02<00:05, 25.26it/s, loss=0.931, acc=82.8%, lr=2.6e-04]
Epoch 22/80 [Train]:  30%|███       | 63/208 [00:02<00:05, 25.26it/s, loss=0.824, acc=82.8%, lr=2.6e-04]
Epoch 22/80 [Train]:  30%|███       | 63/208 [00:02<00:05, 25.26it/s, loss=1.046, acc=82.7%, lr=2.6e-04]
Epoch 22/80 [Train]:  30%|███       | 63/208 [00:02<00:05, 25.26it/s, loss=1.134, acc=82.6%, lr=2.6e-04]
Epoch 22/80 [Train]:  32%|███▏      | 66/208 [00:02<00:05, 25.46it/s, loss=1.134, acc=82.6%, lr=2.6e-04]
Epoch 22/80 [Train]:  32%|███▏      | 66/208 [00:02<00:05, 25.46it/s, loss=0.860, acc=82.6%, lr=2.6e-04]
Epoch 22/80 [Train]:  32%|███▏      | 66/208 [00:02<00:05, 25.46it/s, loss=0.780, acc=82.8%, lr=2.6e-04]
Epoch 22/80 [Train]:  32%|███▏      | 66/208 [00:02<00:05, 25.46it/s, loss=0.991, acc=82.7%, lr=2.6e-04]
Epoch 22/80 [Train]:  33%|███▎      | 69/208 [00:02<00:05, 25.33it/s, loss=0.991, acc=82.7%, lr=2.6e-04]
Epoch 22/80 [Train]:  33%|███▎      | 69/208 [00:02<00:05, 25.33it/s, loss=0.887, acc=82.6%, lr=2.6e-04]
Epoch 22/80 [Train]:  33%|███▎      | 69/208 [00:02<00:05, 25.33it/s, loss=1.112, acc=82.5%, lr=2.6e-04]
Epoch 22/80 [Train]:  33%|███▎      | 69/208 [00:02<00:05, 25.33it/s, loss=0.933, acc=82.5%, lr=2.6e-04]
Epoch 22/80 [Train]:  35%|███▍      | 72/208 [00:02<00:05, 25.55it/s, loss=0.933, acc=82.5%, lr=2.6e-04]
Epoch 22/80 [Train]:  35%|███▍      | 72/208 [00:02<00:05, 25.55it/s, loss=1.010, acc=82.4%, lr=2.6e-04]
Epoch 22/80 [Train]:  35%|███▍      | 72/208 [00:02<00:05, 25.55it/s, loss=1.083, acc=82.3%, lr=2.6e-04]
Epoch 22/80 [Train]:  35%|███▍      | 72/208 [00:02<00:05, 25.55it/s, loss=1.197, acc=82.2%, lr=2.6e-04]
Epoch 22/80 [Train]:  36%|███▌      | 75/208 [00:02<00:05, 25.44it/s, loss=1.197, acc=82.2%, lr=2.6e-04]
Epoch 22/80 [Train]:  36%|███▌      | 75/208 [00:03<00:05, 25.44it/s, loss=0.950, acc=82.1%, lr=2.6e-04]
Epoch 22/80 [Train]:  36%|███▌      | 75/208 [00:03<00:05, 25.44it/s, loss=1.024, acc=82.1%, lr=2.6e-04]
Epoch 22/80 [Train]:  36%|███▌      | 75/208 [00:03<00:05, 25.44it/s, loss=1.074, acc=82.0%, lr=2.6e-04]
Epoch 22/80 [Train]:  38%|███▊      | 78/208 [00:03<00:05, 25.47it/s, loss=1.074, acc=82.0%, lr=2.6e-04]
Epoch 22/80 [Train]:  38%|███▊      | 78/208 [00:03<00:05, 25.47it/s, loss=0.860, acc=82.1%, lr=2.6e-04]
Epoch 22/80 [Train]:  38%|███▊      | 78/208 [00:03<00:05, 25.47it/s, loss=0.868, acc=82.1%, lr=2.6e-04]
Epoch 22/80 [Train]:  38%|███▊      | 78/208 [00:03<00:05, 25.47it/s, loss=0.727, acc=82.2%, lr=2.6e-04]
Epoch 22/80 [Train]:  39%|███▉      | 81/208 [00:03<00:05, 25.25it/s, loss=0.727, acc=82.2%, lr=2.6e-04]
Epoch 22/80 [Train]:  39%|███▉      | 81/208 [00:03<00:05, 25.25it/s, loss=1.005, acc=82.1%, lr=2.6e-04]
Epoch 22/80 [Train]:  39%|███▉      | 81/208 [00:03<00:05, 25.25it/s, loss=1.001, acc=82.1%, lr=2.6e-04]
Epoch 22/80 [Train]:  39%|███▉      | 81/208 [00:03<00:05, 25.25it/s, loss=0.904, acc=82.0%, lr=2.6e-04]
Epoch 22/80 [Train]:  40%|████      | 84/208 [00:03<00:04, 25.37it/s, loss=0.904, acc=82.0%, lr=2.6e-04]
Epoch 22/80 [Train]:  40%|████      | 84/208 [00:03<00:04, 25.37it/s, loss=0.961, acc=82.0%, lr=2.6e-04]
Epoch 22/80 [Train]:  40%|████      | 84/208 [00:03<00:04, 25.37it/s, loss=0.774, acc=82.1%, lr=2.6e-04]
Epoch 22/80 [Train]:  40%|████      | 84/208 [00:03<00:04, 25.37it/s, loss=0.885, acc=82.1%, lr=2.6e-04]
Epoch 22/80 [Train]:  42%|████▏     | 87/208 [00:03<00:04, 25.37it/s, loss=0.885, acc=82.1%, lr=2.6e-04]
Epoch 22/80 [Train]:  42%|████▏     | 87/208 [00:03<00:04, 25.37it/s, loss=0.929, acc=82.1%, lr=2.6e-04]
Epoch 22/80 [Train]:  42%|████▏     | 87/208 [00:03<00:04, 25.37it/s, loss=0.814, acc=82.1%, lr=2.6e-04]
Epoch 22/80 [Train]:  42%|████▏     | 87/208 [00:03<00:04, 25.37it/s, loss=0.924, acc=82.1%, lr=2.6e-04]
Epoch 22/80 [Train]:  43%|████▎     | 90/208 [00:03<00:04, 25.18it/s, loss=0.924, acc=82.1%, lr=2.6e-04]
Epoch 22/80 [Train]:  43%|████▎     | 90/208 [00:03<00:04, 25.18it/s, loss=0.912, acc=82.2%, lr=2.6e-04]
Epoch 22/80 [Train]:  43%|████▎     | 90/208 [00:03<00:04, 25.18it/s, loss=0.910, acc=82.1%, lr=2.6e-04]
Epoch 22/80 [Train]:  43%|████▎     | 90/208 [00:03<00:04, 25.18it/s, loss=0.737, acc=82.2%, lr=2.6e-04]
Epoch 22/80 [Train]:  45%|████▍     | 93/208 [00:03<00:04, 25.15it/s, loss=0.737, acc=82.2%, lr=2.6e-04]
Epoch 22/80 [Train]:  45%|████▍     | 93/208 [00:03<00:04, 25.15it/s, loss=1.047, acc=82.2%, lr=2.6e-04]
Epoch 22/80 [Train]:  45%|████▍     | 93/208 [00:03<00:04, 25.15it/s, loss=1.034, acc=82.2%, lr=2.6e-04]
Epoch 22/80 [Train]:  45%|████▍     | 93/208 [00:03<00:04, 25.15it/s, loss=0.866, acc=82.2%, lr=2.6e-04]
Epoch 22/80 [Train]:  46%|████▌     | 96/208 [00:03<00:04, 25.09it/s, loss=0.866, acc=82.2%, lr=2.6e-04]
Epoch 22/80 [Train]:  46%|████▌     | 96/208 [00:03<00:04, 25.09it/s, loss=0.994, acc=82.2%, lr=2.6e-04]
Epoch 22/80 [Train]:  46%|████▌     | 96/208 [00:03<00:04, 25.09it/s, loss=0.761, acc=82.3%, lr=2.6e-04]
Epoch 22/80 [Train]:  46%|████▌     | 96/208 [00:03<00:04, 25.09it/s, loss=0.941, acc=82.2%, lr=2.6e-04]
Epoch 22/80 [Train]:  48%|████▊     | 99/208 [00:03<00:04, 25.15it/s, loss=0.941, acc=82.2%, lr=2.6e-04]
Epoch 22/80 [Train]:  48%|████▊     | 99/208 [00:04<00:04, 25.15it/s, loss=0.851, acc=82.3%, lr=2.6e-04]
Epoch 22/80 [Train]:  48%|████▊     | 99/208 [00:04<00:04, 25.15it/s, loss=0.797, acc=82.3%, lr=2.6e-04]
Epoch 22/80 [Train]:  48%|████▊     | 99/208 [00:04<00:04, 25.15it/s, loss=1.114, acc=82.3%, lr=2.6e-04]
Epoch 22/80 [Train]:  49%|████▉     | 102/208 [00:04<00:05, 20.09it/s, loss=1.114, acc=82.3%, lr=2.6e-04]
Epoch 22/80 [Train]:  49%|████▉     | 102/208 [00:04<00:05, 20.09it/s, loss=0.857, acc=82.3%, lr=2.6e-04]
Epoch 22/80 [Train]:  49%|████▉     | 102/208 [00:04<00:05, 20.09it/s, loss=0.848, acc=82.3%, lr=2.6e-04]
Epoch 22/80 [Train]:  49%|████▉     | 102/208 [00:04<00:05, 20.09it/s, loss=0.876, acc=82.3%, lr=2.6e-04]
Epoch 22/80 [Train]:  50%|█████     | 105/208 [00:04<00:04, 21.42it/s, loss=0.876, acc=82.3%, lr=2.6e-04]
Epoch 22/80 [Train]:  50%|█████     | 105/208 [00:04<00:04, 21.42it/s, loss=0.893, acc=82.3%, lr=2.6e-04]
Epoch 22/80 [Train]:  50%|█████     | 105/208 [00:04<00:04, 21.42it/s, loss=1.017, acc=82.3%, lr=2.6e-04]
Epoch 22/80 [Train]:  50%|█████     | 105/208 [00:04<00:04, 21.42it/s, loss=0.901, acc=82.3%, lr=2.6e-04]
Epoch 22/80 [Train]:  52%|█████▏    | 108/208 [00:04<00:04, 22.48it/s, loss=0.901, acc=82.3%, lr=2.6e-04]
Epoch 22/80 [Train]:  52%|█████▏    | 108/208 [00:04<00:04, 22.48it/s, loss=0.777, acc=82.3%, lr=2.6e-04]
Epoch 22/80 [Train]:  52%|█████▏    | 108/208 [00:04<00:04, 22.48it/s, loss=0.853, acc=82.3%, lr=2.6e-04]
Epoch 22/80 [Train]:  52%|█████▏    | 108/208 [00:04<00:04, 22.48it/s, loss=0.723, acc=82.3%, lr=2.6e-04]
Epoch 22/80 [Train]:  53%|█████▎    | 111/208 [00:04<00:04, 23.03it/s, loss=0.723, acc=82.3%, lr=2.6e-04]
Epoch 22/80 [Train]:  53%|█████▎    | 111/208 [00:04<00:04, 23.03it/s, loss=0.909, acc=82.3%, lr=2.6e-04]
Epoch 22/80 [Train]:  53%|█████▎    | 111/208 [00:04<00:04, 23.03it/s, loss=0.856, acc=82.2%, lr=2.6e-04]
Epoch 22/80 [Train]:  53%|█████▎    | 111/208 [00:04<00:04, 23.03it/s, loss=1.086, acc=82.2%, lr=2.6e-04]
Epoch 22/80 [Train]:  55%|█████▍    | 114/208 [00:04<00:03, 23.74it/s, loss=1.086, acc=82.2%, lr=2.6e-04]
Epoch 22/80 [Train]:  55%|█████▍    | 114/208 [00:04<00:03, 23.74it/s, loss=0.982, acc=82.2%, lr=2.6e-04]
Epoch 22/80 [Train]:  55%|█████▍    | 114/208 [00:04<00:03, 23.74it/s, loss=0.836, acc=82.2%, lr=2.6e-04]
Epoch 22/80 [Train]:  55%|█████▍    | 114/208 [00:04<00:03, 23.74it/s, loss=0.885, acc=82.2%, lr=2.6e-04]
Epoch 22/80 [Train]:  56%|█████▋    | 117/208 [00:04<00:03, 24.23it/s, loss=0.885, acc=82.2%, lr=2.6e-04]
Epoch 22/80 [Train]:  56%|█████▋    | 117/208 [00:04<00:03, 24.23it/s, loss=0.970, acc=82.2%, lr=2.6e-04]
Epoch 22/80 [Train]:  56%|█████▋    | 117/208 [00:04<00:03, 24.23it/s, loss=1.076, acc=82.1%, lr=2.6e-04]
Epoch 22/80 [Train]:  56%|█████▋    | 117/208 [00:04<00:03, 24.23it/s, loss=1.097, acc=82.1%, lr=2.6e-04]
Epoch 22/80 [Train]:  58%|█████▊    | 120/208 [00:04<00:03, 24.52it/s, loss=1.097, acc=82.1%, lr=2.6e-04]
Epoch 22/80 [Train]:  58%|█████▊    | 120/208 [00:04<00:03, 24.52it/s, loss=0.981, acc=82.0%, lr=2.6e-04]
Epoch 22/80 [Train]:  58%|█████▊    | 120/208 [00:04<00:03, 24.52it/s, loss=0.736, acc=82.1%, lr=2.6e-04]
Epoch 22/80 [Train]:  58%|█████▊    | 120/208 [00:05<00:03, 24.52it/s, loss=0.916, acc=82.1%, lr=2.6e-04]
Epoch 22/80 [Train]:  59%|█████▉    | 123/208 [00:05<00:03, 24.61it/s, loss=0.916, acc=82.1%, lr=2.6e-04]
Epoch 22/80 [Train]:  59%|█████▉    | 123/208 [00:05<00:03, 24.61it/s, loss=0.935, acc=82.0%, lr=2.6e-04]
Epoch 22/80 [Train]:  59%|█████▉    | 123/208 [00:05<00:03, 24.61it/s, loss=0.894, acc=82.0%, lr=2.6e-04]
Epoch 22/80 [Train]:  59%|█████▉    | 123/208 [00:05<00:03, 24.61it/s, loss=0.860, acc=82.0%, lr=2.6e-04]
Epoch 22/80 [Train]:  61%|██████    | 126/208 [00:05<00:03, 24.95it/s, loss=0.860, acc=82.0%, lr=2.6e-04]
Epoch 22/80 [Train]:  61%|██████    | 126/208 [00:05<00:03, 24.95it/s, loss=0.900, acc=81.9%, lr=2.6e-04]
Epoch 22/80 [Train]:  61%|██████    | 126/208 [00:05<00:03, 24.95it/s, loss=1.008, acc=81.9%, lr=2.6e-04]
Epoch 22/80 [Train]:  61%|██████    | 126/208 [00:05<00:03, 24.95it/s, loss=1.205, acc=81.8%, lr=2.6e-04]
Epoch 22/80 [Train]:  62%|██████▏   | 129/208 [00:05<00:03, 25.01it/s, loss=1.205, acc=81.8%, lr=2.6e-04]
Epoch 22/80 [Train]:  62%|██████▏   | 129/208 [00:05<00:03, 25.01it/s, loss=0.853, acc=81.8%, lr=2.6e-04]
Epoch 22/80 [Train]:  62%|██████▏   | 129/208 [00:05<00:03, 25.01it/s, loss=0.736, acc=81.8%, lr=2.6e-04]
Epoch 22/80 [Train]:  62%|██████▏   | 129/208 [00:05<00:03, 25.01it/s, loss=0.968, acc=81.8%, lr=2.6e-04]
Epoch 22/80 [Train]:  63%|██████▎   | 132/208 [00:05<00:03, 25.23it/s, loss=0.968, acc=81.8%, lr=2.6e-04]
Epoch 22/80 [Train]:  63%|██████▎   | 132/208 [00:05<00:03, 25.23it/s, loss=1.051, acc=81.8%, lr=2.6e-04]
Epoch 22/80 [Train]:  63%|██████▎   | 132/208 [00:05<00:03, 25.23it/s, loss=0.954, acc=81.8%, lr=2.6e-04]
Epoch 22/80 [Train]:  63%|██████▎   | 132/208 [00:05<00:03, 25.23it/s, loss=0.915, acc=81.8%, lr=2.6e-04]
Epoch 22/80 [Train]:  65%|██████▍   | 135/208 [00:05<00:02, 25.17it/s, loss=0.915, acc=81.8%, lr=2.6e-04]
Epoch 22/80 [Train]:  65%|██████▍   | 135/208 [00:05<00:02, 25.17it/s, loss=0.991, acc=81.8%, lr=2.6e-04]
Epoch 22/80 [Train]:  65%|██████▍   | 135/208 [00:05<00:02, 25.17it/s, loss=0.845, acc=81.8%, lr=2.6e-04]
Epoch 22/80 [Train]:  65%|██████▍   | 135/208 [00:05<00:02, 25.17it/s, loss=0.907, acc=81.9%, lr=2.6e-04]
Epoch 22/80 [Train]:  66%|██████▋   | 138/208 [00:05<00:02, 25.17it/s, loss=0.907, acc=81.9%, lr=2.6e-04]
Epoch 22/80 [Train]:  66%|██████▋   | 138/208 [00:05<00:02, 25.17it/s, loss=0.869, acc=81.8%, lr=2.6e-04]
Epoch 22/80 [Train]:  66%|██████▋   | 138/208 [00:05<00:02, 25.17it/s, loss=1.019, acc=81.8%, lr=2.6e-04]
Epoch 22/80 [Train]:  66%|██████▋   | 138/208 [00:05<00:02, 25.17it/s, loss=0.971, acc=81.7%, lr=2.6e-04]
Epoch 22/80 [Train]:  68%|██████▊   | 141/208 [00:05<00:02, 25.30it/s, loss=0.971, acc=81.7%, lr=2.6e-04]
Epoch 22/80 [Train]:  68%|██████▊   | 141/208 [00:05<00:02, 25.30it/s, loss=0.982, acc=81.7%, lr=2.6e-04]
Epoch 22/80 [Train]:  68%|██████▊   | 141/208 [00:05<00:02, 25.30it/s, loss=0.793, acc=81.7%, lr=2.6e-04]
Epoch 22/80 [Train]:  68%|██████▊   | 141/208 [00:05<00:02, 25.30it/s, loss=0.730, acc=81.8%, lr=2.6e-04]
Epoch 22/80 [Train]:  69%|██████▉   | 144/208 [00:05<00:02, 25.37it/s, loss=0.730, acc=81.8%, lr=2.6e-04]
Epoch 22/80 [Train]:  69%|██████▉   | 144/208 [00:05<00:02, 25.37it/s, loss=0.830, acc=81.8%, lr=2.6e-04]
Epoch 22/80 [Train]:  69%|██████▉   | 144/208 [00:05<00:02, 25.37it/s, loss=0.885, acc=81.8%, lr=2.6e-04]
Epoch 22/80 [Train]:  69%|██████▉   | 144/208 [00:05<00:02, 25.37it/s, loss=0.803, acc=81.8%, lr=2.6e-04]
Epoch 22/80 [Train]:  71%|███████   | 147/208 [00:05<00:02, 25.52it/s, loss=0.803, acc=81.8%, lr=2.6e-04]
Epoch 22/80 [Train]:  71%|███████   | 147/208 [00:05<00:02, 25.52it/s, loss=1.072, acc=81.8%, lr=2.6e-04]
Epoch 22/80 [Train]:  71%|███████   | 147/208 [00:06<00:02, 25.52it/s, loss=1.066, acc=81.8%, lr=2.6e-04]
Epoch 22/80 [Train]:  71%|███████   | 147/208 [00:06<00:02, 25.52it/s, loss=0.848, acc=81.8%, lr=2.6e-04]
Epoch 22/80 [Train]:  72%|███████▏  | 150/208 [00:06<00:02, 25.37it/s, loss=0.848, acc=81.8%, lr=2.6e-04]
Epoch 22/80 [Train]:  72%|███████▏  | 150/208 [00:06<00:02, 25.37it/s, loss=0.834, acc=81.8%, lr=2.6e-04]
Epoch 22/80 [Train]:  72%|███████▏  | 150/208 [00:06<00:02, 25.37it/s, loss=0.671, acc=81.8%, lr=2.6e-04]
Epoch 22/80 [Train]:  72%|███████▏  | 150/208 [00:06<00:02, 25.37it/s, loss=0.823, acc=81.8%, lr=2.6e-04]
Epoch 22/80 [Train]:  74%|███████▎  | 153/208 [00:06<00:02, 25.48it/s, loss=0.823, acc=81.8%, lr=2.6e-04]
Epoch 22/80 [Train]:  74%|███████▎  | 153/208 [00:06<00:02, 25.48it/s, loss=1.020, acc=81.8%, lr=2.6e-04]
Epoch 22/80 [Train]:  74%|███████▎  | 153/208 [00:06<00:02, 25.48it/s, loss=0.815, acc=81.8%, lr=2.6e-04]
Epoch 22/80 [Train]:  74%|███████▎  | 153/208 [00:06<00:02, 25.48it/s, loss=1.079, acc=81.8%, lr=2.6e-04]
Epoch 22/80 [Train]:  75%|███████▌  | 156/208 [00:06<00:02, 25.44it/s, loss=1.079, acc=81.8%, lr=2.6e-04]
Epoch 22/80 [Train]:  75%|███████▌  | 156/208 [00:06<00:02, 25.44it/s, loss=0.899, acc=81.8%, lr=2.6e-04]
Epoch 22/80 [Train]:  75%|███████▌  | 156/208 [00:06<00:02, 25.44it/s, loss=1.227, acc=81.8%, lr=2.6e-04]
Epoch 22/80 [Train]:  75%|███████▌  | 156/208 [00:06<00:02, 25.44it/s, loss=0.920, acc=81.8%, lr=2.6e-04]
Epoch 22/80 [Train]:  76%|███████▋  | 159/208 [00:06<00:01, 25.41it/s, loss=0.920, acc=81.8%, lr=2.6e-04]
Epoch 22/80 [Train]:  76%|███████▋  | 159/208 [00:06<00:01, 25.41it/s, loss=0.876, acc=81.8%, lr=2.6e-04]
Epoch 22/80 [Train]:  76%|███████▋  | 159/208 [00:06<00:01, 25.41it/s, loss=0.811, acc=81.8%, lr=2.6e-04]
Epoch 22/80 [Train]:  76%|███████▋  | 159/208 [00:06<00:01, 25.41it/s, loss=1.063, acc=81.8%, lr=2.6e-04]
Epoch 22/80 [Train]:  78%|███████▊  | 162/208 [00:06<00:01, 25.21it/s, loss=1.063, acc=81.8%, lr=2.6e-04]
Epoch 22/80 [Train]:  78%|███████▊  | 162/208 [00:06<00:01, 25.21it/s, loss=1.093, acc=81.8%, lr=2.6e-04]
Epoch 22/80 [Train]:  78%|███████▊  | 162/208 [00:06<00:01, 25.21it/s, loss=0.829, acc=81.8%, lr=2.6e-04]
Epoch 22/80 [Train]:  78%|███████▊  | 162/208 [00:06<00:01, 25.21it/s, loss=0.969, acc=81.8%, lr=2.6e-04]
Epoch 22/80 [Train]:  79%|███████▉  | 165/208 [00:06<00:01, 25.27it/s, loss=0.969, acc=81.8%, lr=2.6e-04]
Epoch 22/80 [Train]:  79%|███████▉  | 165/208 [00:06<00:01, 25.27it/s, loss=0.787, acc=81.8%, lr=2.6e-04]
Epoch 22/80 [Train]:  79%|███████▉  | 165/208 [00:06<00:01, 25.27it/s, loss=0.854, acc=81.8%, lr=2.6e-04]
Epoch 22/80 [Train]:  79%|███████▉  | 165/208 [00:06<00:01, 25.27it/s, loss=0.898, acc=81.8%, lr=2.6e-04]
Epoch 22/80 [Train]:  81%|████████  | 168/208 [00:06<00:01, 25.24it/s, loss=0.898, acc=81.8%, lr=2.6e-04]
Epoch 22/80 [Train]:  81%|████████  | 168/208 [00:06<00:01, 25.24it/s, loss=0.983, acc=81.8%, lr=2.6e-04]
Epoch 22/80 [Train]:  81%|████████  | 168/208 [00:06<00:01, 25.24it/s, loss=0.944, acc=81.8%, lr=2.6e-04]
Epoch 22/80 [Train]:  81%|████████  | 168/208 [00:06<00:01, 25.24it/s, loss=0.987, acc=81.8%, lr=2.6e-04]
Epoch 22/80 [Train]:  82%|████████▏ | 171/208 [00:06<00:01, 25.35it/s, loss=0.987, acc=81.8%, lr=2.6e-04]
Epoch 22/80 [Train]:  82%|████████▏ | 171/208 [00:06<00:01, 25.35it/s, loss=0.916, acc=81.7%, lr=2.6e-04]
Epoch 22/80 [Train]:  82%|████████▏ | 171/208 [00:06<00:01, 25.35it/s, loss=0.874, acc=81.8%, lr=2.6e-04]
Epoch 22/80 [Train]:  82%|████████▏ | 171/208 [00:07<00:01, 25.35it/s, loss=0.976, acc=81.8%, lr=2.6e-04]
Epoch 22/80 [Train]:  84%|████████▎ | 174/208 [00:07<00:01, 24.81it/s, loss=0.976, acc=81.8%, lr=2.6e-04]
Epoch 22/80 [Train]:  84%|████████▎ | 174/208 [00:07<00:01, 24.81it/s, loss=1.053, acc=81.8%, lr=2.6e-04]
Epoch 22/80 [Train]:  84%|████████▎ | 174/208 [00:07<00:01, 24.81it/s, loss=0.977, acc=81.8%, lr=2.6e-04]
Epoch 22/80 [Train]:  84%|████████▎ | 174/208 [00:07<00:01, 24.81it/s, loss=0.767, acc=81.8%, lr=2.6e-04]
Epoch 22/80 [Train]:  85%|████████▌ | 177/208 [00:07<00:01, 24.90it/s, loss=0.767, acc=81.8%, lr=2.6e-04]
Epoch 22/80 [Train]:  85%|████████▌ | 177/208 [00:07<00:01, 24.90it/s, loss=1.173, acc=81.7%, lr=2.6e-04]
Epoch 22/80 [Train]:  85%|████████▌ | 177/208 [00:07<00:01, 24.90it/s, loss=1.009, acc=81.7%, lr=2.6e-04]
Epoch 22/80 [Train]:  85%|████████▌ | 177/208 [00:07<00:01, 24.90it/s, loss=1.098, acc=81.7%, lr=2.6e-04]
Epoch 22/80 [Train]:  87%|████████▋ | 180/208 [00:07<00:01, 24.97it/s, loss=1.098, acc=81.7%, lr=2.6e-04]
Epoch 22/80 [Train]:  87%|████████▋ | 180/208 [00:07<00:01, 24.97it/s, loss=0.914, acc=81.7%, lr=2.6e-04]
Epoch 22/80 [Train]:  87%|████████▋ | 180/208 [00:07<00:01, 24.97it/s, loss=0.735, acc=81.7%, lr=2.6e-04]
Epoch 22/80 [Train]:  87%|████████▋ | 180/208 [00:07<00:01, 24.97it/s, loss=0.976, acc=81.7%, lr=2.6e-04]
Epoch 22/80 [Train]:  88%|████████▊ | 183/208 [00:07<00:00, 25.11it/s, loss=0.976, acc=81.7%, lr=2.6e-04]
Epoch 22/80 [Train]:  88%|████████▊ | 183/208 [00:07<00:00, 25.11it/s, loss=1.057, acc=81.7%, lr=2.6e-04]
Epoch 22/80 [Train]:  88%|████████▊ | 183/208 [00:07<00:00, 25.11it/s, loss=0.897, acc=81.7%, lr=2.6e-04]
Epoch 22/80 [Train]:  88%|████████▊ | 183/208 [00:07<00:00, 25.11it/s, loss=1.170, acc=81.6%, lr=2.6e-04]
Epoch 22/80 [Train]:  89%|████████▉ | 186/208 [00:07<00:00, 25.21it/s, loss=1.170, acc=81.6%, lr=2.6e-04]
Epoch 22/80 [Train]:  89%|████████▉ | 186/208 [00:07<00:00, 25.21it/s, loss=1.068, acc=81.7%, lr=2.6e-04]
Epoch 22/80 [Train]:  89%|████████▉ | 186/208 [00:07<00:00, 25.21it/s, loss=0.859, acc=81.6%, lr=2.6e-04]
Epoch 22/80 [Train]:  89%|████████▉ | 186/208 [00:07<00:00, 25.21it/s, loss=0.968, acc=81.7%, lr=2.6e-04]
Epoch 22/80 [Train]:  91%|█████████ | 189/208 [00:07<00:00, 25.37it/s, loss=0.968, acc=81.7%, lr=2.6e-04]
Epoch 22/80 [Train]:  91%|█████████ | 189/208 [00:07<00:00, 25.37it/s, loss=1.036, acc=81.7%, lr=2.6e-04]
Epoch 22/80 [Train]:  91%|█████████ | 189/208 [00:07<00:00, 25.37it/s, loss=0.999, acc=81.6%, lr=2.6e-04]
Epoch 22/80 [Train]:  91%|█████████ | 189/208 [00:07<00:00, 25.37it/s, loss=0.884, acc=81.6%, lr=2.6e-04]
Epoch 22/80 [Train]:  92%|█████████▏| 192/208 [00:07<00:00, 25.33it/s, loss=0.884, acc=81.6%, lr=2.6e-04]
Epoch 22/80 [Train]:  92%|█████████▏| 192/208 [00:07<00:00, 25.33it/s, loss=0.849, acc=81.7%, lr=2.6e-04]
Epoch 22/80 [Train]:  92%|█████████▏| 192/208 [00:07<00:00, 25.33it/s, loss=1.062, acc=81.7%, lr=2.6e-04]
Epoch 22/80 [Train]:  92%|█████████▏| 192/208 [00:07<00:00, 25.33it/s, loss=0.919, acc=81.7%, lr=2.6e-04]
Epoch 22/80 [Train]:  94%|█████████▍| 195/208 [00:07<00:00, 25.43it/s, loss=0.919, acc=81.7%, lr=2.6e-04]
Epoch 22/80 [Train]:  94%|█████████▍| 195/208 [00:07<00:00, 25.43it/s, loss=0.808, acc=81.7%, lr=2.6e-04]
Epoch 22/80 [Train]:  94%|█████████▍| 195/208 [00:07<00:00, 25.43it/s, loss=1.010, acc=81.7%, lr=2.6e-04]
Epoch 22/80 [Train]:  94%|█████████▍| 195/208 [00:07<00:00, 25.43it/s, loss=1.230, acc=81.7%, lr=2.6e-04]
Epoch 22/80 [Train]:  95%|█████████▌| 198/208 [00:07<00:00, 25.52it/s, loss=1.230, acc=81.7%, lr=2.6e-04]
Epoch 22/80 [Train]:  95%|█████████▌| 198/208 [00:08<00:00, 25.52it/s, loss=1.123, acc=81.7%, lr=2.6e-04]
Epoch 22/80 [Train]:  95%|█████████▌| 198/208 [00:08<00:00, 25.52it/s, loss=0.956, acc=81.7%, lr=2.6e-04]
Epoch 22/80 [Train]:  95%|█████████▌| 198/208 [00:08<00:00, 25.52it/s, loss=0.847, acc=81.7%, lr=2.6e-04]
Epoch 22/80 [Train]:  97%|█████████▋| 201/208 [00:08<00:00, 25.53it/s, loss=0.847, acc=81.7%, lr=2.6e-04]
Epoch 22/80 [Train]:  97%|█████████▋| 201/208 [00:08<00:00, 25.53it/s, loss=0.941, acc=81.7%, lr=2.6e-04]
Epoch 22/80 [Train]:  97%|█████████▋| 201/208 [00:08<00:00, 25.53it/s, loss=0.937, acc=81.6%, lr=2.6e-04]
Epoch 22/80 [Train]:  97%|█████████▋| 201/208 [00:08<00:00, 25.53it/s, loss=0.975, acc=81.6%, lr=2.6e-04]
Epoch 22/80 [Train]:  98%|█████████▊| 204/208 [00:08<00:00, 25.57it/s, loss=0.975, acc=81.6%, lr=2.6e-04]
Epoch 22/80 [Train]:  98%|█████████▊| 204/208 [00:08<00:00, 25.57it/s, loss=0.845, acc=81.6%, lr=2.6e-04]
Epoch 22/80 [Train]:  98%|█████████▊| 204/208 [00:08<00:00, 25.57it/s, loss=0.948, acc=81.6%, lr=2.6e-04]
Epoch 22/80 [Train]:  98%|█████████▊| 204/208 [00:08<00:00, 25.57it/s, loss=1.173, acc=81.6%, lr=2.6e-04]
Epoch 22/80 [Train]: 100%|█████████▉| 207/208 [00:08<00:00, 25.53it/s, loss=1.173, acc=81.6%, lr=2.6e-04]
Epoch 22/80 [Train]: 100%|█████████▉| 207/208 [00:08<00:00, 25.53it/s, loss=1.422, acc=81.6%, lr=2.6e-04]
Epoch 22/80 [Train]: 100%|██████████| 208/208 [00:08<00:00, 24.96it/s, loss=1.422, acc=81.6%, lr=2.6e-04]

[2026-08-17 01:21:05] [EPOCH 22 SUMMARY]
  Train: Loss = 0.9346 | Top-1 Acc =  81.59%
  Val:   Top-1 Acc =  12.01% | Top-3 =  32.52% | Top-5 =  43.35%
         APL = 10.98 dB | Profile MAE =  2.13 dB (Rank Corr: 0.544)
  Time:  Epoch = 8.3s (Val Eval: 2.1s) | Total Elapsed = 00h:03m:13s | ETA: 00h:08m:29s
  -> [INFO] No improvement for 14/12 epochs (Best: 15.65%)

[2026-08-17 01:21:05] >>> [EPOCH 23/80] Training Started <<<

Epoch 23/80 [Train]:   0%|          | 0/208 [00:00<?, ?it/s]
Epoch 23/80 [Train]:   0%|          | 0/208 [00:00<?, ?it/s, loss=1.060, acc=75.0%, lr=2.6e-04]
Epoch 23/80 [Train]:   0%|          | 0/208 [00:00<?, ?it/s, loss=0.834, acc=78.9%, lr=2.6e-04]
Epoch 23/80 [Train]:   0%|          | 0/208 [00:00<?, ?it/s, loss=0.965, acc=77.1%, lr=2.6e-04]
Epoch 23/80 [Train]:   1%|▏         | 3/208 [00:00<00:08, 25.10it/s, loss=0.965, acc=77.1%, lr=2.6e-04]
Epoch 23/80 [Train]:   1%|▏         | 3/208 [00:00<00:08, 25.10it/s, loss=0.855, acc=80.1%, lr=2.6e-04]
Epoch 23/80 [Train]:   1%|▏         | 3/208 [00:00<00:08, 25.10it/s, loss=1.030, acc=80.0%, lr=2.6e-04]
Epoch 23/80 [Train]:   1%|▏         | 3/208 [00:00<00:08, 25.10it/s, loss=0.926, acc=80.5%, lr=2.6e-04]
Epoch 23/80 [Train]:   3%|▎         | 6/208 [00:00<00:08, 24.96it/s, loss=0.926, acc=80.5%, lr=2.6e-04]
Epoch 23/80 [Train]:   3%|▎         | 6/208 [00:00<00:08, 24.96it/s, loss=0.961, acc=81.9%, lr=2.6e-04]
Epoch 23/80 [Train]:   3%|▎         | 6/208 [00:00<00:08, 24.96it/s, loss=0.947, acc=82.0%, lr=2.6e-04]
Epoch 23/80 [Train]:   3%|▎         | 6/208 [00:00<00:08, 24.96it/s, loss=0.948, acc=82.5%, lr=2.6e-04]
Epoch 23/80 [Train]:   4%|▍         | 9/208 [00:00<00:07, 25.04it/s, loss=0.948, acc=82.5%, lr=2.6e-04]
Epoch 23/80 [Train]:   4%|▍         | 9/208 [00:00<00:07, 25.04it/s, loss=0.909, acc=83.0%, lr=2.6e-04]
Epoch 23/80 [Train]:   4%|▍         | 9/208 [00:00<00:07, 25.04it/s, loss=1.039, acc=82.5%, lr=2.6e-04]
Epoch 23/80 [Train]:   4%|▍         | 9/208 [00:00<00:07, 25.04it/s, loss=0.898, acc=82.3%, lr=2.6e-04]
Epoch 23/80 [Train]:   6%|▌         | 12/208 [00:00<00:07, 24.85it/s, loss=0.898, acc=82.3%, lr=2.6e-04]
Epoch 23/80 [Train]:   6%|▌         | 12/208 [00:00<00:07, 24.85it/s, loss=1.042, acc=82.2%, lr=2.6e-04]
Epoch 23/80 [Train]:   6%|▌         | 12/208 [00:00<00:07, 24.85it/s, loss=1.011, acc=82.3%, lr=2.6e-04]
Epoch 23/80 [Train]:   6%|▌         | 12/208 [00:00<00:07, 24.85it/s, loss=0.977, acc=82.0%, lr=2.6e-04]
Epoch 23/80 [Train]:   7%|▋         | 15/208 [00:00<00:07, 24.93it/s, loss=0.977, acc=82.0%, lr=2.6e-04]
Epoch 23/80 [Train]:   7%|▋         | 15/208 [00:00<00:07, 24.93it/s, loss=0.947, acc=82.0%, lr=2.6e-04]
Epoch 23/80 [Train]:   7%|▋         | 15/208 [00:00<00:07, 24.93it/s, loss=0.965, acc=82.2%, lr=2.6e-04]
Epoch 23/80 [Train]:   7%|▋         | 15/208 [00:00<00:07, 24.93it/s, loss=1.030, acc=82.2%, lr=2.6e-04]
Epoch 23/80 [Train]:   9%|▊         | 18/208 [00:00<00:07, 24.43it/s, loss=1.030, acc=82.2%, lr=2.6e-04]
Epoch 23/80 [Train]:   9%|▊         | 18/208 [00:00<00:07, 24.43it/s, loss=0.934, acc=82.6%, lr=2.6e-04]
Epoch 23/80 [Train]:   9%|▊         | 18/208 [00:00<00:07, 24.43it/s, loss=0.904, acc=82.7%, lr=2.6e-04]
Epoch 23/80 [Train]:   9%|▊         | 18/208 [00:00<00:07, 24.43it/s, loss=1.149, acc=82.3%, lr=2.6e-04]
Epoch 23/80 [Train]:  10%|█         | 21/208 [00:00<00:07, 24.95it/s, loss=1.149, acc=82.3%, lr=2.6e-04]
Epoch 23/80 [Train]:  10%|█         | 21/208 [00:00<00:07, 24.95it/s, loss=0.626, acc=82.6%, lr=2.6e-04]
Epoch 23/80 [Train]:  10%|█         | 21/208 [00:00<00:07, 24.95it/s, loss=0.839, acc=82.9%, lr=2.6e-04]
Epoch 23/80 [Train]:  10%|█         | 21/208 [00:00<00:07, 24.95it/s, loss=0.957, acc=82.5%, lr=2.6e-04]
Epoch 23/80 [Train]:  12%|█▏        | 24/208 [00:00<00:07, 25.08it/s, loss=0.957, acc=82.5%, lr=2.6e-04]
Epoch 23/80 [Train]:  12%|█▏        | 24/208 [00:01<00:07, 25.08it/s, loss=0.780, acc=82.5%, lr=2.6e-04]
Epoch 23/80 [Train]:  12%|█▏        | 24/208 [00:01<00:07, 25.08it/s, loss=1.048, acc=82.4%, lr=2.6e-04]
Epoch 23/80 [Train]:  12%|█▏        | 24/208 [00:01<00:07, 25.08it/s, loss=0.988, acc=82.5%, lr=2.6e-04]
Epoch 23/80 [Train]:  13%|█▎        | 27/208 [00:01<00:07, 24.92it/s, loss=0.988, acc=82.5%, lr=2.6e-04]
Epoch 23/80 [Train]:  13%|█▎        | 27/208 [00:01<00:07, 24.92it/s, loss=0.908, acc=82.6%, lr=2.6e-04]
Epoch 23/80 [Train]:  13%|█▎        | 27/208 [00:01<00:07, 24.92it/s, loss=0.991, acc=82.5%, lr=2.6e-04]
Epoch 23/80 [Train]:  13%|█▎        | 27/208 [00:01<00:07, 24.92it/s, loss=0.730, acc=82.4%, lr=2.6e-04]
Epoch 23/80 [Train]:  14%|█▍        | 30/208 [00:01<00:07, 24.64it/s, loss=0.730, acc=82.4%, lr=2.6e-04]
Epoch 23/80 [Train]:  14%|█▍        | 30/208 [00:01<00:07, 24.64it/s, loss=0.940, acc=82.5%, lr=2.6e-04]
Epoch 23/80 [Train]:  14%|█▍        | 30/208 [00:01<00:07, 24.64it/s, loss=0.849, acc=82.6%, lr=2.6e-04]
Epoch 23/80 [Train]:  14%|█▍        | 30/208 [00:01<00:07, 24.64it/s, loss=0.841, acc=82.6%, lr=2.6e-04]
Epoch 23/80 [Train]:  16%|█▌        | 33/208 [00:01<00:07, 24.74it/s, loss=0.841, acc=82.6%, lr=2.6e-04]
Epoch 23/80 [Train]:  16%|█▌        | 33/208 [00:01<00:07, 24.74it/s, loss=0.769, acc=82.7%, lr=2.6e-04]
Epoch 23/80 [Train]:  16%|█▌        | 33/208 [00:01<00:07, 24.74it/s, loss=0.988, acc=82.6%, lr=2.6e-04]
Epoch 23/80 [Train]:  16%|█▌        | 33/208 [00:01<00:07, 24.74it/s, loss=1.017, acc=82.5%, lr=2.6e-04]
Epoch 23/80 [Train]:  17%|█▋        | 36/208 [00:01<00:06, 24.99it/s, loss=1.017, acc=82.5%, lr=2.6e-04]
Epoch 23/80 [Train]:  17%|█▋        | 36/208 [00:01<00:06, 24.99it/s, loss=0.950, acc=82.4%, lr=2.6e-04]
Epoch 23/80 [Train]:  17%|█▋        | 36/208 [00:01<00:06, 24.99it/s, loss=0.770, acc=82.6%, lr=2.6e-04]
Epoch 23/80 [Train]:  17%|█▋        | 36/208 [00:01<00:06, 24.99it/s, loss=0.829, acc=82.7%, lr=2.6e-04]
Epoch 23/80 [Train]:  19%|█▉        | 39/208 [00:01<00:06, 24.97it/s, loss=0.829, acc=82.7%, lr=2.6e-04]
Epoch 23/80 [Train]:  19%|█▉        | 39/208 [00:01<00:06, 24.97it/s, loss=0.805, acc=82.9%, lr=2.6e-04]
Epoch 23/80 [Train]:  19%|█▉        | 39/208 [00:01<00:06, 24.97it/s, loss=0.718, acc=82.9%, lr=2.6e-04]
Epoch 23/80 [Train]:  19%|█▉        | 39/208 [00:01<00:06, 24.97it/s, loss=0.850, acc=82.9%, lr=2.6e-04]
Epoch 23/80 [Train]:  20%|██        | 42/208 [00:01<00:06, 25.14it/s, loss=0.850, acc=82.9%, lr=2.6e-04]
Epoch 23/80 [Train]:  20%|██        | 42/208 [00:01<00:06, 25.14it/s, loss=0.785, acc=83.1%, lr=2.6e-04]
Epoch 23/80 [Train]:  20%|██        | 42/208 [00:01<00:06, 25.14it/s, loss=0.938, acc=83.1%, lr=2.6e-04]
Epoch 23/80 [Train]:  20%|██        | 42/208 [00:01<00:06, 25.14it/s, loss=1.127, acc=83.1%, lr=2.6e-04]
Epoch 23/80 [Train]:  22%|██▏       | 45/208 [00:01<00:06, 25.18it/s, loss=1.127, acc=83.1%, lr=2.6e-04]
Epoch 23/80 [Train]:  22%|██▏       | 45/208 [00:01<00:06, 25.18it/s, loss=0.808, acc=83.1%, lr=2.6e-04]
Epoch 23/80 [Train]:  22%|██▏       | 45/208 [00:01<00:06, 25.18it/s, loss=0.952, acc=83.1%, lr=2.6e-04]
Epoch 23/80 [Train]:  22%|██▏       | 45/208 [00:01<00:06, 25.18it/s, loss=1.036, acc=82.8%, lr=2.6e-04]
Epoch 23/80 [Train]:  23%|██▎       | 48/208 [00:01<00:06, 25.25it/s, loss=1.036, acc=82.8%, lr=2.6e-04]
Epoch 23/80 [Train]:  23%|██▎       | 48/208 [00:01<00:06, 25.25it/s, loss=0.679, acc=82.9%, lr=2.6e-04]
Epoch 23/80 [Train]:  23%|██▎       | 48/208 [00:02<00:06, 25.25it/s, loss=0.885, acc=82.9%, lr=2.6e-04]
Epoch 23/80 [Train]:  23%|██▎       | 48/208 [00:02<00:06, 25.25it/s, loss=0.754, acc=83.1%, lr=2.6e-04]
Epoch 23/80 [Train]:  25%|██▍       | 51/208 [00:02<00:06, 25.11it/s, loss=0.754, acc=83.1%, lr=2.6e-04]
Epoch 23/80 [Train]:  25%|██▍       | 51/208 [00:02<00:06, 25.11it/s, loss=1.039, acc=83.1%, lr=2.6e-04]
Epoch 23/80 [Train]:  25%|██▍       | 51/208 [00:02<00:06, 25.11it/s, loss=0.894, acc=83.2%, lr=2.6e-04]
Epoch 23/80 [Train]:  25%|██▍       | 51/208 [00:02<00:06, 25.11it/s, loss=0.784, acc=83.2%, lr=2.6e-04]
Epoch 23/80 [Train]:  26%|██▌       | 54/208 [00:02<00:06, 25.33it/s, loss=0.784, acc=83.2%, lr=2.6e-04]
Epoch 23/80 [Train]:  26%|██▌       | 54/208 [00:02<00:06, 25.33it/s, loss=0.930, acc=83.1%, lr=2.6e-04]
Epoch 23/80 [Train]:  26%|██▌       | 54/208 [00:02<00:06, 25.33it/s, loss=1.016, acc=82.9%, lr=2.6e-04]
Epoch 23/80 [Train]:  26%|██▌       | 54/208 [00:02<00:06, 25.33it/s, loss=0.841, acc=82.9%, lr=2.6e-04]
Epoch 23/80 [Train]:  27%|██▋       | 57/208 [00:02<00:06, 24.77it/s, loss=0.841, acc=82.9%, lr=2.6e-04]
Epoch 23/80 [Train]:  27%|██▋       | 57/208 [00:02<00:06, 24.77it/s, loss=0.884, acc=82.9%, lr=2.6e-04]
Epoch 23/80 [Train]:  27%|██▋       | 57/208 [00:02<00:06, 24.77it/s, loss=0.995, acc=82.8%, lr=2.6e-04]
Epoch 23/80 [Train]:  27%|██▋       | 57/208 [00:02<00:06, 24.77it/s, loss=0.819, acc=82.8%, lr=2.6e-04]
Epoch 23/80 [Train]:  29%|██▉       | 60/208 [00:02<00:05, 24.88it/s, loss=0.819, acc=82.8%, lr=2.6e-04]
Epoch 23/80 [Train]:  29%|██▉       | 60/208 [00:02<00:05, 24.88it/s, loss=0.782, acc=82.9%, lr=2.6e-04]
Epoch 23/80 [Train]:  29%|██▉       | 60/208 [00:02<00:05, 24.88it/s, loss=1.081, acc=82.8%, lr=2.6e-04]
Epoch 23/80 [Train]:  29%|██▉       | 60/208 [00:02<00:05, 24.88it/s, loss=0.782, acc=82.8%, lr=2.6e-04]
Epoch 23/80 [Train]:  30%|███       | 63/208 [00:02<00:05, 24.94it/s, loss=0.782, acc=82.8%, lr=2.6e-04]
Epoch 23/80 [Train]:  30%|███       | 63/208 [00:02<00:05, 24.94it/s, loss=0.801, acc=82.7%, lr=2.6e-04]
Epoch 23/80 [Train]:  30%|███       | 63/208 [00:02<00:05, 24.94it/s, loss=1.044, acc=82.7%, lr=2.6e-04]
Epoch 23/80 [Train]:  30%|███       | 63/208 [00:02<00:05, 24.94it/s, loss=0.890, acc=82.6%, lr=2.6e-04]
Epoch 23/80 [Train]:  32%|███▏      | 66/208 [00:02<00:05, 25.03it/s, loss=0.890, acc=82.6%, lr=2.6e-04]
Epoch 23/80 [Train]:  32%|███▏      | 66/208 [00:02<00:05, 25.03it/s, loss=0.685, acc=82.8%, lr=2.6e-04]
Epoch 23/80 [Train]:  32%|███▏      | 66/208 [00:02<00:05, 25.03it/s, loss=0.922, acc=82.8%, lr=2.6e-04]
Epoch 23/80 [Train]:  32%|███▏      | 66/208 [00:02<00:05, 25.03it/s, loss=0.868, acc=82.8%, lr=2.6e-04]
Epoch 23/80 [Train]:  33%|███▎      | 69/208 [00:02<00:05, 25.23it/s, loss=0.868, acc=82.8%, lr=2.6e-04]
Epoch 23/80 [Train]:  33%|███▎      | 69/208 [00:02<00:05, 25.23it/s, loss=0.831, acc=82.8%, lr=2.6e-04]
Epoch 23/80 [Train]:  33%|███▎      | 69/208 [00:02<00:05, 25.23it/s, loss=0.724, acc=82.9%, lr=2.6e-04]
Epoch 23/80 [Train]:  33%|███▎      | 69/208 [00:02<00:05, 25.23it/s, loss=0.978, acc=82.8%, lr=2.6e-04]
Epoch 23/80 [Train]:  35%|███▍      | 72/208 [00:02<00:05, 25.42it/s, loss=0.978, acc=82.8%, lr=2.6e-04]
Epoch 23/80 [Train]:  35%|███▍      | 72/208 [00:02<00:05, 25.42it/s, loss=1.022, acc=82.8%, lr=2.6e-04]
Epoch 23/80 [Train]:  35%|███▍      | 72/208 [00:02<00:05, 25.42it/s, loss=1.003, acc=82.8%, lr=2.6e-04]
Epoch 23/80 [Train]:  35%|███▍      | 72/208 [00:02<00:05, 25.42it/s, loss=0.901, acc=82.8%, lr=2.6e-04]
Epoch 23/80 [Train]:  36%|███▌      | 75/208 [00:02<00:05, 25.42it/s, loss=0.901, acc=82.8%, lr=2.6e-04]
Epoch 23/80 [Train]:  36%|███▌      | 75/208 [00:03<00:05, 25.42it/s, loss=0.926, acc=82.8%, lr=2.6e-04]
Epoch 23/80 [Train]:  36%|███▌      | 75/208 [00:03<00:05, 25.42it/s, loss=0.937, acc=82.8%, lr=2.6e-04]
Epoch 23/80 [Train]:  36%|███▌      | 75/208 [00:03<00:05, 25.42it/s, loss=0.789, acc=82.8%, lr=2.6e-04]
Epoch 23/80 [Train]:  38%|███▊      | 78/208 [00:03<00:05, 25.53it/s, loss=0.789, acc=82.8%, lr=2.6e-04]
Epoch 23/80 [Train]:  38%|███▊      | 78/208 [00:03<00:05, 25.53it/s, loss=1.025, acc=82.7%, lr=2.6e-04]
Epoch 23/80 [Train]:  38%|███▊      | 78/208 [00:03<00:05, 25.53it/s, loss=0.967, acc=82.7%, lr=2.6e-04]
Epoch 23/80 [Train]:  38%|███▊      | 78/208 [00:03<00:05, 25.53it/s, loss=0.747, acc=82.8%, lr=2.6e-04]
Epoch 23/80 [Train]:  39%|███▉      | 81/208 [00:03<00:05, 25.34it/s, loss=0.747, acc=82.8%, lr=2.6e-04]
Epoch 23/80 [Train]:  39%|███▉      | 81/208 [00:03<00:05, 25.34it/s, loss=1.074, acc=82.7%, lr=2.6e-04]
Epoch 23/80 [Train]:  39%|███▉      | 81/208 [00:03<00:05, 25.34it/s, loss=1.043, acc=82.6%, lr=2.6e-04]
Epoch 23/80 [Train]:  39%|███▉      | 81/208 [00:03<00:05, 25.34it/s, loss=1.076, acc=82.5%, lr=2.6e-04]
Epoch 23/80 [Train]:  40%|████      | 84/208 [00:03<00:04, 25.37it/s, loss=1.076, acc=82.5%, lr=2.6e-04]
Epoch 23/80 [Train]:  40%|████      | 84/208 [00:03<00:04, 25.37it/s, loss=0.889, acc=82.5%, lr=2.6e-04]
Epoch 23/80 [Train]:  40%|████      | 84/208 [00:03<00:04, 25.37it/s, loss=0.902, acc=82.5%, lr=2.6e-04]
Epoch 23/80 [Train]:  40%|████      | 84/208 [00:03<00:04, 25.37it/s, loss=1.007, acc=82.5%, lr=2.6e-04]
Epoch 23/80 [Train]:  42%|████▏     | 87/208 [00:03<00:04, 25.56it/s, loss=1.007, acc=82.5%, lr=2.6e-04]
Epoch 23/80 [Train]:  42%|████▏     | 87/208 [00:03<00:04, 25.56it/s, loss=0.882, acc=82.5%, lr=2.6e-04]
Epoch 23/80 [Train]:  42%|████▏     | 87/208 [00:03<00:04, 25.56it/s, loss=0.861, acc=82.5%, lr=2.6e-04]
Epoch 23/80 [Train]:  42%|████▏     | 87/208 [00:03<00:04, 25.56it/s, loss=0.780, acc=82.6%, lr=2.6e-04]
Epoch 23/80 [Train]:  43%|████▎     | 90/208 [00:03<00:04, 25.57it/s, loss=0.780, acc=82.6%, lr=2.6e-04]
Epoch 23/80 [Train]:  43%|████▎     | 90/208 [00:03<00:04, 25.57it/s, loss=0.817, acc=82.5%, lr=2.6e-04]
Epoch 23/80 [Train]:  43%|████▎     | 90/208 [00:03<00:04, 25.57it/s, loss=1.052, acc=82.5%, lr=2.6e-04]
Epoch 23/80 [Train]:  43%|████▎     | 90/208 [00:03<00:04, 25.57it/s, loss=0.935, acc=82.5%, lr=2.6e-04]
Epoch 23/80 [Train]:  45%|████▍     | 93/208 [00:03<00:04, 25.61it/s, loss=0.935, acc=82.5%, lr=2.6e-04]
Epoch 23/80 [Train]:  45%|████▍     | 93/208 [00:03<00:04, 25.61it/s, loss=0.858, acc=82.4%, lr=2.6e-04]
Epoch 23/80 [Train]:  45%|████▍     | 93/208 [00:03<00:04, 25.61it/s, loss=0.806, acc=82.4%, lr=2.6e-04]
Epoch 23/80 [Train]:  45%|████▍     | 93/208 [00:03<00:04, 25.61it/s, loss=0.804, acc=82.5%, lr=2.6e-04]
Epoch 23/80 [Train]:  46%|████▌     | 96/208 [00:03<00:04, 25.68it/s, loss=0.804, acc=82.5%, lr=2.6e-04]
Epoch 23/80 [Train]:  46%|████▌     | 96/208 [00:03<00:04, 25.68it/s, loss=0.897, acc=82.4%, lr=2.6e-04]
Epoch 23/80 [Train]:  46%|████▌     | 96/208 [00:03<00:04, 25.68it/s, loss=0.857, acc=82.4%, lr=2.6e-04]
Epoch 23/80 [Train]:  46%|████▌     | 96/208 [00:03<00:04, 25.68it/s, loss=1.033, acc=82.4%, lr=2.6e-04]
Epoch 23/80 [Train]:  48%|████▊     | 99/208 [00:03<00:04, 25.54it/s, loss=1.033, acc=82.4%, lr=2.6e-04]
Epoch 23/80 [Train]:  48%|████▊     | 99/208 [00:03<00:04, 25.54it/s, loss=0.973, acc=82.4%, lr=2.6e-04]
Epoch 23/80 [Train]:  48%|████▊     | 99/208 [00:04<00:04, 25.54it/s, loss=0.815, acc=82.5%, lr=2.6e-04]
Epoch 23/80 [Train]:  48%|████▊     | 99/208 [00:04<00:04, 25.54it/s, loss=1.024, acc=82.5%, lr=2.6e-04]
Epoch 23/80 [Train]:  49%|████▉     | 102/208 [00:04<00:04, 25.47it/s, loss=1.024, acc=82.5%, lr=2.6e-04]
Epoch 23/80 [Train]:  49%|████▉     | 102/208 [00:04<00:04, 25.47it/s, loss=0.817, acc=82.5%, lr=2.6e-04]
Epoch 23/80 [Train]:  49%|████▉     | 102/208 [00:04<00:04, 25.47it/s, loss=0.823, acc=82.5%, lr=2.6e-04]
Epoch 23/80 [Train]:  49%|████▉     | 102/208 [00:04<00:04, 25.47it/s, loss=0.778, acc=82.4%, lr=2.6e-04]
Epoch 23/80 [Train]:  50%|█████     | 105/208 [00:04<00:04, 25.44it/s, loss=0.778, acc=82.4%, lr=2.6e-04]
Epoch 23/80 [Train]:  50%|█████     | 105/208 [00:04<00:04, 25.44it/s, loss=0.851, acc=82.5%, lr=2.6e-04]
Epoch 23/80 [Train]:  50%|█████     | 105/208 [00:04<00:04, 25.44it/s, loss=0.903, acc=82.5%, lr=2.6e-04]
Epoch 23/80 [Train]:  50%|█████     | 105/208 [00:04<00:04, 25.44it/s, loss=0.994, acc=82.5%, lr=2.6e-04]
Epoch 23/80 [Train]:  52%|█████▏    | 108/208 [00:04<00:03, 25.43it/s, loss=0.994, acc=82.5%, lr=2.6e-04]
Epoch 23/80 [Train]:  52%|█████▏    | 108/208 [00:04<00:03, 25.43it/s, loss=0.968, acc=82.4%, lr=2.6e-04]
Epoch 23/80 [Train]:  52%|█████▏    | 108/208 [00:04<00:03, 25.43it/s, loss=0.966, acc=82.4%, lr=2.6e-04]
Epoch 23/80 [Train]:  52%|█████▏    | 108/208 [00:04<00:03, 25.43it/s, loss=0.879, acc=82.4%, lr=2.6e-04]
Epoch 23/80 [Train]:  53%|█████▎    | 111/208 [00:04<00:03, 25.28it/s, loss=0.879, acc=82.4%, lr=2.6e-04]
Epoch 23/80 [Train]:  53%|█████▎    | 111/208 [00:04<00:03, 25.28it/s, loss=0.960, acc=82.4%, lr=2.6e-04]
Epoch 23/80 [Train]:  53%|█████▎    | 111/208 [00:04<00:03, 25.28it/s, loss=0.863, acc=82.4%, lr=2.6e-04]
Epoch 23/80 [Train]:  53%|█████▎    | 111/208 [00:04<00:03, 25.28it/s, loss=0.890, acc=82.4%, lr=2.6e-04]
Epoch 23/80 [Train]:  55%|█████▍    | 114/208 [00:04<00:03, 25.37it/s, loss=0.890, acc=82.4%, lr=2.6e-04]
Epoch 23/80 [Train]:  55%|█████▍    | 114/208 [00:04<00:03, 25.37it/s, loss=0.792, acc=82.4%, lr=2.6e-04]
Epoch 23/80 [Train]:  55%|█████▍    | 114/208 [00:04<00:03, 25.37it/s, loss=1.118, acc=82.4%, lr=2.6e-04]
Epoch 23/80 [Train]:  55%|█████▍    | 114/208 [00:04<00:03, 25.37it/s, loss=0.957, acc=82.4%, lr=2.6e-04]
Epoch 23/80 [Train]:  56%|█████▋    | 117/208 [00:04<00:03, 25.45it/s, loss=0.957, acc=82.4%, lr=2.6e-04]
Epoch 23/80 [Train]:  56%|█████▋    | 117/208 [00:04<00:03, 25.45it/s, loss=1.113, acc=82.3%, lr=2.6e-04]
Epoch 23/80 [Train]:  56%|█████▋    | 117/208 [00:04<00:03, 25.45it/s, loss=1.159, acc=82.2%, lr=2.6e-04]
Epoch 23/80 [Train]:  56%|█████▋    | 117/208 [00:04<00:03, 25.45it/s, loss=0.705, acc=82.3%, lr=2.6e-04]
Epoch 23/80 [Train]:  58%|█████▊    | 120/208 [00:04<00:03, 25.43it/s, loss=0.705, acc=82.3%, lr=2.6e-04]
Epoch 23/80 [Train]:  58%|█████▊    | 120/208 [00:04<00:03, 25.43it/s, loss=0.720, acc=82.3%, lr=2.6e-04]
Epoch 23/80 [Train]:  58%|█████▊    | 120/208 [00:04<00:03, 25.43it/s, loss=0.983, acc=82.2%, lr=2.6e-04]
Epoch 23/80 [Train]:  58%|█████▊    | 120/208 [00:04<00:03, 25.43it/s, loss=0.936, acc=82.2%, lr=2.6e-04]
Epoch 23/80 [Train]:  59%|█████▉    | 123/208 [00:04<00:03, 25.38it/s, loss=0.936, acc=82.2%, lr=2.6e-04]
Epoch 23/80 [Train]:  59%|█████▉    | 123/208 [00:04<00:03, 25.38it/s, loss=0.831, acc=82.2%, lr=2.6e-04]
Epoch 23/80 [Train]:  59%|█████▉    | 123/208 [00:04<00:03, 25.38it/s, loss=1.039, acc=82.2%, lr=2.6e-04]
Epoch 23/80 [Train]:  59%|█████▉    | 123/208 [00:04<00:03, 25.38it/s, loss=0.903, acc=82.2%, lr=2.6e-04]
Epoch 23/80 [Train]:  61%|██████    | 126/208 [00:04<00:03, 25.57it/s, loss=0.903, acc=82.2%, lr=2.6e-04]
Epoch 23/80 [Train]:  61%|██████    | 126/208 [00:05<00:03, 25.57it/s, loss=0.801, acc=82.2%, lr=2.6e-04]
Epoch 23/80 [Train]:  61%|██████    | 126/208 [00:05<00:03, 25.57it/s, loss=0.845, acc=82.3%, lr=2.6e-04]
Epoch 23/80 [Train]:  61%|██████    | 126/208 [00:05<00:03, 25.57it/s, loss=0.797, acc=82.3%, lr=2.6e-04]
Epoch 23/80 [Train]:  62%|██████▏   | 129/208 [00:05<00:03, 24.84it/s, loss=0.797, acc=82.3%, lr=2.6e-04]
Epoch 23/80 [Train]:  62%|██████▏   | 129/208 [00:05<00:03, 24.84it/s, loss=1.107, acc=82.2%, lr=2.6e-04]
Epoch 23/80 [Train]:  62%|██████▏   | 129/208 [00:05<00:03, 24.84it/s, loss=0.803, acc=82.3%, lr=2.6e-04]
Epoch 23/80 [Train]:  62%|██████▏   | 129/208 [00:05<00:03, 24.84it/s, loss=1.095, acc=82.2%, lr=2.6e-04]
Epoch 23/80 [Train]:  63%|██████▎   | 132/208 [00:05<00:03, 24.94it/s, loss=1.095, acc=82.2%, lr=2.6e-04]
Epoch 23/80 [Train]:  63%|██████▎   | 132/208 [00:05<00:03, 24.94it/s, loss=0.938, acc=82.2%, lr=2.6e-04]
Epoch 23/80 [Train]:  63%|██████▎   | 132/208 [00:05<00:03, 24.94it/s, loss=0.890, acc=82.2%, lr=2.6e-04]
Epoch 23/80 [Train]:  63%|██████▎   | 132/208 [00:05<00:03, 24.94it/s, loss=1.030, acc=82.2%, lr=2.6e-04]
Epoch 23/80 [Train]:  65%|██████▍   | 135/208 [00:05<00:02, 25.11it/s, loss=1.030, acc=82.2%, lr=2.6e-04]
Epoch 23/80 [Train]:  65%|██████▍   | 135/208 [00:05<00:02, 25.11it/s, loss=0.916, acc=82.2%, lr=2.6e-04]
Epoch 23/80 [Train]:  65%|██████▍   | 135/208 [00:05<00:02, 25.11it/s, loss=1.133, acc=82.1%, lr=2.6e-04]
Epoch 23/80 [Train]:  65%|██████▍   | 135/208 [00:05<00:02, 25.11it/s, loss=0.995, acc=82.1%, lr=2.6e-04]
Epoch 23/80 [Train]:  66%|██████▋   | 138/208 [00:05<00:02, 25.16it/s, loss=0.995, acc=82.1%, lr=2.6e-04]
Epoch 23/80 [Train]:  66%|██████▋   | 138/208 [00:05<00:02, 25.16it/s, loss=0.885, acc=82.1%, lr=2.6e-04]
Epoch 23/80 [Train]:  66%|██████▋   | 138/208 [00:05<00:02, 25.16it/s, loss=0.775, acc=82.2%, lr=2.6e-04]
Epoch 23/80 [Train]:  66%|██████▋   | 138/208 [00:05<00:02, 25.16it/s, loss=0.945, acc=82.2%, lr=2.6e-04]
Epoch 23/80 [Train]:  68%|██████▊   | 141/208 [00:05<00:02, 25.17it/s, loss=0.945, acc=82.2%, lr=2.6e-04]
Epoch 23/80 [Train]:  68%|██████▊   | 141/208 [00:05<00:02, 25.17it/s, loss=0.812, acc=82.2%, lr=2.6e-04]
Epoch 23/80 [Train]:  68%|██████▊   | 141/208 [00:05<00:02, 25.17it/s, loss=1.027, acc=82.2%, lr=2.6e-04]
Epoch 23/80 [Train]:  68%|██████▊   | 141/208 [00:05<00:02, 25.17it/s, loss=0.894, acc=82.2%, lr=2.6e-04]
Epoch 23/80 [Train]:  69%|██████▉   | 144/208 [00:05<00:02, 24.82it/s, loss=0.894, acc=82.2%, lr=2.6e-04]
Epoch 23/80 [Train]:  69%|██████▉   | 144/208 [00:05<00:02, 24.82it/s, loss=0.841, acc=82.2%, lr=2.6e-04]
Epoch 23/80 [Train]:  69%|██████▉   | 144/208 [00:05<00:02, 24.82it/s, loss=0.842, acc=82.2%, lr=2.6e-04]
Epoch 23/80 [Train]:  69%|██████▉   | 144/208 [00:05<00:02, 24.82it/s, loss=1.014, acc=82.2%, lr=2.6e-04]
Epoch 23/80 [Train]:  71%|███████   | 147/208 [00:05<00:02, 25.06it/s, loss=1.014, acc=82.2%, lr=2.6e-04]
Epoch 23/80 [Train]:  71%|███████   | 147/208 [00:05<00:02, 25.06it/s, loss=0.920, acc=82.2%, lr=2.6e-04]
Epoch 23/80 [Train]:  71%|███████   | 147/208 [00:05<00:02, 25.06it/s, loss=0.971, acc=82.2%, lr=2.6e-04]
Epoch 23/80 [Train]:  71%|███████   | 147/208 [00:05<00:02, 25.06it/s, loss=0.969, acc=82.2%, lr=2.6e-04]
Epoch 23/80 [Train]:  72%|███████▏  | 150/208 [00:05<00:02, 25.09it/s, loss=0.969, acc=82.2%, lr=2.6e-04]
Epoch 23/80 [Train]:  72%|███████▏  | 150/208 [00:05<00:02, 25.09it/s, loss=0.934, acc=82.1%, lr=2.6e-04]
Epoch 23/80 [Train]:  72%|███████▏  | 150/208 [00:06<00:02, 25.09it/s, loss=0.815, acc=82.1%, lr=2.6e-04]
Epoch 23/80 [Train]:  72%|███████▏  | 150/208 [00:06<00:02, 25.09it/s, loss=0.901, acc=82.1%, lr=2.6e-04]
Epoch 23/80 [Train]:  74%|███████▎  | 153/208 [00:06<00:02, 25.20it/s, loss=0.901, acc=82.1%, lr=2.6e-04]
Epoch 23/80 [Train]:  74%|███████▎  | 153/208 [00:06<00:02, 25.20it/s, loss=0.898, acc=82.1%, lr=2.6e-04]
Epoch 23/80 [Train]:  74%|███████▎  | 153/208 [00:06<00:02, 25.20it/s, loss=0.828, acc=82.1%, lr=2.6e-04]
Epoch 23/80 [Train]:  74%|███████▎  | 153/208 [00:06<00:02, 25.20it/s, loss=0.819, acc=82.1%, lr=2.6e-04]
Epoch 23/80 [Train]:  75%|███████▌  | 156/208 [00:06<00:02, 25.22it/s, loss=0.819, acc=82.1%, lr=2.6e-04]
Epoch 23/80 [Train]:  75%|███████▌  | 156/208 [00:06<00:02, 25.22it/s, loss=0.940, acc=82.1%, lr=2.6e-04]
Epoch 23/80 [Train]:  75%|███████▌  | 156/208 [00:06<00:02, 25.22it/s, loss=1.041, acc=82.0%, lr=2.6e-04]
Epoch 23/80 [Train]:  75%|███████▌  | 156/208 [00:06<00:02, 25.22it/s, loss=0.962, acc=82.0%, lr=2.6e-04]
Epoch 23/80 [Train]:  76%|███████▋  | 159/208 [00:06<00:01, 25.23it/s, loss=0.962, acc=82.0%, lr=2.6e-04]
Epoch 23/80 [Train]:  76%|███████▋  | 159/208 [00:06<00:01, 25.23it/s, loss=0.911, acc=82.0%, lr=2.6e-04]
Epoch 23/80 [Train]:  76%|███████▋  | 159/208 [00:06<00:01, 25.23it/s, loss=0.967, acc=82.0%, lr=2.6e-04]
Epoch 23/80 [Train]:  76%|███████▋  | 159/208 [00:06<00:01, 25.23it/s, loss=0.809, acc=82.0%, lr=2.6e-04]
Epoch 23/80 [Train]:  78%|███████▊  | 162/208 [00:06<00:01, 25.29it/s, loss=0.809, acc=82.0%, lr=2.6e-04]
Epoch 23/80 [Train]:  78%|███████▊  | 162/208 [00:06<00:01, 25.29it/s, loss=0.899, acc=82.0%, lr=2.6e-04]
Epoch 23/80 [Train]:  78%|███████▊  | 162/208 [00:06<00:01, 25.29it/s, loss=1.000, acc=82.0%, lr=2.6e-04]
Epoch 23/80 [Train]:  78%|███████▊  | 162/208 [00:06<00:01, 25.29it/s, loss=0.816, acc=82.0%, lr=2.6e-04]
Epoch 23/80 [Train]:  79%|███████▉  | 165/208 [00:06<00:01, 25.22it/s, loss=0.816, acc=82.0%, lr=2.6e-04]
Epoch 23/80 [Train]:  79%|███████▉  | 165/208 [00:06<00:01, 25.22it/s, loss=0.874, acc=82.0%, lr=2.6e-04]
Epoch 23/80 [Train]:  79%|███████▉  | 165/208 [00:06<00:01, 25.22it/s, loss=0.827, acc=82.0%, lr=2.6e-04]
Epoch 23/80 [Train]:  79%|███████▉  | 165/208 [00:06<00:01, 25.22it/s, loss=0.830, acc=82.0%, lr=2.6e-04]
Epoch 23/80 [Train]:  81%|████████  | 168/208 [00:06<00:01, 25.24it/s, loss=0.830, acc=82.0%, lr=2.6e-04]
Epoch 23/80 [Train]:  81%|████████  | 168/208 [00:06<00:01, 25.24it/s, loss=1.000, acc=82.0%, lr=2.6e-04]
Epoch 23/80 [Train]:  81%|████████  | 168/208 [00:06<00:01, 25.24it/s, loss=1.005, acc=82.0%, lr=2.6e-04]
Epoch 23/80 [Train]:  81%|████████  | 168/208 [00:06<00:01, 25.24it/s, loss=0.901, acc=82.0%, lr=2.6e-04]
Epoch 23/80 [Train]:  82%|████████▏ | 171/208 [00:06<00:01, 25.44it/s, loss=0.901, acc=82.0%, lr=2.6e-04]
Epoch 23/80 [Train]:  82%|████████▏ | 171/208 [00:06<00:01, 25.44it/s, loss=0.851, acc=82.0%, lr=2.6e-04]
Epoch 23/80 [Train]:  82%|████████▏ | 171/208 [00:06<00:01, 25.44it/s, loss=0.859, acc=82.0%, lr=2.6e-04]
Epoch 23/80 [Train]:  82%|████████▏ | 171/208 [00:06<00:01, 25.44it/s, loss=1.050, acc=81.9%, lr=2.6e-04]
Epoch 23/80 [Train]:  84%|████████▎ | 174/208 [00:06<00:01, 25.42it/s, loss=1.050, acc=81.9%, lr=2.6e-04]
Epoch 23/80 [Train]:  84%|████████▎ | 174/208 [00:06<00:01, 25.42it/s, loss=0.942, acc=81.9%, lr=2.6e-04]
Epoch 23/80 [Train]:  84%|████████▎ | 174/208 [00:06<00:01, 25.42it/s, loss=1.011, acc=81.9%, lr=2.6e-04]
Epoch 23/80 [Train]:  84%|████████▎ | 174/208 [00:07<00:01, 25.42it/s, loss=1.043, acc=81.9%, lr=2.6e-04]
Epoch 23/80 [Train]:  85%|████████▌ | 177/208 [00:07<00:01, 25.41it/s, loss=1.043, acc=81.9%, lr=2.6e-04]
Epoch 23/80 [Train]:  85%|████████▌ | 177/208 [00:07<00:01, 25.41it/s, loss=0.887, acc=82.0%, lr=2.6e-04]
Epoch 23/80 [Train]:  85%|████████▌ | 177/208 [00:07<00:01, 25.41it/s, loss=0.939, acc=81.9%, lr=2.6e-04]
Epoch 23/80 [Train]:  85%|████████▌ | 177/208 [00:07<00:01, 25.41it/s, loss=1.017, acc=81.9%, lr=2.6e-04]
Epoch 23/80 [Train]:  87%|████████▋ | 180/208 [00:07<00:01, 25.51it/s, loss=1.017, acc=81.9%, lr=2.6e-04]
Epoch 23/80 [Train]:  87%|████████▋ | 180/208 [00:07<00:01, 25.51it/s, loss=0.842, acc=81.9%, lr=2.6e-04]
Epoch 23/80 [Train]:  87%|████████▋ | 180/208 [00:07<00:01, 25.51it/s, loss=0.964, acc=81.9%, lr=2.6e-04]
Epoch 23/80 [Train]:  87%|████████▋ | 180/208 [00:07<00:01, 25.51it/s, loss=0.837, acc=82.0%, lr=2.6e-04]
Epoch 23/80 [Train]:  88%|████████▊ | 183/208 [00:07<00:00, 25.45it/s, loss=0.837, acc=82.0%, lr=2.6e-04]
Epoch 23/80 [Train]:  88%|████████▊ | 183/208 [00:07<00:00, 25.45it/s, loss=0.924, acc=81.9%, lr=2.6e-04]
Epoch 23/80 [Train]:  88%|████████▊ | 183/208 [00:07<00:00, 25.45it/s, loss=0.959, acc=82.0%, lr=2.6e-04]
Epoch 23/80 [Train]:  88%|████████▊ | 183/208 [00:07<00:00, 25.45it/s, loss=1.027, acc=81.9%, lr=2.6e-04]
Epoch 23/80 [Train]:  89%|████████▉ | 186/208 [00:07<00:00, 25.38it/s, loss=1.027, acc=81.9%, lr=2.6e-04]
Epoch 23/80 [Train]:  89%|████████▉ | 186/208 [00:07<00:00, 25.38it/s, loss=0.860, acc=81.9%, lr=2.6e-04]
Epoch 23/80 [Train]:  89%|████████▉ | 186/208 [00:07<00:00, 25.38it/s, loss=0.852, acc=81.9%, lr=2.6e-04]
Epoch 23/80 [Train]:  89%|████████▉ | 186/208 [00:07<00:00, 25.38it/s, loss=1.099, acc=81.9%, lr=2.6e-04]
Epoch 23/80 [Train]:  91%|█████████ | 189/208 [00:07<00:00, 25.01it/s, loss=1.099, acc=81.9%, lr=2.6e-04]
Epoch 23/80 [Train]:  91%|█████████ | 189/208 [00:07<00:00, 25.01it/s, loss=0.784, acc=82.0%, lr=2.6e-04]
Epoch 23/80 [Train]:  91%|█████████ | 189/208 [00:07<00:00, 25.01it/s, loss=1.021, acc=81.9%, lr=2.6e-04]
Epoch 23/80 [Train]:  91%|█████████ | 189/208 [00:07<00:00, 25.01it/s, loss=0.847, acc=81.9%, lr=2.6e-04]
Epoch 23/80 [Train]:  92%|█████████▏| 192/208 [00:07<00:00, 25.29it/s, loss=0.847, acc=81.9%, lr=2.6e-04]
Epoch 23/80 [Train]:  92%|█████████▏| 192/208 [00:07<00:00, 25.29it/s, loss=0.819, acc=81.9%, lr=2.6e-04]
Epoch 23/80 [Train]:  92%|█████████▏| 192/208 [00:07<00:00, 25.29it/s, loss=0.776, acc=82.0%, lr=2.6e-04]
Epoch 23/80 [Train]:  92%|█████████▏| 192/208 [00:07<00:00, 25.29it/s, loss=1.153, acc=81.9%, lr=2.6e-04]
Epoch 23/80 [Train]:  94%|█████████▍| 195/208 [00:07<00:00, 25.25it/s, loss=1.153, acc=81.9%, lr=2.6e-04]
Epoch 23/80 [Train]:  94%|█████████▍| 195/208 [00:07<00:00, 25.25it/s, loss=0.874, acc=81.9%, lr=2.6e-04]
Epoch 23/80 [Train]:  94%|█████████▍| 195/208 [00:07<00:00, 25.25it/s, loss=0.881, acc=81.9%, lr=2.6e-04]
Epoch 23/80 [Train]:  94%|█████████▍| 195/208 [00:07<00:00, 25.25it/s, loss=1.037, acc=81.9%, lr=2.6e-04]
Epoch 23/80 [Train]:  95%|█████████▌| 198/208 [00:07<00:00, 25.41it/s, loss=1.037, acc=81.9%, lr=2.6e-04]
Epoch 23/80 [Train]:  95%|█████████▌| 198/208 [00:07<00:00, 25.41it/s, loss=1.060, acc=81.9%, lr=2.6e-04]
Epoch 23/80 [Train]:  95%|█████████▌| 198/208 [00:07<00:00, 25.41it/s, loss=0.901, acc=81.9%, lr=2.6e-04]
Epoch 23/80 [Train]:  95%|█████████▌| 198/208 [00:07<00:00, 25.41it/s, loss=0.878, acc=82.0%, lr=2.6e-04]
Epoch 23/80 [Train]:  97%|█████████▋| 201/208 [00:07<00:00, 25.09it/s, loss=0.878, acc=82.0%, lr=2.6e-04]
Epoch 23/80 [Train]:  97%|█████████▋| 201/208 [00:08<00:00, 25.09it/s, loss=1.098, acc=81.9%, lr=2.6e-04]
Epoch 23/80 [Train]:  97%|█████████▋| 201/208 [00:08<00:00, 25.09it/s, loss=0.933, acc=81.9%, lr=2.6e-04]
Epoch 23/80 [Train]:  97%|█████████▋| 201/208 [00:08<00:00, 25.09it/s, loss=1.069, acc=81.9%, lr=2.6e-04]
Epoch 23/80 [Train]:  98%|█████████▊| 204/208 [00:08<00:00, 25.20it/s, loss=1.069, acc=81.9%, lr=2.6e-04]
Epoch 23/80 [Train]:  98%|█████████▊| 204/208 [00:08<00:00, 25.20it/s, loss=0.767, acc=81.9%, lr=2.6e-04]
Epoch 23/80 [Train]:  98%|█████████▊| 204/208 [00:08<00:00, 25.20it/s, loss=0.799, acc=81.9%, lr=2.6e-04]
Epoch 23/80 [Train]:  98%|█████████▊| 204/208 [00:08<00:00, 25.20it/s, loss=1.011, acc=82.0%, lr=2.6e-04]
Epoch 23/80 [Train]: 100%|█████████▉| 207/208 [00:08<00:00, 24.66it/s, loss=1.011, acc=82.0%, lr=2.6e-04]
Epoch 23/80 [Train]: 100%|█████████▉| 207/208 [00:08<00:00, 24.66it/s, loss=1.077, acc=81.9%, lr=2.6e-04]
Epoch 23/80 [Train]: 100%|██████████| 208/208 [00:08<00:00, 25.23it/s, loss=1.077, acc=81.9%, lr=2.6e-04]

[2026-08-17 01:21:15] [EPOCH 23 SUMMARY]
  Train: Loss = 0.9162 | Top-1 Acc =  81.94%
  Val:   Top-1 Acc =   9.72% | Top-3 =  30.12% | Top-5 =  40.76%
         APL = 11.47 dB | Profile MAE =  2.33 dB (Rank Corr: 0.484)
  Time:  Epoch = 8.2s (Val Eval: 2.1s) | Total Elapsed = 00h:03m:21s | ETA: 00h:08m:19s
  -> [INFO] No improvement for 15/12 epochs (Best: 15.65%)

[2026-08-17 01:21:15] >>> [EPOCH 24/80] Training Started <<<

Epoch 24/80 [Train]:   0%|          | 0/208 [00:00<?, ?it/s]
Epoch 24/80 [Train]:   0%|          | 0/208 [00:00<?, ?it/s, loss=0.928, acc=82.8%, lr=2.6e-04]
Epoch 24/80 [Train]:   0%|          | 0/208 [00:00<?, ?it/s, loss=0.805, acc=85.2%, lr=2.6e-04]
Epoch 24/80 [Train]:   0%|          | 0/208 [00:00<?, ?it/s, loss=0.890, acc=84.9%, lr=2.6e-04]
Epoch 24/80 [Train]:   1%|▏         | 3/208 [00:00<00:08, 24.57it/s, loss=0.890, acc=84.9%, lr=2.6e-04]
Epoch 24/80 [Train]:   1%|▏         | 3/208 [00:00<00:08, 24.57it/s, loss=0.746, acc=84.4%, lr=2.6e-04]
Epoch 24/80 [Train]:   1%|▏         | 3/208 [00:00<00:08, 24.57it/s, loss=0.878, acc=83.4%, lr=2.6e-04]
Epoch 24/80 [Train]:   1%|▏         | 3/208 [00:00<00:08, 24.57it/s, loss=0.857, acc=83.3%, lr=2.6e-04]
Epoch 24/80 [Train]:   3%|▎         | 6/208 [00:00<00:07, 25.42it/s, loss=0.857, acc=83.3%, lr=2.6e-04]
Epoch 24/80 [Train]:   3%|▎         | 6/208 [00:00<00:07, 25.42it/s, loss=0.905, acc=83.3%, lr=2.6e-04]
Epoch 24/80 [Train]:   3%|▎         | 6/208 [00:00<00:07, 25.42it/s, loss=0.904, acc=83.8%, lr=2.6e-04]
Epoch 24/80 [Train]:   3%|▎         | 6/208 [00:00<00:07, 25.42it/s, loss=0.739, acc=83.9%, lr=2.6e-04]
Epoch 24/80 [Train]:   4%|▍         | 9/208 [00:00<00:07, 25.39it/s, loss=0.739, acc=83.9%, lr=2.6e-04]
Epoch 24/80 [Train]:   4%|▍         | 9/208 [00:00<00:07, 25.39it/s, loss=0.723, acc=84.1%, lr=2.6e-04]
Epoch 24/80 [Train]:   4%|▍         | 9/208 [00:00<00:07, 25.39it/s, loss=0.877, acc=84.1%, lr=2.6e-04]
Epoch 24/80 [Train]:   4%|▍         | 9/208 [00:00<00:07, 25.39it/s, loss=0.812, acc=84.6%, lr=2.6e-04]
Epoch 24/80 [Train]:   6%|▌         | 12/208 [00:00<00:07, 25.55it/s, loss=0.812, acc=84.6%, lr=2.6e-04]
Epoch 24/80 [Train]:   6%|▌         | 12/208 [00:00<00:07, 25.55it/s, loss=0.973, acc=85.0%, lr=2.6e-04]
Epoch 24/80 [Train]:   6%|▌         | 12/208 [00:00<00:07, 25.55it/s, loss=0.740, acc=85.2%, lr=2.6e-04]
Epoch 24/80 [Train]:   6%|▌         | 12/208 [00:00<00:07, 25.55it/s, loss=0.776, acc=85.4%, lr=2.6e-04]
Epoch 24/80 [Train]:   7%|▋         | 15/208 [00:00<00:07, 24.89it/s, loss=0.776, acc=85.4%, lr=2.6e-04]
Epoch 24/80 [Train]:   7%|▋         | 15/208 [00:00<00:07, 24.89it/s, loss=1.044, acc=85.3%, lr=2.6e-04]
Epoch 24/80 [Train]:   7%|▋         | 15/208 [00:00<00:07, 24.89it/s, loss=0.783, acc=85.8%, lr=2.6e-04]
Epoch 24/80 [Train]:   7%|▋         | 15/208 [00:00<00:07, 24.89it/s, loss=0.745, acc=85.6%, lr=2.6e-04]
Epoch 24/80 [Train]:   9%|▊         | 18/208 [00:00<00:07, 24.94it/s, loss=0.745, acc=85.6%, lr=2.6e-04]
Epoch 24/80 [Train]:   9%|▊         | 18/208 [00:00<00:07, 24.94it/s, loss=0.861, acc=85.6%, lr=2.6e-04]
Epoch 24/80 [Train]:   9%|▊         | 18/208 [00:00<00:07, 24.94it/s, loss=0.818, acc=85.5%, lr=2.6e-04]
Epoch 24/80 [Train]:   9%|▊         | 18/208 [00:00<00:07, 24.94it/s, loss=0.819, acc=85.6%, lr=2.6e-04]
Epoch 24/80 [Train]:  10%|█         | 21/208 [00:00<00:07, 24.99it/s, loss=0.819, acc=85.6%, lr=2.6e-04]
Epoch 24/80 [Train]:  10%|█         | 21/208 [00:00<00:07, 24.99it/s, loss=1.053, acc=85.1%, lr=2.6e-04]
Epoch 24/80 [Train]:  10%|█         | 21/208 [00:00<00:07, 24.99it/s, loss=0.845, acc=85.2%, lr=2.6e-04]
Epoch 24/80 [Train]:  10%|█         | 21/208 [00:00<00:07, 24.99it/s, loss=1.178, acc=85.0%, lr=2.6e-04]
Epoch 24/80 [Train]:  12%|█▏        | 24/208 [00:00<00:07, 25.15it/s, loss=1.178, acc=85.0%, lr=2.6e-04]
Epoch 24/80 [Train]:  12%|█▏        | 24/208 [00:00<00:07, 25.15it/s, loss=0.810, acc=85.1%, lr=2.6e-04]
Epoch 24/80 [Train]:  12%|█▏        | 24/208 [00:01<00:07, 25.15it/s, loss=0.982, acc=85.2%, lr=2.6e-04]
Epoch 24/80 [Train]:  12%|█▏        | 24/208 [00:01<00:07, 25.15it/s, loss=0.990, acc=85.1%, lr=2.6e-04]
Epoch 24/80 [Train]:  13%|█▎        | 27/208 [00:01<00:07, 24.83it/s, loss=0.990, acc=85.1%, lr=2.6e-04]
Epoch 24/80 [Train]:  13%|█▎        | 27/208 [00:01<00:07, 24.83it/s, loss=0.814, acc=85.0%, lr=2.6e-04]
Epoch 24/80 [Train]:  13%|█▎        | 27/208 [00:01<00:07, 24.83it/s, loss=0.952, acc=84.9%, lr=2.6e-04]
Epoch 24/80 [Train]:  13%|█▎        | 27/208 [00:01<00:07, 24.83it/s, loss=0.816, acc=84.9%, lr=2.6e-04]
Epoch 24/80 [Train]:  14%|█▍        | 30/208 [00:01<00:07, 24.13it/s, loss=0.816, acc=84.9%, lr=2.6e-04]
Epoch 24/80 [Train]:  14%|█▍        | 30/208 [00:01<00:07, 24.13it/s, loss=0.768, acc=85.1%, lr=2.6e-04]
Epoch 24/80 [Train]:  14%|█▍        | 30/208 [00:01<00:07, 24.13it/s, loss=0.705, acc=85.3%, lr=2.6e-04]
Epoch 24/80 [Train]:  14%|█▍        | 30/208 [00:01<00:07, 24.13it/s, loss=0.920, acc=85.1%, lr=2.6e-04]
Epoch 24/80 [Train]:  16%|█▌        | 33/208 [00:01<00:07, 24.51it/s, loss=0.920, acc=85.1%, lr=2.6e-04]
Epoch 24/80 [Train]:  16%|█▌        | 33/208 [00:01<00:07, 24.51it/s, loss=0.841, acc=85.2%, lr=2.6e-04]
Epoch 24/80 [Train]:  16%|█▌        | 33/208 [00:01<00:07, 24.51it/s, loss=0.797, acc=85.2%, lr=2.6e-04]
Epoch 24/80 [Train]:  16%|█▌        | 33/208 [00:01<00:07, 24.51it/s, loss=0.772, acc=85.3%, lr=2.6e-04]
Epoch 24/80 [Train]:  17%|█▋        | 36/208 [00:01<00:06, 24.69it/s, loss=0.772, acc=85.3%, lr=2.6e-04]
Epoch 24/80 [Train]:  17%|█▋        | 36/208 [00:01<00:06, 24.69it/s, loss=0.982, acc=85.2%, lr=2.6e-04]
Epoch 24/80 [Train]:  17%|█▋        | 36/208 [00:01<00:06, 24.69it/s, loss=0.776, acc=85.1%, lr=2.6e-04]
Epoch 24/80 [Train]:  17%|█▋        | 36/208 [00:01<00:06, 24.69it/s, loss=0.933, acc=85.1%, lr=2.6e-04]
Epoch 24/80 [Train]:  19%|█▉        | 39/208 [00:01<00:06, 24.83it/s, loss=0.933, acc=85.1%, lr=2.6e-04]
Epoch 24/80 [Train]:  19%|█▉        | 39/208 [00:01<00:06, 24.83it/s, loss=0.803, acc=85.2%, lr=2.6e-04]
Epoch 24/80 [Train]:  19%|█▉        | 39/208 [00:01<00:06, 24.83it/s, loss=0.762, acc=85.3%, lr=2.6e-04]
Epoch 24/80 [Train]:  19%|█▉        | 39/208 [00:01<00:06, 24.83it/s, loss=1.068, acc=84.9%, lr=2.6e-04]
Epoch 24/80 [Train]:  20%|██        | 42/208 [00:01<00:06, 24.92it/s, loss=1.068, acc=84.9%, lr=2.6e-04]
Epoch 24/80 [Train]:  20%|██        | 42/208 [00:01<00:06, 24.92it/s, loss=0.953, acc=84.8%, lr=2.6e-04]
Epoch 24/80 [Train]:  20%|██        | 42/208 [00:01<00:06, 24.92it/s, loss=1.028, acc=84.6%, lr=2.6e-04]
Epoch 24/80 [Train]:  20%|██        | 42/208 [00:01<00:06, 24.92it/s, loss=0.947, acc=84.4%, lr=2.6e-04]
Epoch 24/80 [Train]:  22%|██▏       | 45/208 [00:01<00:06, 24.98it/s, loss=0.947, acc=84.4%, lr=2.6e-04]
Epoch 24/80 [Train]:  22%|██▏       | 45/208 [00:01<00:06, 24.98it/s, loss=0.805, acc=84.4%, lr=2.6e-04]
Epoch 24/80 [Train]:  22%|██▏       | 45/208 [00:01<00:06, 24.98it/s, loss=0.816, acc=84.3%, lr=2.6e-04]
Epoch 24/80 [Train]:  22%|██▏       | 45/208 [00:01<00:06, 24.98it/s, loss=0.817, acc=84.3%, lr=2.6e-04]
Epoch 24/80 [Train]:  23%|██▎       | 48/208 [00:01<00:06, 24.90it/s, loss=0.817, acc=84.3%, lr=2.6e-04]
Epoch 24/80 [Train]:  23%|██▎       | 48/208 [00:01<00:06, 24.90it/s, loss=0.748, acc=84.4%, lr=2.6e-04]
Epoch 24/80 [Train]:  23%|██▎       | 48/208 [00:02<00:06, 24.90it/s, loss=0.935, acc=84.3%, lr=2.5e-04]
Epoch 24/80 [Train]:  23%|██▎       | 48/208 [00:02<00:06, 24.90it/s, loss=0.859, acc=84.3%, lr=2.5e-04]
Epoch 24/80 [Train]:  25%|██▍       | 51/208 [00:02<00:06, 25.09it/s, loss=0.859, acc=84.3%, lr=2.5e-04]
Epoch 24/80 [Train]:  25%|██▍       | 51/208 [00:02<00:06, 25.09it/s, loss=0.834, acc=84.2%, lr=2.5e-04]
Epoch 24/80 [Train]:  25%|██▍       | 51/208 [00:02<00:06, 25.09it/s, loss=0.788, acc=84.1%, lr=2.5e-04]
Epoch 24/80 [Train]:  25%|██▍       | 51/208 [00:02<00:06, 25.09it/s, loss=0.834, acc=84.1%, lr=2.5e-04]
Epoch 24/80 [Train]:  26%|██▌       | 54/208 [00:02<00:06, 25.18it/s, loss=0.834, acc=84.1%, lr=2.5e-04]
Epoch 24/80 [Train]:  26%|██▌       | 54/208 [00:02<00:06, 25.18it/s, loss=0.901, acc=84.0%, lr=2.5e-04]
Epoch 24/80 [Train]:  26%|██▌       | 54/208 [00:02<00:06, 25.18it/s, loss=0.941, acc=83.9%, lr=2.5e-04]
Epoch 24/80 [Train]:  26%|██▌       | 54/208 [00:02<00:06, 25.18it/s, loss=0.827, acc=83.8%, lr=2.5e-04]
Epoch 24/80 [Train]:  27%|██▋       | 57/208 [00:02<00:06, 25.08it/s, loss=0.827, acc=83.8%, lr=2.5e-04]
Epoch 24/80 [Train]:  27%|██▋       | 57/208 [00:02<00:06, 25.08it/s, loss=1.035, acc=83.8%, lr=2.5e-04]
Epoch 24/80 [Train]:  27%|██▋       | 57/208 [00:02<00:06, 25.08it/s, loss=1.050, acc=83.7%, lr=2.5e-04]
Epoch 24/80 [Train]:  27%|██▋       | 57/208 [00:02<00:06, 25.08it/s, loss=0.839, acc=83.6%, lr=2.5e-04]
Epoch 24/80 [Train]:  29%|██▉       | 60/208 [00:02<00:05, 25.14it/s, loss=0.839, acc=83.6%, lr=2.5e-04]
Epoch 24/80 [Train]:  29%|██▉       | 60/208 [00:02<00:05, 25.14it/s, loss=0.841, acc=83.6%, lr=2.5e-04]
Epoch 24/80 [Train]:  29%|██▉       | 60/208 [00:02<00:05, 25.14it/s, loss=0.793, acc=83.6%, lr=2.5e-04]
Epoch 24/80 [Train]:  29%|██▉       | 60/208 [00:02<00:05, 25.14it/s, loss=0.861, acc=83.6%, lr=2.5e-04]
Epoch 24/80 [Train]:  30%|███       | 63/208 [00:02<00:05, 24.96it/s, loss=0.861, acc=83.6%, lr=2.5e-04]
Epoch 24/80 [Train]:  30%|███       | 63/208 [00:02<00:05, 24.96it/s, loss=0.927, acc=83.6%, lr=2.5e-04]
Epoch 24/80 [Train]:  30%|███       | 63/208 [00:02<00:05, 24.96it/s, loss=0.781, acc=83.6%, lr=2.5e-04]
Epoch 24/80 [Train]:  30%|███       | 63/208 [00:02<00:05, 24.96it/s, loss=0.957, acc=83.6%, lr=2.5e-04]
Epoch 24/80 [Train]:  32%|███▏      | 66/208 [00:02<00:05, 25.08it/s, loss=0.957, acc=83.6%, lr=2.5e-04]
Epoch 24/80 [Train]:  32%|███▏      | 66/208 [00:02<00:05, 25.08it/s, loss=0.909, acc=83.6%, lr=2.5e-04]
Epoch 24/80 [Train]:  32%|███▏      | 66/208 [00:02<00:05, 25.08it/s, loss=0.796, acc=83.7%, lr=2.5e-04]
Epoch 24/80 [Train]:  32%|███▏      | 66/208 [00:02<00:05, 25.08it/s, loss=1.022, acc=83.7%, lr=2.5e-04]
Epoch 24/80 [Train]:  33%|███▎      | 69/208 [00:02<00:05, 25.08it/s, loss=1.022, acc=83.7%, lr=2.5e-04]
Epoch 24/80 [Train]:  33%|███▎      | 69/208 [00:02<00:05, 25.08it/s, loss=1.070, acc=83.7%, lr=2.5e-04]
Epoch 24/80 [Train]:  33%|███▎      | 69/208 [00:02<00:05, 25.08it/s, loss=0.961, acc=83.6%, lr=2.5e-04]
Epoch 24/80 [Train]:  33%|███▎      | 69/208 [00:02<00:05, 25.08it/s, loss=0.747, acc=83.6%, lr=2.5e-04]
Epoch 24/80 [Train]:  35%|███▍      | 72/208 [00:02<00:05, 25.06it/s, loss=0.747, acc=83.6%, lr=2.5e-04]
Epoch 24/80 [Train]:  35%|███▍      | 72/208 [00:02<00:05, 25.06it/s, loss=0.925, acc=83.6%, lr=2.5e-04]
Epoch 24/80 [Train]:  35%|███▍      | 72/208 [00:02<00:05, 25.06it/s, loss=0.908, acc=83.5%, lr=2.5e-04]
Epoch 24/80 [Train]:  35%|███▍      | 72/208 [00:02<00:05, 25.06it/s, loss=0.760, acc=83.5%, lr=2.5e-04]
Epoch 24/80 [Train]:  36%|███▌      | 75/208 [00:02<00:05, 25.38it/s, loss=0.760, acc=83.5%, lr=2.5e-04]
Epoch 24/80 [Train]:  36%|███▌      | 75/208 [00:03<00:05, 25.38it/s, loss=0.951, acc=83.4%, lr=2.5e-04]
Epoch 24/80 [Train]:  36%|███▌      | 75/208 [00:03<00:05, 25.38it/s, loss=0.902, acc=83.4%, lr=2.5e-04]
Epoch 24/80 [Train]:  36%|███▌      | 75/208 [00:03<00:05, 25.38it/s, loss=0.771, acc=83.5%, lr=2.5e-04]
Epoch 24/80 [Train]:  38%|███▊      | 78/208 [00:03<00:05, 25.45it/s, loss=0.771, acc=83.5%, lr=2.5e-04]
Epoch 24/80 [Train]:  38%|███▊      | 78/208 [00:03<00:05, 25.45it/s, loss=0.862, acc=83.4%, lr=2.5e-04]
Epoch 24/80 [Train]:  38%|███▊      | 78/208 [00:03<00:05, 25.45it/s, loss=0.948, acc=83.4%, lr=2.5e-04]
Epoch 24/80 [Train]:  38%|███▊      | 78/208 [00:03<00:05, 25.45it/s, loss=0.978, acc=83.3%, lr=2.5e-04]
Epoch 24/80 [Train]:  39%|███▉      | 81/208 [00:03<00:04, 25.47it/s, loss=0.978, acc=83.3%, lr=2.5e-04]
Epoch 24/80 [Train]:  39%|███▉      | 81/208 [00:03<00:04, 25.47it/s, loss=0.897, acc=83.3%, lr=2.5e-04]
Epoch 24/80 [Train]:  39%|███▉      | 81/208 [00:03<00:04, 25.47it/s, loss=0.896, acc=83.2%, lr=2.5e-04]
Epoch 24/80 [Train]:  39%|███▉      | 81/208 [00:03<00:04, 25.47it/s, loss=0.895, acc=83.2%, lr=2.5e-04]
Epoch 24/80 [Train]:  40%|████      | 84/208 [00:03<00:04, 25.35it/s, loss=0.895, acc=83.2%, lr=2.5e-04]
Epoch 24/80 [Train]:  40%|████      | 84/208 [00:03<00:04, 25.35it/s, loss=0.807, acc=83.2%, lr=2.5e-04]
Epoch 24/80 [Train]:  40%|████      | 84/208 [00:03<00:04, 25.35it/s, loss=0.932, acc=83.2%, lr=2.5e-04]
Epoch 24/80 [Train]:  40%|████      | 84/208 [00:03<00:04, 25.35it/s, loss=1.001, acc=83.1%, lr=2.5e-04]
Epoch 24/80 [Train]:  42%|████▏     | 87/208 [00:03<00:04, 25.40it/s, loss=1.001, acc=83.1%, lr=2.5e-04]
Epoch 24/80 [Train]:  42%|████▏     | 87/208 [00:03<00:04, 25.40it/s, loss=1.013, acc=83.0%, lr=2.5e-04]
Epoch 24/80 [Train]:  42%|████▏     | 87/208 [00:03<00:04, 25.40it/s, loss=0.852, acc=83.0%, lr=2.5e-04]
Epoch 24/80 [Train]:  42%|████▏     | 87/208 [00:03<00:04, 25.40it/s, loss=1.029, acc=82.9%, lr=2.5e-04]
Epoch 24/80 [Train]:  43%|████▎     | 90/208 [00:03<00:04, 25.65it/s, loss=1.029, acc=82.9%, lr=2.5e-04]
Epoch 24/80 [Train]:  43%|████▎     | 90/208 [00:03<00:04, 25.65it/s, loss=1.017, acc=82.8%, lr=2.5e-04]
Epoch 24/80 [Train]:  43%|████▎     | 90/208 [00:03<00:04, 25.65it/s, loss=0.803, acc=82.8%, lr=2.5e-04]
Epoch 24/80 [Train]:  43%|████▎     | 90/208 [00:03<00:04, 25.65it/s, loss=0.781, acc=82.8%, lr=2.5e-04]
Epoch 24/80 [Train]:  45%|████▍     | 93/208 [00:03<00:04, 25.63it/s, loss=0.781, acc=82.8%, lr=2.5e-04]
Epoch 24/80 [Train]:  45%|████▍     | 93/208 [00:03<00:04, 25.63it/s, loss=1.021, acc=82.8%, lr=2.5e-04]
Epoch 24/80 [Train]:  45%|████▍     | 93/208 [00:03<00:04, 25.63it/s, loss=0.860, acc=82.9%, lr=2.5e-04]
Epoch 24/80 [Train]:  45%|████▍     | 93/208 [00:03<00:04, 25.63it/s, loss=1.007, acc=82.8%, lr=2.5e-04]
Epoch 24/80 [Train]:  46%|████▌     | 96/208 [00:03<00:04, 25.56it/s, loss=1.007, acc=82.8%, lr=2.5e-04]
Epoch 24/80 [Train]:  46%|████▌     | 96/208 [00:03<00:04, 25.56it/s, loss=1.025, acc=82.8%, lr=2.5e-04]
Epoch 24/80 [Train]:  46%|████▌     | 96/208 [00:03<00:04, 25.56it/s, loss=1.055, acc=82.7%, lr=2.5e-04]
Epoch 24/80 [Train]:  46%|████▌     | 96/208 [00:03<00:04, 25.56it/s, loss=1.052, acc=82.6%, lr=2.5e-04]
Epoch 24/80 [Train]:  48%|████▊     | 99/208 [00:03<00:04, 25.49it/s, loss=1.052, acc=82.6%, lr=2.5e-04]
Epoch 24/80 [Train]:  48%|████▊     | 99/208 [00:03<00:04, 25.49it/s, loss=0.914, acc=82.7%, lr=2.5e-04]
Epoch 24/80 [Train]:  48%|████▊     | 99/208 [00:04<00:04, 25.49it/s, loss=0.816, acc=82.8%, lr=2.5e-04]
Epoch 24/80 [Train]:  48%|████▊     | 99/208 [00:04<00:04, 25.49it/s, loss=1.067, acc=82.7%, lr=2.5e-04]
Epoch 24/80 [Train]:  49%|████▉     | 102/208 [00:04<00:04, 25.40it/s, loss=1.067, acc=82.7%, lr=2.5e-04]
Epoch 24/80 [Train]:  49%|████▉     | 102/208 [00:04<00:04, 25.40it/s, loss=1.019, acc=82.6%, lr=2.5e-04]
Epoch 24/80 [Train]:  49%|████▉     | 102/208 [00:04<00:04, 25.40it/s, loss=0.848, acc=82.6%, lr=2.5e-04]
Epoch 24/80 [Train]:  49%|████▉     | 102/208 [00:04<00:04, 25.40it/s, loss=1.210, acc=82.6%, lr=2.5e-04]
Epoch 24/80 [Train]:  50%|█████     | 105/208 [00:04<00:04, 25.54it/s, loss=1.210, acc=82.6%, lr=2.5e-04]
Epoch 24/80 [Train]:  50%|█████     | 105/208 [00:04<00:04, 25.54it/s, loss=0.933, acc=82.6%, lr=2.5e-04]
Epoch 24/80 [Train]:  50%|█████     | 105/208 [00:04<00:04, 25.54it/s, loss=0.902, acc=82.6%, lr=2.5e-04]
Epoch 24/80 [Train]:  50%|█████     | 105/208 [00:04<00:04, 25.54it/s, loss=0.882, acc=82.7%, lr=2.5e-04]
Epoch 24/80 [Train]:  52%|█████▏    | 108/208 [00:04<00:03, 25.63it/s, loss=0.882, acc=82.7%, lr=2.5e-04]
Epoch 24/80 [Train]:  52%|█████▏    | 108/208 [00:04<00:03, 25.63it/s, loss=1.124, acc=82.6%, lr=2.5e-04]
Epoch 24/80 [Train]:  52%|█████▏    | 108/208 [00:04<00:03, 25.63it/s, loss=0.755, acc=82.6%, lr=2.5e-04]
Epoch 24/80 [Train]:  52%|█████▏    | 108/208 [00:04<00:03, 25.63it/s, loss=0.757, acc=82.7%, lr=2.5e-04]
Epoch 24/80 [Train]:  53%|█████▎    | 111/208 [00:04<00:03, 25.63it/s, loss=0.757, acc=82.7%, lr=2.5e-04]
Epoch 24/80 [Train]:  53%|█████▎    | 111/208 [00:04<00:03, 25.63it/s, loss=1.005, acc=82.6%, lr=2.5e-04]
Epoch 24/80 [Train]:  53%|█████▎    | 111/208 [00:04<00:03, 25.63it/s, loss=0.858, acc=82.7%, lr=2.5e-04]
Epoch 24/80 [Train]:  53%|█████▎    | 111/208 [00:04<00:03, 25.63it/s, loss=0.685, acc=82.8%, lr=2.5e-04]
Epoch 24/80 [Train]:  55%|█████▍    | 114/208 [00:04<00:03, 25.60it/s, loss=0.685, acc=82.8%, lr=2.5e-04]
Epoch 24/80 [Train]:  55%|█████▍    | 114/208 [00:04<00:03, 25.60it/s, loss=0.746, acc=82.8%, lr=2.5e-04]
Epoch 24/80 [Train]:  55%|█████▍    | 114/208 [00:04<00:03, 25.60it/s, loss=0.920, acc=82.8%, lr=2.5e-04]
Epoch 24/80 [Train]:  55%|█████▍    | 114/208 [00:04<00:03, 25.60it/s, loss=0.970, acc=82.8%, lr=2.5e-04]
Epoch 24/80 [Train]:  56%|█████▋    | 117/208 [00:04<00:03, 25.60it/s, loss=0.970, acc=82.8%, lr=2.5e-04]
Epoch 24/80 [Train]:  56%|█████▋    | 117/208 [00:04<00:03, 25.60it/s, loss=0.849, acc=82.8%, lr=2.5e-04]
Epoch 24/80 [Train]:  56%|█████▋    | 117/208 [00:04<00:03, 25.60it/s, loss=0.918, acc=82.8%, lr=2.5e-04]
Epoch 24/80 [Train]:  56%|█████▋    | 117/208 [00:04<00:03, 25.60it/s, loss=0.766, acc=82.8%, lr=2.5e-04]
Epoch 24/80 [Train]:  58%|█████▊    | 120/208 [00:04<00:03, 25.62it/s, loss=0.766, acc=82.8%, lr=2.5e-04]
Epoch 24/80 [Train]:  58%|█████▊    | 120/208 [00:04<00:03, 25.62it/s, loss=0.938, acc=82.7%, lr=2.5e-04]
Epoch 24/80 [Train]:  58%|█████▊    | 120/208 [00:04<00:03, 25.62it/s, loss=0.805, acc=82.8%, lr=2.5e-04]
Epoch 24/80 [Train]:  58%|█████▊    | 120/208 [00:04<00:03, 25.62it/s, loss=0.816, acc=82.8%, lr=2.5e-04]
Epoch 24/80 [Train]:  59%|█████▉    | 123/208 [00:04<00:03, 25.75it/s, loss=0.816, acc=82.8%, lr=2.5e-04]
Epoch 24/80 [Train]:  59%|█████▉    | 123/208 [00:04<00:03, 25.75it/s, loss=0.867, acc=82.8%, lr=2.5e-04]
Epoch 24/80 [Train]:  59%|█████▉    | 123/208 [00:04<00:03, 25.75it/s, loss=0.819, acc=82.8%, lr=2.5e-04]
Epoch 24/80 [Train]:  59%|█████▉    | 123/208 [00:04<00:03, 25.75it/s, loss=0.888, acc=82.8%, lr=2.5e-04]
Epoch 24/80 [Train]:  61%|██████    | 126/208 [00:04<00:03, 25.52it/s, loss=0.888, acc=82.8%, lr=2.5e-04]
Epoch 24/80 [Train]:  61%|██████    | 126/208 [00:05<00:03, 25.52it/s, loss=0.831, acc=82.8%, lr=2.5e-04]
Epoch 24/80 [Train]:  61%|██████    | 126/208 [00:05<00:03, 25.52it/s, loss=0.951, acc=82.8%, lr=2.5e-04]
Epoch 24/80 [Train]:  61%|██████    | 126/208 [00:05<00:03, 25.52it/s, loss=0.701, acc=82.8%, lr=2.5e-04]
Epoch 24/80 [Train]:  62%|██████▏   | 129/208 [00:05<00:03, 25.15it/s, loss=0.701, acc=82.8%, lr=2.5e-04]
Epoch 24/80 [Train]:  62%|██████▏   | 129/208 [00:05<00:03, 25.15it/s, loss=0.645, acc=82.9%, lr=2.5e-04]
Epoch 24/80 [Train]:  62%|██████▏   | 129/208 [00:05<00:03, 25.15it/s, loss=0.805, acc=82.9%, lr=2.5e-04]
Epoch 24/80 [Train]:  62%|██████▏   | 129/208 [00:05<00:03, 25.15it/s, loss=0.981, acc=82.9%, lr=2.5e-04]
Epoch 24/80 [Train]:  63%|██████▎   | 132/208 [00:05<00:03, 25.08it/s, loss=0.981, acc=82.9%, lr=2.5e-04]
Epoch 24/80 [Train]:  63%|██████▎   | 132/208 [00:05<00:03, 25.08it/s, loss=0.751, acc=82.9%, lr=2.5e-04]
Epoch 24/80 [Train]:  63%|██████▎   | 132/208 [00:05<00:03, 25.08it/s, loss=0.872, acc=82.9%, lr=2.5e-04]
Epoch 24/80 [Train]:  63%|██████▎   | 132/208 [00:05<00:03, 25.08it/s, loss=0.924, acc=82.9%, lr=2.5e-04]
Epoch 24/80 [Train]:  65%|██████▍   | 135/208 [00:05<00:02, 25.22it/s, loss=0.924, acc=82.9%, lr=2.5e-04]
Epoch 24/80 [Train]:  65%|██████▍   | 135/208 [00:05<00:02, 25.22it/s, loss=1.013, acc=82.8%, lr=2.5e-04]
Epoch 24/80 [Train]:  65%|██████▍   | 135/208 [00:05<00:02, 25.22it/s, loss=0.916, acc=82.8%, lr=2.5e-04]
Epoch 24/80 [Train]:  65%|██████▍   | 135/208 [00:05<00:02, 25.22it/s, loss=1.023, acc=82.8%, lr=2.5e-04]
Epoch 24/80 [Train]:  66%|██████▋   | 138/208 [00:05<00:02, 25.45it/s, loss=1.023, acc=82.8%, lr=2.5e-04]
Epoch 24/80 [Train]:  66%|██████▋   | 138/208 [00:05<00:02, 25.45it/s, loss=0.886, acc=82.7%, lr=2.5e-04]
Epoch 24/80 [Train]:  66%|██████▋   | 138/208 [00:05<00:02, 25.45it/s, loss=0.934, acc=82.8%, lr=2.5e-04]
Epoch 24/80 [Train]:  66%|██████▋   | 138/208 [00:05<00:02, 25.45it/s, loss=1.037, acc=82.7%, lr=2.5e-04]
Epoch 24/80 [Train]:  68%|██████▊   | 141/208 [00:05<00:02, 25.39it/s, loss=1.037, acc=82.7%, lr=2.5e-04]
Epoch 24/80 [Train]:  68%|██████▊   | 141/208 [00:05<00:02, 25.39it/s, loss=1.067, acc=82.7%, lr=2.5e-04]
Epoch 24/80 [Train]:  68%|██████▊   | 141/208 [00:05<00:02, 25.39it/s, loss=1.020, acc=82.6%, lr=2.5e-04]
Epoch 24/80 [Train]:  68%|██████▊   | 141/208 [00:05<00:02, 25.39it/s, loss=0.878, acc=82.6%, lr=2.5e-04]
Epoch 24/80 [Train]:  69%|██████▉   | 144/208 [00:05<00:02, 25.29it/s, loss=0.878, acc=82.6%, lr=2.5e-04]
Epoch 24/80 [Train]:  69%|██████▉   | 144/208 [00:05<00:02, 25.29it/s, loss=1.005, acc=82.6%, lr=2.5e-04]
Epoch 24/80 [Train]:  69%|██████▉   | 144/208 [00:05<00:02, 25.29it/s, loss=0.896, acc=82.6%, lr=2.5e-04]
Epoch 24/80 [Train]:  69%|██████▉   | 144/208 [00:05<00:02, 25.29it/s, loss=1.018, acc=82.6%, lr=2.5e-04]
Epoch 24/80 [Train]:  71%|███████   | 147/208 [00:05<00:02, 25.07it/s, loss=1.018, acc=82.6%, lr=2.5e-04]
Epoch 24/80 [Train]:  71%|███████   | 147/208 [00:05<00:02, 25.07it/s, loss=0.895, acc=82.6%, lr=2.5e-04]
Epoch 24/80 [Train]:  71%|███████   | 147/208 [00:05<00:02, 25.07it/s, loss=1.040, acc=82.6%, lr=2.5e-04]
Epoch 24/80 [Train]:  71%|███████   | 147/208 [00:05<00:02, 25.07it/s, loss=0.822, acc=82.6%, lr=2.5e-04]
Epoch 24/80 [Train]:  72%|███████▏  | 150/208 [00:05<00:02, 25.16it/s, loss=0.822, acc=82.6%, lr=2.5e-04]
Epoch 24/80 [Train]:  72%|███████▏  | 150/208 [00:05<00:02, 25.16it/s, loss=0.778, acc=82.6%, lr=2.5e-04]
Epoch 24/80 [Train]:  72%|███████▏  | 150/208 [00:06<00:02, 25.16it/s, loss=0.819, acc=82.6%, lr=2.5e-04]
Epoch 24/80 [Train]:  72%|███████▏  | 150/208 [00:06<00:02, 25.16it/s, loss=1.047, acc=82.6%, lr=2.5e-04]
Epoch 24/80 [Train]:  74%|███████▎  | 153/208 [00:06<00:02, 25.27it/s, loss=1.047, acc=82.6%, lr=2.5e-04]
Epoch 24/80 [Train]:  74%|███████▎  | 153/208 [00:06<00:02, 25.27it/s, loss=0.854, acc=82.6%, lr=2.5e-04]
Epoch 24/80 [Train]:  74%|███████▎  | 153/208 [00:06<00:02, 25.27it/s, loss=0.889, acc=82.5%, lr=2.5e-04]
Epoch 24/80 [Train]:  74%|███████▎  | 153/208 [00:06<00:02, 25.27it/s, loss=1.089, acc=82.5%, lr=2.5e-04]
Epoch 24/80 [Train]:  75%|███████▌  | 156/208 [00:06<00:02, 25.46it/s, loss=1.089, acc=82.5%, lr=2.5e-04]
Epoch 24/80 [Train]:  75%|███████▌  | 156/208 [00:06<00:02, 25.46it/s, loss=1.048, acc=82.5%, lr=2.5e-04]
Epoch 24/80 [Train]:  75%|███████▌  | 156/208 [00:06<00:02, 25.46it/s, loss=0.960, acc=82.5%, lr=2.5e-04]
Epoch 24/80 [Train]:  75%|███████▌  | 156/208 [00:06<00:02, 25.46it/s, loss=0.747, acc=82.5%, lr=2.5e-04]
Epoch 24/80 [Train]:  76%|███████▋  | 159/208 [00:06<00:01, 25.36it/s, loss=0.747, acc=82.5%, lr=2.5e-04]
Epoch 24/80 [Train]:  76%|███████▋  | 159/208 [00:06<00:01, 25.36it/s, loss=1.088, acc=82.4%, lr=2.5e-04]
Epoch 24/80 [Train]:  76%|███████▋  | 159/208 [00:06<00:01, 25.36it/s, loss=0.849, acc=82.4%, lr=2.5e-04]
Epoch 24/80 [Train]:  76%|███████▋  | 159/208 [00:06<00:01, 25.36it/s, loss=0.895, acc=82.5%, lr=2.5e-04]
Epoch 24/80 [Train]:  78%|███████▊  | 162/208 [00:06<00:01, 25.45it/s, loss=0.895, acc=82.5%, lr=2.5e-04]
Epoch 24/80 [Train]:  78%|███████▊  | 162/208 [00:06<00:01, 25.45it/s, loss=0.942, acc=82.4%, lr=2.5e-04]
Epoch 24/80 [Train]:  78%|███████▊  | 162/208 [00:06<00:01, 25.45it/s, loss=0.974, acc=82.4%, lr=2.5e-04]
Epoch 24/80 [Train]:  78%|███████▊  | 162/208 [00:06<00:01, 25.45it/s, loss=0.932, acc=82.4%, lr=2.5e-04]
Epoch 24/80 [Train]:  79%|███████▉  | 165/208 [00:06<00:01, 25.55it/s, loss=0.932, acc=82.4%, lr=2.5e-04]
Epoch 24/80 [Train]:  79%|███████▉  | 165/208 [00:06<00:01, 25.55it/s, loss=0.842, acc=82.4%, lr=2.5e-04]
Epoch 24/80 [Train]:  79%|███████▉  | 165/208 [00:06<00:01, 25.55it/s, loss=0.916, acc=82.4%, lr=2.5e-04]
Epoch 24/80 [Train]:  79%|███████▉  | 165/208 [00:06<00:01, 25.55it/s, loss=0.883, acc=82.4%, lr=2.5e-04]
Epoch 24/80 [Train]:  81%|████████  | 168/208 [00:06<00:01, 25.74it/s, loss=0.883, acc=82.4%, lr=2.5e-04]
Epoch 24/80 [Train]:  81%|████████  | 168/208 [00:06<00:01, 25.74it/s, loss=0.857, acc=82.4%, lr=2.5e-04]
Epoch 24/80 [Train]:  81%|████████  | 168/208 [00:06<00:01, 25.74it/s, loss=0.965, acc=82.5%, lr=2.5e-04]
Epoch 24/80 [Train]:  81%|████████  | 168/208 [00:06<00:01, 25.74it/s, loss=1.002, acc=82.4%, lr=2.5e-04]
Epoch 24/80 [Train]:  82%|████████▏ | 171/208 [00:06<00:01, 25.54it/s, loss=1.002, acc=82.4%, lr=2.5e-04]
Epoch 24/80 [Train]:  82%|████████▏ | 171/208 [00:06<00:01, 25.54it/s, loss=0.741, acc=82.4%, lr=2.5e-04]
Epoch 24/80 [Train]:  82%|████████▏ | 171/208 [00:06<00:01, 25.54it/s, loss=1.012, acc=82.4%, lr=2.5e-04]
Epoch 24/80 [Train]:  82%|████████▏ | 171/208 [00:06<00:01, 25.54it/s, loss=0.964, acc=82.3%, lr=2.5e-04]
Epoch 24/80 [Train]:  84%|████████▎ | 174/208 [00:06<00:01, 25.49it/s, loss=0.964, acc=82.3%, lr=2.5e-04]
Epoch 24/80 [Train]:  84%|████████▎ | 174/208 [00:06<00:01, 25.49it/s, loss=0.815, acc=82.4%, lr=2.5e-04]
Epoch 24/80 [Train]:  84%|████████▎ | 174/208 [00:06<00:01, 25.49it/s, loss=0.753, acc=82.4%, lr=2.5e-04]
Epoch 24/80 [Train]:  84%|████████▎ | 174/208 [00:07<00:01, 25.49it/s, loss=0.709, acc=82.5%, lr=2.5e-04]
Epoch 24/80 [Train]:  85%|████████▌ | 177/208 [00:07<00:01, 25.72it/s, loss=0.709, acc=82.5%, lr=2.5e-04]
Epoch 24/80 [Train]:  85%|████████▌ | 177/208 [00:07<00:01, 25.72it/s, loss=1.012, acc=82.5%, lr=2.5e-04]
Epoch 24/80 [Train]:  85%|████████▌ | 177/208 [00:07<00:01, 25.72it/s, loss=0.883, acc=82.5%, lr=2.5e-04]
Epoch 24/80 [Train]:  85%|████████▌ | 177/208 [00:07<00:01, 25.72it/s, loss=0.903, acc=82.5%, lr=2.5e-04]
Epoch 24/80 [Train]:  87%|████████▋ | 180/208 [00:07<00:01, 25.70it/s, loss=0.903, acc=82.5%, lr=2.5e-04]
Epoch 24/80 [Train]:  87%|████████▋ | 180/208 [00:07<00:01, 25.70it/s, loss=1.119, acc=82.5%, lr=2.5e-04]
Epoch 24/80 [Train]:  87%|████████▋ | 180/208 [00:07<00:01, 25.70it/s, loss=0.893, acc=82.5%, lr=2.5e-04]
Epoch 24/80 [Train]:  87%|████████▋ | 180/208 [00:07<00:01, 25.70it/s, loss=0.926, acc=82.5%, lr=2.5e-04]
Epoch 24/80 [Train]:  88%|████████▊ | 183/208 [00:07<00:00, 25.65it/s, loss=0.926, acc=82.5%, lr=2.5e-04]
Epoch 24/80 [Train]:  88%|████████▊ | 183/208 [00:07<00:00, 25.65it/s, loss=1.023, acc=82.4%, lr=2.5e-04]
Epoch 24/80 [Train]:  88%|████████▊ | 183/208 [00:07<00:00, 25.65it/s, loss=0.919, acc=82.4%, lr=2.5e-04]
Epoch 24/80 [Train]:  88%|████████▊ | 183/208 [00:07<00:00, 25.65it/s, loss=1.135, acc=82.4%, lr=2.5e-04]
Epoch 24/80 [Train]:  89%|████████▉ | 186/208 [00:07<00:00, 25.55it/s, loss=1.135, acc=82.4%, lr=2.5e-04]
Epoch 24/80 [Train]:  89%|████████▉ | 186/208 [00:07<00:00, 25.55it/s, loss=0.874, acc=82.4%, lr=2.5e-04]
Epoch 24/80 [Train]:  89%|████████▉ | 186/208 [00:07<00:00, 25.55it/s, loss=0.769, acc=82.4%, lr=2.5e-04]
Epoch 24/80 [Train]:  89%|████████▉ | 186/208 [00:07<00:00, 25.55it/s, loss=0.954, acc=82.4%, lr=2.5e-04]
Epoch 24/80 [Train]:  91%|█████████ | 189/208 [00:07<00:00, 25.70it/s, loss=0.954, acc=82.4%, lr=2.5e-04]
Epoch 24/80 [Train]:  91%|█████████ | 189/208 [00:07<00:00, 25.70it/s, loss=0.908, acc=82.4%, lr=2.5e-04]
Epoch 24/80 [Train]:  91%|█████████ | 189/208 [00:07<00:00, 25.70it/s, loss=0.900, acc=82.4%, lr=2.5e-04]
Epoch 24/80 [Train]:  91%|█████████ | 189/208 [00:07<00:00, 25.70it/s, loss=0.859, acc=82.4%, lr=2.5e-04]
Epoch 24/80 [Train]:  92%|█████████▏| 192/208 [00:07<00:00, 25.52it/s, loss=0.859, acc=82.4%, lr=2.5e-04]
Epoch 24/80 [Train]:  92%|█████████▏| 192/208 [00:07<00:00, 25.52it/s, loss=0.913, acc=82.3%, lr=2.5e-04]
Epoch 24/80 [Train]:  92%|█████████▏| 192/208 [00:07<00:00, 25.52it/s, loss=0.898, acc=82.4%, lr=2.5e-04]
Epoch 24/80 [Train]:  92%|█████████▏| 192/208 [00:07<00:00, 25.52it/s, loss=0.890, acc=82.4%, lr=2.5e-04]
Epoch 24/80 [Train]:  94%|█████████▍| 195/208 [00:07<00:00, 25.38it/s, loss=0.890, acc=82.4%, lr=2.5e-04]
Epoch 24/80 [Train]:  94%|█████████▍| 195/208 [00:07<00:00, 25.38it/s, loss=0.793, acc=82.4%, lr=2.5e-04]
Epoch 24/80 [Train]:  94%|█████████▍| 195/208 [00:07<00:00, 25.38it/s, loss=0.801, acc=82.4%, lr=2.5e-04]
Epoch 24/80 [Train]:  94%|█████████▍| 195/208 [00:07<00:00, 25.38it/s, loss=1.192, acc=82.4%, lr=2.5e-04]
Epoch 24/80 [Train]:  95%|█████████▌| 198/208 [00:07<00:00, 25.01it/s, loss=1.192, acc=82.4%, lr=2.5e-04]
Epoch 24/80 [Train]:  95%|█████████▌| 198/208 [00:07<00:00, 25.01it/s, loss=1.084, acc=82.3%, lr=2.5e-04]
Epoch 24/80 [Train]:  95%|█████████▌| 198/208 [00:07<00:00, 25.01it/s, loss=0.997, acc=82.3%, lr=2.5e-04]
Epoch 24/80 [Train]:  95%|█████████▌| 198/208 [00:07<00:00, 25.01it/s, loss=0.851, acc=82.3%, lr=2.5e-04]
Epoch 24/80 [Train]:  97%|█████████▋| 201/208 [00:07<00:00, 25.09it/s, loss=0.851, acc=82.3%, lr=2.5e-04]
Epoch 24/80 [Train]:  97%|█████████▋| 201/208 [00:07<00:00, 25.09it/s, loss=0.713, acc=82.3%, lr=2.5e-04]
Epoch 24/80 [Train]:  97%|█████████▋| 201/208 [00:08<00:00, 25.09it/s, loss=0.876, acc=82.3%, lr=2.5e-04]
Epoch 24/80 [Train]:  97%|█████████▋| 201/208 [00:08<00:00, 25.09it/s, loss=1.110, acc=82.3%, lr=2.5e-04]
Epoch 24/80 [Train]:  98%|█████████▊| 204/208 [00:08<00:00, 25.22it/s, loss=1.110, acc=82.3%, lr=2.5e-04]
Epoch 24/80 [Train]:  98%|█████████▊| 204/208 [00:08<00:00, 25.22it/s, loss=0.914, acc=82.3%, lr=2.5e-04]
Epoch 24/80 [Train]:  98%|█████████▊| 204/208 [00:08<00:00, 25.22it/s, loss=0.831, acc=82.3%, lr=2.5e-04]
Epoch 24/80 [Train]:  98%|█████████▊| 204/208 [00:08<00:00, 25.22it/s, loss=0.845, acc=82.4%, lr=2.5e-04]
Epoch 24/80 [Train]: 100%|█████████▉| 207/208 [00:08<00:00, 25.20it/s, loss=0.845, acc=82.4%, lr=2.5e-04]
Epoch 24/80 [Train]: 100%|█████████▉| 207/208 [00:08<00:00, 25.20it/s, loss=1.155, acc=82.4%, lr=2.5e-04]
Epoch 24/80 [Train]: 100%|██████████| 208/208 [00:08<00:00, 25.34it/s, loss=1.155, acc=82.4%, lr=2.5e-04]

[2026-08-17 01:21:25] [EPOCH 24 SUMMARY]
  Train: Loss = 0.8983 | Top-1 Acc =  82.38%
  Val:   Top-1 Acc =   8.64% | Top-3 =  29.96% | Top-5 =  43.94%
         APL = 11.34 dB | Profile MAE =  2.19 dB (Rank Corr: 0.495)
  Time:  Epoch = 8.2s (Val Eval: 2.1s) | Total Elapsed = 00h:03m:29s | ETA: 00h:08m:09s
  -> [INFO] No improvement for 16/12 epochs (Best: 15.65%)

[2026-08-17 01:21:26] >>> [EPOCH 25/80] Training Started <<<

Epoch 25/80 [Train]:   0%|          | 0/208 [00:00<?, ?it/s]
Epoch 25/80 [Train]:   0%|          | 0/208 [00:00<?, ?it/s, loss=0.927, acc=84.4%, lr=2.5e-04]
Epoch 25/80 [Train]:   0%|          | 0/208 [00:00<?, ?it/s, loss=0.906, acc=84.4%, lr=2.5e-04]
Epoch 25/80 [Train]:   0%|          | 0/208 [00:00<?, ?it/s, loss=1.008, acc=83.3%, lr=2.5e-04]
Epoch 25/80 [Train]:   1%|▏         | 3/208 [00:00<00:08, 24.79it/s, loss=1.008, acc=83.3%, lr=2.5e-04]
Epoch 25/80 [Train]:   1%|▏         | 3/208 [00:00<00:08, 24.79it/s, loss=0.810, acc=85.2%, lr=2.5e-04]
Epoch 25/80 [Train]:   1%|▏         | 3/208 [00:00<00:08, 24.79it/s, loss=0.718, acc=85.6%, lr=2.5e-04]
Epoch 25/80 [Train]:   1%|▏         | 3/208 [00:00<00:08, 24.79it/s, loss=0.882, acc=84.9%, lr=2.5e-04]
Epoch 25/80 [Train]:   3%|▎         | 6/208 [00:00<00:08, 24.65it/s, loss=0.882, acc=84.9%, lr=2.5e-04]
Epoch 25/80 [Train]:   3%|▎         | 6/208 [00:00<00:08, 24.65it/s, loss=0.819, acc=84.2%, lr=2.5e-04]
Epoch 25/80 [Train]:   3%|▎         | 6/208 [00:00<00:08, 24.65it/s, loss=0.858, acc=84.6%, lr=2.5e-04]
Epoch 25/80 [Train]:   3%|▎         | 6/208 [00:00<00:08, 24.65it/s, loss=0.851, acc=83.9%, lr=2.5e-04]
Epoch 25/80 [Train]:   4%|▍         | 9/208 [00:00<00:07, 24.99it/s, loss=0.851, acc=83.9%, lr=2.5e-04]
Epoch 25/80 [Train]:   4%|▍         | 9/208 [00:00<00:07, 24.99it/s, loss=0.840, acc=83.9%, lr=2.5e-04]
Epoch 25/80 [Train]:   4%|▍         | 9/208 [00:00<00:07, 24.99it/s, loss=0.873, acc=83.7%, lr=2.5e-04]
Epoch 25/80 [Train]:   4%|▍         | 9/208 [00:00<00:07, 24.99it/s, loss=0.840, acc=83.7%, lr=2.5e-04]
Epoch 25/80 [Train]:   6%|▌         | 12/208 [00:00<00:08, 24.43it/s, loss=0.840, acc=83.7%, lr=2.5e-04]
Epoch 25/80 [Train]:   6%|▌         | 12/208 [00:00<00:08, 24.43it/s, loss=0.926, acc=83.2%, lr=2.5e-04]
Epoch 25/80 [Train]:   6%|▌         | 12/208 [00:00<00:08, 24.43it/s, loss=0.783, acc=83.3%, lr=2.5e-04]
Epoch 25/80 [Train]:   6%|▌         | 12/208 [00:00<00:08, 24.43it/s, loss=0.807, acc=83.8%, lr=2.5e-04]
Epoch 25/80 [Train]:   7%|▋         | 15/208 [00:00<00:07, 24.72it/s, loss=0.807, acc=83.8%, lr=2.5e-04]
Epoch 25/80 [Train]:   7%|▋         | 15/208 [00:00<00:07, 24.72it/s, loss=0.831, acc=83.8%, lr=2.5e-04]
Epoch 25/80 [Train]:   7%|▋         | 15/208 [00:00<00:07, 24.72it/s, loss=0.737, acc=83.9%, lr=2.5e-04]
Epoch 25/80 [Train]:   7%|▋         | 15/208 [00:00<00:07, 24.72it/s, loss=0.808, acc=84.2%, lr=2.5e-04]
Epoch 25/80 [Train]:   9%|▊         | 18/208 [00:00<00:07, 24.98it/s, loss=0.808, acc=84.2%, lr=2.5e-04]
Epoch 25/80 [Train]:   9%|▊         | 18/208 [00:00<00:07, 24.98it/s, loss=0.744, acc=84.5%, lr=2.5e-04]
Epoch 25/80 [Train]:   9%|▊         | 18/208 [00:00<00:07, 24.98it/s, loss=0.966, acc=84.3%, lr=2.5e-04]
Epoch 25/80 [Train]:   9%|▊         | 18/208 [00:00<00:07, 24.98it/s, loss=0.853, acc=84.1%, lr=2.5e-04]
Epoch 25/80 [Train]:  10%|█         | 21/208 [00:00<00:07, 25.06it/s, loss=0.853, acc=84.1%, lr=2.5e-04]
Epoch 25/80 [Train]:  10%|█         | 21/208 [00:00<00:07, 25.06it/s, loss=0.904, acc=83.9%, lr=2.5e-04]
Epoch 25/80 [Train]:  10%|█         | 21/208 [00:00<00:07, 25.06it/s, loss=0.710, acc=84.3%, lr=2.5e-04]
Epoch 25/80 [Train]:  10%|█         | 21/208 [00:00<00:07, 25.06it/s, loss=0.863, acc=84.2%, lr=2.5e-04]
Epoch 25/80 [Train]:  12%|█▏        | 24/208 [00:00<00:07, 25.05it/s, loss=0.863, acc=84.2%, lr=2.5e-04]
Epoch 25/80 [Train]:  12%|█▏        | 24/208 [00:01<00:07, 25.05it/s, loss=0.828, acc=84.3%, lr=2.5e-04]
Epoch 25/80 [Train]:  12%|█▏        | 24/208 [00:01<00:07, 25.05it/s, loss=0.806, acc=84.6%, lr=2.5e-04]
Epoch 25/80 [Train]:  12%|█▏        | 24/208 [00:01<00:07, 25.05it/s, loss=0.891, acc=84.4%, lr=2.5e-04]
Epoch 25/80 [Train]:  13%|█▎        | 27/208 [00:01<00:07, 25.02it/s, loss=0.891, acc=84.4%, lr=2.5e-04]
Epoch 25/80 [Train]:  13%|█▎        | 27/208 [00:01<00:07, 25.02it/s, loss=0.880, acc=84.4%, lr=2.5e-04]
Epoch 25/80 [Train]:  13%|█▎        | 27/208 [00:01<00:07, 25.02it/s, loss=0.902, acc=84.4%, lr=2.5e-04]
Epoch 25/80 [Train]:  13%|█▎        | 27/208 [00:01<00:07, 25.02it/s, loss=0.709, acc=84.5%, lr=2.5e-04]
Epoch 25/80 [Train]:  14%|█▍        | 30/208 [00:01<00:07, 25.15it/s, loss=0.709, acc=84.5%, lr=2.5e-04]
Epoch 25/80 [Train]:  14%|█▍        | 30/208 [00:01<00:07, 25.15it/s, loss=0.873, acc=84.6%, lr=2.5e-04]
Epoch 25/80 [Train]:  14%|█▍        | 30/208 [00:01<00:07, 25.15it/s, loss=0.868, acc=84.6%, lr=2.5e-04]
Epoch 25/80 [Train]:  14%|█▍        | 30/208 [00:01<00:07, 25.15it/s, loss=0.813, acc=84.7%, lr=2.5e-04]
Epoch 25/80 [Train]:  16%|█▌        | 33/208 [00:01<00:06, 25.23it/s, loss=0.813, acc=84.7%, lr=2.5e-04]
Epoch 25/80 [Train]:  16%|█▌        | 33/208 [00:01<00:06, 25.23it/s, loss=0.774, acc=84.7%, lr=2.5e-04]
Epoch 25/80 [Train]:  16%|█▌        | 33/208 [00:01<00:06, 25.23it/s, loss=0.996, acc=84.8%, lr=2.5e-04]
Epoch 25/80 [Train]:  16%|█▌        | 33/208 [00:01<00:06, 25.23it/s, loss=0.903, acc=84.7%, lr=2.5e-04]
Epoch 25/80 [Train]:  17%|█▋        | 36/208 [00:01<00:06, 25.22it/s, loss=0.903, acc=84.7%, lr=2.5e-04]
Epoch 25/80 [Train]:  17%|█▋        | 36/208 [00:01<00:06, 25.22it/s, loss=0.831, acc=84.7%, lr=2.5e-04]
Epoch 25/80 [Train]:  17%|█▋        | 36/208 [00:01<00:06, 25.22it/s, loss=0.777, acc=84.6%, lr=2.5e-04]
Epoch 25/80 [Train]:  17%|█▋        | 36/208 [00:01<00:06, 25.22it/s, loss=0.794, acc=84.5%, lr=2.5e-04]
Epoch 25/80 [Train]:  19%|█▉        | 39/208 [00:01<00:06, 25.38it/s, loss=0.794, acc=84.5%, lr=2.5e-04]
Epoch 25/80 [Train]:  19%|█▉        | 39/208 [00:01<00:06, 25.38it/s, loss=0.926, acc=84.5%, lr=2.5e-04]
Epoch 25/80 [Train]:  19%|█▉        | 39/208 [00:01<00:06, 25.38it/s, loss=0.883, acc=84.4%, lr=2.5e-04]
Epoch 25/80 [Train]:  19%|█▉        | 39/208 [00:01<00:06, 25.38it/s, loss=0.963, acc=84.6%, lr=2.5e-04]
Epoch 25/80 [Train]:  20%|██        | 42/208 [00:01<00:06, 25.33it/s, loss=0.963, acc=84.6%, lr=2.5e-04]
Epoch 25/80 [Train]:  20%|██        | 42/208 [00:01<00:06, 25.33it/s, loss=1.182, acc=84.3%, lr=2.5e-04]
Epoch 25/80 [Train]:  20%|██        | 42/208 [00:01<00:06, 25.33it/s, loss=0.909, acc=84.3%, lr=2.5e-04]
Epoch 25/80 [Train]:  20%|██        | 42/208 [00:01<00:06, 25.33it/s, loss=0.708, acc=84.5%, lr=2.5e-04]
Epoch 25/80 [Train]:  22%|██▏       | 45/208 [00:01<00:06, 25.50it/s, loss=0.708, acc=84.5%, lr=2.5e-04]
Epoch 25/80 [Train]:  22%|██▏       | 45/208 [00:01<00:06, 25.50it/s, loss=0.832, acc=84.4%, lr=2.5e-04]
Epoch 25/80 [Train]:  22%|██▏       | 45/208 [00:01<00:06, 25.50it/s, loss=0.849, acc=84.4%, lr=2.5e-04]
Epoch 25/80 [Train]:  22%|██▏       | 45/208 [00:01<00:06, 25.50it/s, loss=0.938, acc=84.3%, lr=2.5e-04]
Epoch 25/80 [Train]:  23%|██▎       | 48/208 [00:01<00:06, 25.51it/s, loss=0.938, acc=84.3%, lr=2.5e-04]
Epoch 25/80 [Train]:  23%|██▎       | 48/208 [00:01<00:06, 25.51it/s, loss=0.939, acc=84.2%, lr=2.5e-04]
Epoch 25/80 [Train]:  23%|██▎       | 48/208 [00:01<00:06, 25.51it/s, loss=0.872, acc=84.3%, lr=2.5e-04]
Epoch 25/80 [Train]:  23%|██▎       | 48/208 [00:02<00:06, 25.51it/s, loss=0.969, acc=84.2%, lr=2.5e-04]
Epoch 25/80 [Train]:  25%|██▍       | 51/208 [00:02<00:06, 25.67it/s, loss=0.969, acc=84.2%, lr=2.5e-04]
Epoch 25/80 [Train]:  25%|██▍       | 51/208 [00:02<00:06, 25.67it/s, loss=0.852, acc=84.2%, lr=2.5e-04]
Epoch 25/80 [Train]:  25%|██▍       | 51/208 [00:02<00:06, 25.67it/s, loss=0.814, acc=84.3%, lr=2.5e-04]
Epoch 25/80 [Train]:  25%|██▍       | 51/208 [00:02<00:06, 25.67it/s, loss=0.732, acc=84.3%, lr=2.5e-04]
Epoch 25/80 [Train]:  26%|██▌       | 54/208 [00:02<00:05, 25.69it/s, loss=0.732, acc=84.3%, lr=2.5e-04]
Epoch 25/80 [Train]:  26%|██▌       | 54/208 [00:02<00:05, 25.69it/s, loss=0.838, acc=84.3%, lr=2.5e-04]
Epoch 25/80 [Train]:  26%|██▌       | 54/208 [00:02<00:05, 25.69it/s, loss=0.808, acc=84.4%, lr=2.5e-04]
Epoch 25/80 [Train]:  26%|██▌       | 54/208 [00:02<00:05, 25.69it/s, loss=0.811, acc=84.4%, lr=2.5e-04]
Epoch 25/80 [Train]:  27%|██▋       | 57/208 [00:02<00:05, 25.49it/s, loss=0.811, acc=84.4%, lr=2.5e-04]
Epoch 25/80 [Train]:  27%|██▋       | 57/208 [00:02<00:05, 25.49it/s, loss=0.705, acc=84.5%, lr=2.5e-04]
Epoch 25/80 [Train]:  27%|██▋       | 57/208 [00:02<00:05, 25.49it/s, loss=0.816, acc=84.5%, lr=2.5e-04]
Epoch 25/80 [Train]:  27%|██▋       | 57/208 [00:02<00:05, 25.49it/s, loss=0.846, acc=84.4%, lr=2.5e-04]
Epoch 25/80 [Train]:  29%|██▉       | 60/208 [00:02<00:05, 25.58it/s, loss=0.846, acc=84.4%, lr=2.5e-04]
Epoch 25/80 [Train]:  29%|██▉       | 60/208 [00:02<00:05, 25.58it/s, loss=0.803, acc=84.4%, lr=2.5e-04]
Epoch 25/80 [Train]:  29%|██▉       | 60/208 [00:02<00:05, 25.58it/s, loss=0.767, acc=84.4%, lr=2.5e-04]
Epoch 25/80 [Train]:  29%|██▉       | 60/208 [00:02<00:05, 25.58it/s, loss=0.799, acc=84.4%, lr=2.5e-04]
Epoch 25/80 [Train]:  30%|███       | 63/208 [00:02<00:05, 25.08it/s, loss=0.799, acc=84.4%, lr=2.5e-04]
Epoch 25/80 [Train]:  30%|███       | 63/208 [00:02<00:05, 25.08it/s, loss=0.948, acc=84.3%, lr=2.5e-04]
Epoch 25/80 [Train]:  30%|███       | 63/208 [00:02<00:05, 25.08it/s, loss=0.874, acc=84.1%, lr=2.5e-04]
Epoch 25/80 [Train]:  30%|███       | 63/208 [00:02<00:05, 25.08it/s, loss=0.820, acc=84.1%, lr=2.5e-04]
Epoch 25/80 [Train]:  32%|███▏      | 66/208 [00:02<00:05, 25.44it/s, loss=0.820, acc=84.1%, lr=2.5e-04]
Epoch 25/80 [Train]:  32%|███▏      | 66/208 [00:02<00:05, 25.44it/s, loss=0.864, acc=84.1%, lr=2.5e-04]
Epoch 25/80 [Train]:  32%|███▏      | 66/208 [00:02<00:05, 25.44it/s, loss=0.869, acc=84.0%, lr=2.5e-04]
Epoch 25/80 [Train]:  32%|███▏      | 66/208 [00:02<00:05, 25.44it/s, loss=0.769, acc=84.1%, lr=2.5e-04]
Epoch 25/80 [Train]:  33%|███▎      | 69/208 [00:02<00:05, 25.32it/s, loss=0.769, acc=84.1%, lr=2.5e-04]
Epoch 25/80 [Train]:  33%|███▎      | 69/208 [00:02<00:05, 25.32it/s, loss=0.827, acc=84.0%, lr=2.5e-04]
Epoch 25/80 [Train]:  33%|███▎      | 69/208 [00:02<00:05, 25.32it/s, loss=0.736, acc=84.1%, lr=2.5e-04]
Epoch 25/80 [Train]:  33%|███▎      | 69/208 [00:02<00:05, 25.32it/s, loss=0.849, acc=84.1%, lr=2.5e-04]
Epoch 25/80 [Train]:  35%|███▍      | 72/208 [00:02<00:05, 25.40it/s, loss=0.849, acc=84.1%, lr=2.5e-04]
Epoch 25/80 [Train]:  35%|███▍      | 72/208 [00:02<00:05, 25.40it/s, loss=1.005, acc=84.0%, lr=2.5e-04]
Epoch 25/80 [Train]:  35%|███▍      | 72/208 [00:02<00:05, 25.40it/s, loss=0.812, acc=84.1%, lr=2.5e-04]
Epoch 25/80 [Train]:  35%|███▍      | 72/208 [00:02<00:05, 25.40it/s, loss=0.908, acc=84.1%, lr=2.5e-04]
Epoch 25/80 [Train]:  36%|███▌      | 75/208 [00:02<00:05, 25.40it/s, loss=0.908, acc=84.1%, lr=2.5e-04]
Epoch 25/80 [Train]:  36%|███▌      | 75/208 [00:03<00:05, 25.40it/s, loss=0.785, acc=84.2%, lr=2.5e-04]
Epoch 25/80 [Train]:  36%|███▌      | 75/208 [00:03<00:05, 25.40it/s, loss=0.969, acc=84.1%, lr=2.5e-04]
Epoch 25/80 [Train]:  36%|███▌      | 75/208 [00:03<00:05, 25.40it/s, loss=0.869, acc=84.1%, lr=2.5e-04]
Epoch 25/80 [Train]:  38%|███▊      | 78/208 [00:03<00:05, 25.26it/s, loss=0.869, acc=84.1%, lr=2.5e-04]
Epoch 25/80 [Train]:  38%|███▊      | 78/208 [00:03<00:05, 25.26it/s, loss=0.867, acc=84.0%, lr=2.5e-04]
Epoch 25/80 [Train]:  38%|███▊      | 78/208 [00:03<00:05, 25.26it/s, loss=0.972, acc=83.9%, lr=2.5e-04]
Epoch 25/80 [Train]:  38%|███▊      | 78/208 [00:03<00:05, 25.26it/s, loss=0.869, acc=83.9%, lr=2.5e-04]
Epoch 25/80 [Train]:  39%|███▉      | 81/208 [00:03<00:05, 25.28it/s, loss=0.869, acc=83.9%, lr=2.5e-04]
Epoch 25/80 [Train]:  39%|███▉      | 81/208 [00:03<00:05, 25.28it/s, loss=0.801, acc=83.9%, lr=2.5e-04]
Epoch 25/80 [Train]:  39%|███▉      | 81/208 [00:03<00:05, 25.28it/s, loss=0.921, acc=83.8%, lr=2.5e-04]
Epoch 25/80 [Train]:  39%|███▉      | 81/208 [00:03<00:05, 25.28it/s, loss=0.732, acc=83.9%, lr=2.5e-04]
Epoch 25/80 [Train]:  40%|████      | 84/208 [00:03<00:04, 25.41it/s, loss=0.732, acc=83.9%, lr=2.5e-04]
Epoch 25/80 [Train]:  40%|████      | 84/208 [00:03<00:04, 25.41it/s, loss=0.853, acc=83.9%, lr=2.5e-04]
Epoch 25/80 [Train]:  40%|████      | 84/208 [00:03<00:04, 25.41it/s, loss=0.712, acc=84.0%, lr=2.5e-04]
Epoch 25/80 [Train]:  40%|████      | 84/208 [00:03<00:04, 25.41it/s, loss=0.832, acc=83.9%, lr=2.5e-04]
Epoch 25/80 [Train]:  42%|████▏     | 87/208 [00:03<00:04, 25.52it/s, loss=0.832, acc=83.9%, lr=2.5e-04]
Epoch 25/80 [Train]:  42%|████▏     | 87/208 [00:03<00:04, 25.52it/s, loss=0.876, acc=84.0%, lr=2.5e-04]
Epoch 25/80 [Train]:  42%|████▏     | 87/208 [00:03<00:04, 25.52it/s, loss=0.962, acc=83.8%, lr=2.5e-04]
Epoch 25/80 [Train]:  42%|████▏     | 87/208 [00:03<00:04, 25.52it/s, loss=0.803, acc=83.8%, lr=2.5e-04]
Epoch 25/80 [Train]:  43%|████▎     | 90/208 [00:03<00:04, 25.37it/s, loss=0.803, acc=83.8%, lr=2.5e-04]
Epoch 25/80 [Train]:  43%|████▎     | 90/208 [00:03<00:04, 25.37it/s, loss=0.731, acc=83.8%, lr=2.5e-04]
Epoch 25/80 [Train]:  43%|████▎     | 90/208 [00:03<00:04, 25.37it/s, loss=0.899, acc=83.7%, lr=2.5e-04]
Epoch 25/80 [Train]:  43%|████▎     | 90/208 [00:03<00:04, 25.37it/s, loss=0.792, acc=83.9%, lr=2.5e-04]
Epoch 25/80 [Train]:  45%|████▍     | 93/208 [00:03<00:04, 25.25it/s, loss=0.792, acc=83.9%, lr=2.5e-04]
Epoch 25/80 [Train]:  45%|████▍     | 93/208 [00:03<00:04, 25.25it/s, loss=0.770, acc=83.8%, lr=2.5e-04]
Epoch 25/80 [Train]:  45%|████▍     | 93/208 [00:03<00:04, 25.25it/s, loss=0.935, acc=83.9%, lr=2.5e-04]
Epoch 25/80 [Train]:  45%|████▍     | 93/208 [00:03<00:04, 25.25it/s, loss=0.997, acc=83.9%, lr=2.5e-04]
Epoch 25/80 [Train]:  46%|████▌     | 96/208 [00:03<00:04, 25.00it/s, loss=0.997, acc=83.9%, lr=2.5e-04]
Epoch 25/80 [Train]:  46%|████▌     | 96/208 [00:03<00:04, 25.00it/s, loss=0.717, acc=83.9%, lr=2.5e-04]
Epoch 25/80 [Train]:  46%|████▌     | 96/208 [00:03<00:04, 25.00it/s, loss=0.817, acc=83.8%, lr=2.5e-04]
Epoch 25/80 [Train]:  46%|████▌     | 96/208 [00:03<00:04, 25.00it/s, loss=0.792, acc=83.8%, lr=2.5e-04]
Epoch 25/80 [Train]:  48%|████▊     | 99/208 [00:03<00:04, 24.72it/s, loss=0.792, acc=83.8%, lr=2.5e-04]
Epoch 25/80 [Train]:  48%|████▊     | 99/208 [00:03<00:04, 24.72it/s, loss=1.013, acc=83.8%, lr=2.5e-04]
Epoch 25/80 [Train]:  48%|████▊     | 99/208 [00:04<00:04, 24.72it/s, loss=0.748, acc=83.8%, lr=2.5e-04]
Epoch 25/80 [Train]:  48%|████▊     | 99/208 [00:04<00:04, 24.72it/s, loss=1.159, acc=83.7%, lr=2.5e-04]
Epoch 25/80 [Train]:  49%|████▉     | 102/208 [00:04<00:04, 24.66it/s, loss=1.159, acc=83.7%, lr=2.5e-04]
Epoch 25/80 [Train]:  49%|████▉     | 102/208 [00:04<00:04, 24.66it/s, loss=0.873, acc=83.7%, lr=2.5e-04]
Epoch 25/80 [Train]:  49%|████▉     | 102/208 [00:04<00:04, 24.66it/s, loss=0.872, acc=83.7%, lr=2.5e-04]
Epoch 25/80 [Train]:  49%|████▉     | 102/208 [00:04<00:04, 24.66it/s, loss=0.962, acc=83.7%, lr=2.5e-04]
Epoch 25/80 [Train]:  50%|█████     | 105/208 [00:04<00:04, 23.59it/s, loss=0.962, acc=83.7%, lr=2.5e-04]
Epoch 25/80 [Train]:  50%|█████     | 105/208 [00:04<00:04, 23.59it/s, loss=0.839, acc=83.7%, lr=2.5e-04]
Epoch 25/80 [Train]:  50%|█████     | 105/208 [00:04<00:04, 23.59it/s, loss=0.943, acc=83.7%, lr=2.5e-04]
Epoch 25/80 [Train]:  50%|█████     | 105/208 [00:04<00:04, 23.59it/s, loss=0.750, acc=83.7%, lr=2.5e-04]
Epoch 25/80 [Train]:  52%|█████▏    | 108/208 [00:04<00:04, 23.90it/s, loss=0.750, acc=83.7%, lr=2.5e-04]
Epoch 25/80 [Train]:  52%|█████▏    | 108/208 [00:04<00:04, 23.90it/s, loss=0.911, acc=83.7%, lr=2.5e-04]
Epoch 25/80 [Train]:  52%|█████▏    | 108/208 [00:04<00:04, 23.90it/s, loss=0.870, acc=83.7%, lr=2.5e-04]
Epoch 25/80 [Train]:  52%|█████▏    | 108/208 [00:04<00:04, 23.90it/s, loss=1.115, acc=83.6%, lr=2.5e-04]
Epoch 25/80 [Train]:  53%|█████▎    | 111/208 [00:04<00:04, 24.23it/s, loss=1.115, acc=83.6%, lr=2.5e-04]
Epoch 25/80 [Train]:  53%|█████▎    | 111/208 [00:04<00:04, 24.23it/s, loss=0.933, acc=83.6%, lr=2.5e-04]
Epoch 25/80 [Train]:  53%|█████▎    | 111/208 [00:04<00:04, 24.23it/s, loss=0.854, acc=83.6%, lr=2.5e-04]
Epoch 25/80 [Train]:  53%|█████▎    | 111/208 [00:04<00:04, 24.23it/s, loss=1.005, acc=83.5%, lr=2.5e-04]
Epoch 25/80 [Train]:  55%|█████▍    | 114/208 [00:04<00:03, 24.56it/s, loss=1.005, acc=83.5%, lr=2.5e-04]
Epoch 25/80 [Train]:  55%|█████▍    | 114/208 [00:04<00:03, 24.56it/s, loss=0.979, acc=83.5%, lr=2.5e-04]
Epoch 25/80 [Train]:  55%|█████▍    | 114/208 [00:04<00:03, 24.56it/s, loss=1.117, acc=83.4%, lr=2.5e-04]
Epoch 25/80 [Train]:  55%|█████▍    | 114/208 [00:04<00:03, 24.56it/s, loss=0.735, acc=83.4%, lr=2.5e-04]
Epoch 25/80 [Train]:  56%|█████▋    | 117/208 [00:04<00:03, 24.79it/s, loss=0.735, acc=83.4%, lr=2.5e-04]
Epoch 25/80 [Train]:  56%|█████▋    | 117/208 [00:04<00:03, 24.79it/s, loss=0.889, acc=83.4%, lr=2.5e-04]
Epoch 25/80 [Train]:  56%|█████▋    | 117/208 [00:04<00:03, 24.79it/s, loss=0.874, acc=83.4%, lr=2.5e-04]
Epoch 25/80 [Train]:  56%|█████▋    | 117/208 [00:04<00:03, 24.79it/s, loss=0.982, acc=83.3%, lr=2.5e-04]
Epoch 25/80 [Train]:  58%|█████▊    | 120/208 [00:04<00:03, 24.95it/s, loss=0.982, acc=83.3%, lr=2.5e-04]
Epoch 25/80 [Train]:  58%|█████▊    | 120/208 [00:04<00:03, 24.95it/s, loss=0.704, acc=83.3%, lr=2.5e-04]
Epoch 25/80 [Train]:  58%|█████▊    | 120/208 [00:04<00:03, 24.95it/s, loss=0.961, acc=83.3%, lr=2.5e-04]
Epoch 25/80 [Train]:  58%|█████▊    | 120/208 [00:04<00:03, 24.95it/s, loss=0.790, acc=83.3%, lr=2.5e-04]
Epoch 25/80 [Train]:  59%|█████▉    | 123/208 [00:04<00:03, 25.26it/s, loss=0.790, acc=83.3%, lr=2.5e-04]
Epoch 25/80 [Train]:  59%|█████▉    | 123/208 [00:04<00:03, 25.26it/s, loss=0.892, acc=83.4%, lr=2.5e-04]
Epoch 25/80 [Train]:  59%|█████▉    | 123/208 [00:04<00:03, 25.26it/s, loss=0.949, acc=83.3%, lr=2.5e-04]
Epoch 25/80 [Train]:  59%|█████▉    | 123/208 [00:05<00:03, 25.26it/s, loss=0.901, acc=83.3%, lr=2.5e-04]
Epoch 25/80 [Train]:  61%|██████    | 126/208 [00:05<00:03, 25.33it/s, loss=0.901, acc=83.3%, lr=2.5e-04]
Epoch 25/80 [Train]:  61%|██████    | 126/208 [00:05<00:03, 25.33it/s, loss=0.926, acc=83.3%, lr=2.5e-04]
Epoch 25/80 [Train]:  61%|██████    | 126/208 [00:05<00:03, 25.33it/s, loss=0.783, acc=83.3%, lr=2.5e-04]
Epoch 25/80 [Train]:  61%|██████    | 126/208 [00:05<00:03, 25.33it/s, loss=0.858, acc=83.3%, lr=2.5e-04]
Epoch 25/80 [Train]:  62%|██████▏   | 129/208 [00:05<00:03, 25.05it/s, loss=0.858, acc=83.3%, lr=2.5e-04]
Epoch 25/80 [Train]:  62%|██████▏   | 129/208 [00:05<00:03, 25.05it/s, loss=0.948, acc=83.4%, lr=2.5e-04]
Epoch 25/80 [Train]:  62%|██████▏   | 129/208 [00:05<00:03, 25.05it/s, loss=0.827, acc=83.4%, lr=2.5e-04]
Epoch 25/80 [Train]:  62%|██████▏   | 129/208 [00:05<00:03, 25.05it/s, loss=0.981, acc=83.4%, lr=2.5e-04]
Epoch 25/80 [Train]:  63%|██████▎   | 132/208 [00:05<00:03, 24.93it/s, loss=0.981, acc=83.4%, lr=2.5e-04]
Epoch 25/80 [Train]:  63%|██████▎   | 132/208 [00:05<00:03, 24.93it/s, loss=0.809, acc=83.4%, lr=2.5e-04]
Epoch 25/80 [Train]:  63%|██████▎   | 132/208 [00:05<00:03, 24.93it/s, loss=0.870, acc=83.4%, lr=2.5e-04]
Epoch 25/80 [Train]:  63%|██████▎   | 132/208 [00:05<00:03, 24.93it/s, loss=1.107, acc=83.4%, lr=2.5e-04]
Epoch 25/80 [Train]:  65%|██████▍   | 135/208 [00:05<00:02, 24.69it/s, loss=1.107, acc=83.4%, lr=2.5e-04]
Epoch 25/80 [Train]:  65%|██████▍   | 135/208 [00:05<00:02, 24.69it/s, loss=0.835, acc=83.4%, lr=2.5e-04]
Epoch 25/80 [Train]:  65%|██████▍   | 135/208 [00:05<00:02, 24.69it/s, loss=0.879, acc=83.4%, lr=2.5e-04]
Epoch 25/80 [Train]:  65%|██████▍   | 135/208 [00:05<00:02, 24.69it/s, loss=0.907, acc=83.4%, lr=2.5e-04]
Epoch 25/80 [Train]:  66%|██████▋   | 138/208 [00:05<00:02, 24.62it/s, loss=0.907, acc=83.4%, lr=2.5e-04]
Epoch 25/80 [Train]:  66%|██████▋   | 138/208 [00:05<00:02, 24.62it/s, loss=0.808, acc=83.4%, lr=2.5e-04]
Epoch 25/80 [Train]:  66%|██████▋   | 138/208 [00:05<00:02, 24.62it/s, loss=0.747, acc=83.4%, lr=2.5e-04]
Epoch 25/80 [Train]:  66%|██████▋   | 138/208 [00:05<00:02, 24.62it/s, loss=0.736, acc=83.5%, lr=2.5e-04]
Epoch 25/80 [Train]:  68%|██████▊   | 141/208 [00:05<00:02, 24.86it/s, loss=0.736, acc=83.5%, lr=2.5e-04]
Epoch 25/80 [Train]:  68%|██████▊   | 141/208 [00:05<00:02, 24.86it/s, loss=0.971, acc=83.5%, lr=2.5e-04]
Epoch 25/80 [Train]:  68%|██████▊   | 141/208 [00:05<00:02, 24.86it/s, loss=0.838, acc=83.4%, lr=2.5e-04]
Epoch 25/80 [Train]:  68%|██████▊   | 141/208 [00:05<00:02, 24.86it/s, loss=0.866, acc=83.4%, lr=2.5e-04]
Epoch 25/80 [Train]:  69%|██████▉   | 144/208 [00:05<00:02, 25.11it/s, loss=0.866, acc=83.4%, lr=2.5e-04]
Epoch 25/80 [Train]:  69%|██████▉   | 144/208 [00:05<00:02, 25.11it/s, loss=1.117, acc=83.3%, lr=2.5e-04]
Epoch 25/80 [Train]:  69%|██████▉   | 144/208 [00:05<00:02, 25.11it/s, loss=0.986, acc=83.3%, lr=2.5e-04]
Epoch 25/80 [Train]:  69%|██████▉   | 144/208 [00:05<00:02, 25.11it/s, loss=0.761, acc=83.3%, lr=2.5e-04]
Epoch 25/80 [Train]:  71%|███████   | 147/208 [00:05<00:02, 25.27it/s, loss=0.761, acc=83.3%, lr=2.5e-04]
Epoch 25/80 [Train]:  71%|███████   | 147/208 [00:05<00:02, 25.27it/s, loss=1.086, acc=83.3%, lr=2.5e-04]
Epoch 25/80 [Train]:  71%|███████   | 147/208 [00:05<00:02, 25.27it/s, loss=0.869, acc=83.3%, lr=2.5e-04]
Epoch 25/80 [Train]:  71%|███████   | 147/208 [00:05<00:02, 25.27it/s, loss=0.950, acc=83.2%, lr=2.5e-04]
Epoch 25/80 [Train]:  72%|███████▏  | 150/208 [00:05<00:02, 24.78it/s, loss=0.950, acc=83.2%, lr=2.5e-04]
Epoch 25/80 [Train]:  72%|███████▏  | 150/208 [00:06<00:02, 24.78it/s, loss=0.921, acc=83.2%, lr=2.5e-04]
Epoch 25/80 [Train]:  72%|███████▏  | 150/208 [00:06<00:02, 24.78it/s, loss=0.898, acc=83.2%, lr=2.5e-04]
Epoch 25/80 [Train]:  72%|███████▏  | 150/208 [00:06<00:02, 24.78it/s, loss=0.994, acc=83.1%, lr=2.5e-04]
Epoch 25/80 [Train]:  74%|███████▎  | 153/208 [00:06<00:02, 24.31it/s, loss=0.994, acc=83.1%, lr=2.5e-04]
Epoch 25/80 [Train]:  74%|███████▎  | 153/208 [00:06<00:02, 24.31it/s, loss=0.973, acc=83.1%, lr=2.5e-04]
Epoch 25/80 [Train]:  74%|███████▎  | 153/208 [00:06<00:02, 24.31it/s, loss=0.898, acc=83.1%, lr=2.5e-04]
Epoch 25/80 [Train]:  74%|███████▎  | 153/208 [00:06<00:02, 24.31it/s, loss=0.888, acc=83.1%, lr=2.5e-04]
Epoch 25/80 [Train]:  75%|███████▌  | 156/208 [00:06<00:02, 24.15it/s, loss=0.888, acc=83.1%, lr=2.5e-04]
Epoch 25/80 [Train]:  75%|███████▌  | 156/208 [00:06<00:02, 24.15it/s, loss=0.632, acc=83.2%, lr=2.5e-04]
Epoch 25/80 [Train]:  75%|███████▌  | 156/208 [00:06<00:02, 24.15it/s, loss=0.948, acc=83.1%, lr=2.5e-04]
Epoch 25/80 [Train]:  75%|███████▌  | 156/208 [00:06<00:02, 24.15it/s, loss=0.933, acc=83.1%, lr=2.5e-04]
Epoch 25/80 [Train]:  76%|███████▋  | 159/208 [00:06<00:01, 24.61it/s, loss=0.933, acc=83.1%, lr=2.5e-04]
Epoch 25/80 [Train]:  76%|███████▋  | 159/208 [00:06<00:01, 24.61it/s, loss=0.943, acc=83.1%, lr=2.5e-04]
Epoch 25/80 [Train]:  76%|███████▋  | 159/208 [00:06<00:01, 24.61it/s, loss=0.936, acc=83.1%, lr=2.5e-04]
Epoch 25/80 [Train]:  76%|███████▋  | 159/208 [00:06<00:01, 24.61it/s, loss=0.808, acc=83.0%, lr=2.5e-04]
Epoch 25/80 [Train]:  78%|███████▊  | 162/208 [00:06<00:01, 24.91it/s, loss=0.808, acc=83.0%, lr=2.5e-04]
Epoch 25/80 [Train]:  78%|███████▊  | 162/208 [00:06<00:01, 24.91it/s, loss=0.893, acc=83.0%, lr=2.5e-04]
Epoch 25/80 [Train]:  78%|███████▊  | 162/208 [00:06<00:01, 24.91it/s, loss=0.914, acc=83.0%, lr=2.5e-04]
Epoch 25/80 [Train]:  78%|███████▊  | 162/208 [00:06<00:01, 24.91it/s, loss=0.901, acc=83.0%, lr=2.5e-04]
Epoch 25/80 [Train]:  79%|███████▉  | 165/208 [00:06<00:01, 25.16it/s, loss=0.901, acc=83.0%, lr=2.5e-04]
Epoch 25/80 [Train]:  79%|███████▉  | 165/208 [00:06<00:01, 25.16it/s, loss=0.954, acc=83.0%, lr=2.5e-04]
Epoch 25/80 [Train]:  79%|███████▉  | 165/208 [00:06<00:01, 25.16it/s, loss=0.892, acc=83.0%, lr=2.5e-04]
Epoch 25/80 [Train]:  79%|███████▉  | 165/208 [00:06<00:01, 25.16it/s, loss=0.914, acc=83.0%, lr=2.5e-04]
Epoch 25/80 [Train]:  81%|████████  | 168/208 [00:06<00:01, 25.32it/s, loss=0.914, acc=83.0%, lr=2.5e-04]
Epoch 25/80 [Train]:  81%|████████  | 168/208 [00:06<00:01, 25.32it/s, loss=0.839, acc=83.0%, lr=2.5e-04]
Epoch 25/80 [Train]:  81%|████████  | 168/208 [00:06<00:01, 25.32it/s, loss=0.971, acc=83.0%, lr=2.5e-04]
Epoch 25/80 [Train]:  81%|████████  | 168/208 [00:06<00:01, 25.32it/s, loss=0.751, acc=83.0%, lr=2.5e-04]
Epoch 25/80 [Train]:  82%|████████▏ | 171/208 [00:06<00:01, 25.34it/s, loss=0.751, acc=83.0%, lr=2.5e-04]
Epoch 25/80 [Train]:  82%|████████▏ | 171/208 [00:06<00:01, 25.34it/s, loss=0.990, acc=83.0%, lr=2.5e-04]
Epoch 25/80 [Train]:  82%|████████▏ | 171/208 [00:06<00:01, 25.34it/s, loss=1.032, acc=82.9%, lr=2.5e-04]
Epoch 25/80 [Train]:  82%|████████▏ | 171/208 [00:06<00:01, 25.34it/s, loss=0.852, acc=82.9%, lr=2.5e-04]
Epoch 25/80 [Train]:  84%|████████▎ | 174/208 [00:06<00:01, 25.28it/s, loss=0.852, acc=82.9%, lr=2.5e-04]
Epoch 25/80 [Train]:  84%|████████▎ | 174/208 [00:06<00:01, 25.28it/s, loss=0.888, acc=82.9%, lr=2.5e-04]
Epoch 25/80 [Train]:  84%|████████▎ | 174/208 [00:07<00:01, 25.28it/s, loss=0.926, acc=82.9%, lr=2.5e-04]
Epoch 25/80 [Train]:  84%|████████▎ | 174/208 [00:07<00:01, 25.28it/s, loss=0.755, acc=82.9%, lr=2.5e-04]
Epoch 25/80 [Train]:  85%|████████▌ | 177/208 [00:07<00:01, 25.14it/s, loss=0.755, acc=82.9%, lr=2.5e-04]
Epoch 25/80 [Train]:  85%|████████▌ | 177/208 [00:07<00:01, 25.14it/s, loss=0.989, acc=82.8%, lr=2.5e-04]
Epoch 25/80 [Train]:  85%|████████▌ | 177/208 [00:07<00:01, 25.14it/s, loss=0.847, acc=82.9%, lr=2.5e-04]
Epoch 25/80 [Train]:  85%|████████▌ | 177/208 [00:07<00:01, 25.14it/s, loss=0.973, acc=82.9%, lr=2.5e-04]
Epoch 25/80 [Train]:  87%|████████▋ | 180/208 [00:07<00:01, 25.18it/s, loss=0.973, acc=82.9%, lr=2.5e-04]
Epoch 25/80 [Train]:  87%|████████▋ | 180/208 [00:07<00:01, 25.18it/s, loss=0.847, acc=82.9%, lr=2.5e-04]
Epoch 25/80 [Train]:  87%|████████▋ | 180/208 [00:07<00:01, 25.18it/s, loss=0.932, acc=82.9%, lr=2.5e-04]
Epoch 25/80 [Train]:  87%|████████▋ | 180/208 [00:07<00:01, 25.18it/s, loss=0.783, acc=82.9%, lr=2.5e-04]
Epoch 25/80 [Train]:  88%|████████▊ | 183/208 [00:07<00:01, 24.79it/s, loss=0.783, acc=82.9%, lr=2.5e-04]
Epoch 25/80 [Train]:  88%|████████▊ | 183/208 [00:07<00:01, 24.79it/s, loss=0.883, acc=82.9%, lr=2.5e-04]
Epoch 25/80 [Train]:  88%|████████▊ | 183/208 [00:07<00:01, 24.79it/s, loss=0.755, acc=82.9%, lr=2.5e-04]
Epoch 25/80 [Train]:  88%|████████▊ | 183/208 [00:07<00:01, 24.79it/s, loss=0.875, acc=82.9%, lr=2.5e-04]
Epoch 25/80 [Train]:  89%|████████▉ | 186/208 [00:07<00:00, 24.92it/s, loss=0.875, acc=82.9%, lr=2.5e-04]
Epoch 25/80 [Train]:  89%|████████▉ | 186/208 [00:07<00:00, 24.92it/s, loss=0.920, acc=82.9%, lr=2.5e-04]
Epoch 25/80 [Train]:  89%|████████▉ | 186/208 [00:07<00:00, 24.92it/s, loss=0.925, acc=82.9%, lr=2.5e-04]
Epoch 25/80 [Train]:  89%|████████▉ | 186/208 [00:07<00:00, 24.92it/s, loss=0.724, acc=83.0%, lr=2.5e-04]
Epoch 25/80 [Train]:  91%|█████████ | 189/208 [00:07<00:00, 25.11it/s, loss=0.724, acc=83.0%, lr=2.5e-04]
Epoch 25/80 [Train]:  91%|█████████ | 189/208 [00:07<00:00, 25.11it/s, loss=0.992, acc=82.9%, lr=2.5e-04]
Epoch 25/80 [Train]:  91%|█████████ | 189/208 [00:07<00:00, 25.11it/s, loss=0.945, acc=83.0%, lr=2.5e-04]
Epoch 25/80 [Train]:  91%|█████████ | 189/208 [00:07<00:00, 25.11it/s, loss=0.767, acc=83.0%, lr=2.5e-04]
Epoch 25/80 [Train]:  92%|█████████▏| 192/208 [00:07<00:00, 25.19it/s, loss=0.767, acc=83.0%, lr=2.5e-04]
Epoch 25/80 [Train]:  92%|█████████▏| 192/208 [00:07<00:00, 25.19it/s, loss=0.892, acc=82.9%, lr=2.5e-04]
Epoch 25/80 [Train]:  92%|█████████▏| 192/208 [00:07<00:00, 25.19it/s, loss=0.899, acc=82.9%, lr=2.5e-04]
Epoch 25/80 [Train]:  92%|█████████▏| 192/208 [00:07<00:00, 25.19it/s, loss=0.921, acc=82.9%, lr=2.5e-04]
Epoch 25/80 [Train]:  94%|█████████▍| 195/208 [00:07<00:00, 24.90it/s, loss=0.921, acc=82.9%, lr=2.5e-04]
Epoch 25/80 [Train]:  94%|█████████▍| 195/208 [00:07<00:00, 24.90it/s, loss=0.935, acc=82.9%, lr=2.5e-04]
Epoch 25/80 [Train]:  94%|█████████▍| 195/208 [00:07<00:00, 24.90it/s, loss=0.781, acc=82.9%, lr=2.5e-04]
Epoch 25/80 [Train]:  94%|█████████▍| 195/208 [00:07<00:00, 24.90it/s, loss=1.016, acc=82.9%, lr=2.5e-04]
Epoch 25/80 [Train]:  95%|█████████▌| 198/208 [00:07<00:00, 24.86it/s, loss=1.016, acc=82.9%, lr=2.5e-04]
Epoch 25/80 [Train]:  95%|█████████▌| 198/208 [00:07<00:00, 24.86it/s, loss=1.074, acc=82.9%, lr=2.5e-04]
Epoch 25/80 [Train]:  95%|█████████▌| 198/208 [00:07<00:00, 24.86it/s, loss=0.624, acc=82.9%, lr=2.5e-04]
Epoch 25/80 [Train]:  95%|█████████▌| 198/208 [00:08<00:00, 24.86it/s, loss=0.688, acc=82.9%, lr=2.5e-04]
Epoch 25/80 [Train]:  97%|█████████▋| 201/208 [00:08<00:00, 25.08it/s, loss=0.688, acc=82.9%, lr=2.5e-04]
Epoch 25/80 [Train]:  97%|█████████▋| 201/208 [00:08<00:00, 25.08it/s, loss=0.813, acc=82.9%, lr=2.5e-04]
Epoch 25/80 [Train]:  97%|█████████▋| 201/208 [00:08<00:00, 25.08it/s, loss=0.914, acc=82.9%, lr=2.5e-04]
Epoch 25/80 [Train]:  97%|█████████▋| 201/208 [00:08<00:00, 25.08it/s, loss=0.872, acc=82.9%, lr=2.5e-04]
Epoch 25/80 [Train]:  98%|█████████▊| 204/208 [00:08<00:00, 24.77it/s, loss=0.872, acc=82.9%, lr=2.5e-04]
Epoch 25/80 [Train]:  98%|█████████▊| 204/208 [00:08<00:00, 24.77it/s, loss=0.922, acc=82.9%, lr=2.5e-04]
Epoch 25/80 [Train]:  98%|█████████▊| 204/208 [00:08<00:00, 24.77it/s, loss=0.904, acc=82.9%, lr=2.5e-04]
Epoch 25/80 [Train]:  98%|█████████▊| 204/208 [00:08<00:00, 24.77it/s, loss=0.820, acc=82.9%, lr=2.5e-04]
Epoch 25/80 [Train]: 100%|█████████▉| 207/208 [00:08<00:00, 24.90it/s, loss=0.820, acc=82.9%, lr=2.5e-04]
Epoch 25/80 [Train]: 100%|█████████▉| 207/208 [00:08<00:00, 24.90it/s, loss=0.796, acc=82.9%, lr=2.5e-04]
Epoch 25/80 [Train]: 100%|██████████| 208/208 [00:08<00:00, 25.08it/s, loss=0.796, acc=82.9%, lr=2.5e-04]

[2026-08-17 01:21:36] [EPOCH 25 SUMMARY]
  Train: Loss = 0.8723 | Top-1 Acc =  82.88%
  Val:   Top-1 Acc =  10.53% | Top-3 =  31.31% | Top-5 =  43.05%
         APL = 10.97 dB | Profile MAE =  2.23 dB (Rank Corr: 0.515)
  Time:  Epoch = 8.3s (Val Eval: 2.0s) | Total Elapsed = 00h:03m:37s | ETA: 00h:07m:59s
  -> [INFO] No improvement for 17/12 epochs (Best: 15.65%)

[2026-08-17 01:21:36] >>> [EPOCH 26/80] Training Started <<<

Epoch 26/80 [Train]:   0%|          | 0/208 [00:00<?, ?it/s]
Epoch 26/80 [Train]:   0%|          | 0/208 [00:00<?, ?it/s, loss=0.733, acc=90.6%, lr=2.5e-04]
Epoch 26/80 [Train]:   0%|          | 0/208 [00:00<?, ?it/s, loss=0.826, acc=86.7%, lr=2.5e-04]
Epoch 26/80 [Train]:   0%|          | 0/208 [00:00<?, ?it/s, loss=0.675, acc=87.5%, lr=2.5e-04]
Epoch 26/80 [Train]:   1%|▏         | 3/208 [00:00<00:08, 25.43it/s, loss=0.675, acc=87.5%, lr=2.5e-04]
Epoch 26/80 [Train]:   1%|▏         | 3/208 [00:00<00:08, 25.43it/s, loss=0.784, acc=88.3%, lr=2.5e-04]
Epoch 26/80 [Train]:   1%|▏         | 3/208 [00:00<00:08, 25.43it/s, loss=0.802, acc=87.5%, lr=2.5e-04]
Epoch 26/80 [Train]:   1%|▏         | 3/208 [00:00<00:08, 25.43it/s, loss=0.843, acc=86.2%, lr=2.5e-04]
Epoch 26/80 [Train]:   3%|▎         | 6/208 [00:00<00:07, 25.50it/s, loss=0.843, acc=86.2%, lr=2.5e-04]
Epoch 26/80 [Train]:   3%|▎         | 6/208 [00:00<00:07, 25.50it/s, loss=0.790, acc=86.2%, lr=2.5e-04]
Epoch 26/80 [Train]:   3%|▎         | 6/208 [00:00<00:07, 25.50it/s, loss=0.778, acc=86.3%, lr=2.5e-04]
Epoch 26/80 [Train]:   3%|▎         | 6/208 [00:00<00:07, 25.50it/s, loss=0.733, acc=86.5%, lr=2.5e-04]
Epoch 26/80 [Train]:   4%|▍         | 9/208 [00:00<00:07, 25.54it/s, loss=0.733, acc=86.5%, lr=2.5e-04]
Epoch 26/80 [Train]:   4%|▍         | 9/208 [00:00<00:07, 25.54it/s, loss=0.795, acc=85.8%, lr=2.5e-04]
Epoch 26/80 [Train]:   4%|▍         | 9/208 [00:00<00:07, 25.54it/s, loss=0.633, acc=86.5%, lr=2.5e-04]
Epoch 26/80 [Train]:   4%|▍         | 9/208 [00:00<00:07, 25.54it/s, loss=0.875, acc=86.2%, lr=2.5e-04]
Epoch 26/80 [Train]:   6%|▌         | 12/208 [00:00<00:07, 25.44it/s, loss=0.875, acc=86.2%, lr=2.5e-04]
Epoch 26/80 [Train]:   6%|▌         | 12/208 [00:00<00:07, 25.44it/s, loss=0.870, acc=86.2%, lr=2.5e-04]
Epoch 26/80 [Train]:   6%|▌         | 12/208 [00:00<00:07, 25.44it/s, loss=0.808, acc=86.0%, lr=2.5e-04]
Epoch 26/80 [Train]:   6%|▌         | 12/208 [00:00<00:07, 25.44it/s, loss=0.893, acc=85.7%, lr=2.5e-04]
Epoch 26/80 [Train]:   7%|▋         | 15/208 [00:00<00:07, 24.94it/s, loss=0.893, acc=85.7%, lr=2.5e-04]
Epoch 26/80 [Train]:   7%|▋         | 15/208 [00:00<00:07, 24.94it/s, loss=0.895, acc=85.1%, lr=2.5e-04]
Epoch 26/80 [Train]:   7%|▋         | 15/208 [00:00<00:07, 24.94it/s, loss=0.769, acc=85.0%, lr=2.5e-04]
Epoch 26/80 [Train]:   7%|▋         | 15/208 [00:00<00:07, 24.94it/s, loss=0.925, acc=84.8%, lr=2.5e-04]
Epoch 26/80 [Train]:   9%|▊         | 18/208 [00:00<00:07, 25.01it/s, loss=0.925, acc=84.8%, lr=2.5e-04]
Epoch 26/80 [Train]:   9%|▊         | 18/208 [00:00<00:07, 25.01it/s, loss=0.963, acc=84.6%, lr=2.5e-04]
Epoch 26/80 [Train]:   9%|▊         | 18/208 [00:00<00:07, 25.01it/s, loss=0.868, acc=84.4%, lr=2.5e-04]
Epoch 26/80 [Train]:   9%|▊         | 18/208 [00:00<00:07, 25.01it/s, loss=0.893, acc=84.2%, lr=2.5e-04]
Epoch 26/80 [Train]:  10%|█         | 21/208 [00:00<00:07, 25.30it/s, loss=0.893, acc=84.2%, lr=2.5e-04]
Epoch 26/80 [Train]:  10%|█         | 21/208 [00:00<00:07, 25.30it/s, loss=0.828, acc=84.2%, lr=2.5e-04]
Epoch 26/80 [Train]:  10%|█         | 21/208 [00:00<00:07, 25.30it/s, loss=0.756, acc=84.2%, lr=2.5e-04]
Epoch 26/80 [Train]:  10%|█         | 21/208 [00:00<00:07, 25.30it/s, loss=0.752, acc=84.3%, lr=2.5e-04]
Epoch 26/80 [Train]:  12%|█▏        | 24/208 [00:00<00:07, 25.20it/s, loss=0.752, acc=84.3%, lr=2.5e-04]
Epoch 26/80 [Train]:  12%|█▏        | 24/208 [00:00<00:07, 25.20it/s, loss=0.910, acc=84.3%, lr=2.5e-04]
Epoch 26/80 [Train]:  12%|█▏        | 24/208 [00:01<00:07, 25.20it/s, loss=0.806, acc=84.4%, lr=2.5e-04]
Epoch 26/80 [Train]:  12%|█▏        | 24/208 [00:01<00:07, 25.20it/s, loss=0.729, acc=84.4%, lr=2.5e-04]
Epoch 26/80 [Train]:  13%|█▎        | 27/208 [00:01<00:07, 25.24it/s, loss=0.729, acc=84.4%, lr=2.5e-04]
Epoch 26/80 [Train]:  13%|█▎        | 27/208 [00:01<00:07, 25.24it/s, loss=0.874, acc=84.4%, lr=2.5e-04]
Epoch 26/80 [Train]:  13%|█▎        | 27/208 [00:01<00:07, 25.24it/s, loss=0.979, acc=84.3%, lr=2.5e-04]
Epoch 26/80 [Train]:  13%|█▎        | 27/208 [00:01<00:07, 25.24it/s, loss=1.017, acc=84.0%, lr=2.5e-04]
Epoch 26/80 [Train]:  14%|█▍        | 30/208 [00:01<00:07, 25.30it/s, loss=1.017, acc=84.0%, lr=2.5e-04]
Epoch 26/80 [Train]:  14%|█▍        | 30/208 [00:01<00:07, 25.30it/s, loss=0.877, acc=83.6%, lr=2.5e-04]
Epoch 26/80 [Train]:  14%|█▍        | 30/208 [00:01<00:07, 25.30it/s, loss=0.804, acc=83.7%, lr=2.5e-04]
Epoch 26/80 [Train]:  14%|█▍        | 30/208 [00:01<00:07, 25.30it/s, loss=0.667, acc=83.9%, lr=2.5e-04]
Epoch 26/80 [Train]:  16%|█▌        | 33/208 [00:01<00:06, 25.43it/s, loss=0.667, acc=83.9%, lr=2.5e-04]
Epoch 26/80 [Train]:  16%|█▌        | 33/208 [00:01<00:06, 25.43it/s, loss=0.794, acc=84.0%, lr=2.5e-04]
Epoch 26/80 [Train]:  16%|█▌        | 33/208 [00:01<00:06, 25.43it/s, loss=1.089, acc=83.8%, lr=2.5e-04]
Epoch 26/80 [Train]:  16%|█▌        | 33/208 [00:01<00:06, 25.43it/s, loss=1.015, acc=83.5%, lr=2.5e-04]
Epoch 26/80 [Train]:  17%|█▋        | 36/208 [00:01<00:06, 25.38it/s, loss=1.015, acc=83.5%, lr=2.5e-04]
Epoch 26/80 [Train]:  17%|█▋        | 36/208 [00:01<00:06, 25.38it/s, loss=0.851, acc=83.4%, lr=2.5e-04]
Epoch 26/80 [Train]:  17%|█▋        | 36/208 [00:01<00:06, 25.38it/s, loss=1.004, acc=83.2%, lr=2.5e-04]
Epoch 26/80 [Train]:  17%|█▋        | 36/208 [00:01<00:06, 25.38it/s, loss=0.833, acc=83.2%, lr=2.5e-04]
Epoch 26/80 [Train]:  19%|█▉        | 39/208 [00:01<00:06, 25.24it/s, loss=0.833, acc=83.2%, lr=2.5e-04]
Epoch 26/80 [Train]:  19%|█▉        | 39/208 [00:01<00:06, 25.24it/s, loss=0.927, acc=83.2%, lr=2.5e-04]
Epoch 26/80 [Train]:  19%|█▉        | 39/208 [00:01<00:06, 25.24it/s, loss=0.843, acc=83.2%, lr=2.5e-04]
Epoch 26/80 [Train]:  19%|█▉        | 39/208 [00:01<00:06, 25.24it/s, loss=0.798, acc=83.3%, lr=2.5e-04]
Epoch 26/80 [Train]:  20%|██        | 42/208 [00:01<00:06, 25.38it/s, loss=0.798, acc=83.3%, lr=2.5e-04]
Epoch 26/80 [Train]:  20%|██        | 42/208 [00:01<00:06, 25.38it/s, loss=0.933, acc=83.1%, lr=2.5e-04]
Epoch 26/80 [Train]:  20%|██        | 42/208 [00:01<00:06, 25.38it/s, loss=0.927, acc=83.2%, lr=2.5e-04]
Epoch 26/80 [Train]:  20%|██        | 42/208 [00:01<00:06, 25.38it/s, loss=0.896, acc=83.3%, lr=2.5e-04]
Epoch 26/80 [Train]:  22%|██▏       | 45/208 [00:01<00:06, 25.44it/s, loss=0.896, acc=83.3%, lr=2.5e-04]
Epoch 26/80 [Train]:  22%|██▏       | 45/208 [00:01<00:06, 25.44it/s, loss=1.098, acc=83.0%, lr=2.5e-04]
Epoch 26/80 [Train]:  22%|██▏       | 45/208 [00:01<00:06, 25.44it/s, loss=0.654, acc=83.1%, lr=2.5e-04]
Epoch 26/80 [Train]:  22%|██▏       | 45/208 [00:01<00:06, 25.44it/s, loss=0.823, acc=83.3%, lr=2.5e-04]
Epoch 26/80 [Train]:  23%|██▎       | 48/208 [00:01<00:06, 25.00it/s, loss=0.823, acc=83.3%, lr=2.5e-04]
Epoch 26/80 [Train]:  23%|██▎       | 48/208 [00:01<00:06, 25.00it/s, loss=0.842, acc=83.3%, lr=2.5e-04]
Epoch 26/80 [Train]:  23%|██▎       | 48/208 [00:01<00:06, 25.00it/s, loss=0.746, acc=83.3%, lr=2.5e-04]
Epoch 26/80 [Train]:  23%|██▎       | 48/208 [00:02<00:06, 25.00it/s, loss=0.929, acc=83.3%, lr=2.5e-04]
Epoch 26/80 [Train]:  25%|██▍       | 51/208 [00:02<00:06, 25.11it/s, loss=0.929, acc=83.3%, lr=2.5e-04]
Epoch 26/80 [Train]:  25%|██▍       | 51/208 [00:02<00:06, 25.11it/s, loss=0.879, acc=83.4%, lr=2.5e-04]
Epoch 26/80 [Train]:  25%|██▍       | 51/208 [00:02<00:06, 25.11it/s, loss=0.883, acc=83.4%, lr=2.5e-04]
Epoch 26/80 [Train]:  25%|██▍       | 51/208 [00:02<00:06, 25.11it/s, loss=0.798, acc=83.4%, lr=2.5e-04]
Epoch 26/80 [Train]:  26%|██▌       | 54/208 [00:02<00:06, 25.12it/s, loss=0.798, acc=83.4%, lr=2.5e-04]
Epoch 26/80 [Train]:  26%|██▌       | 54/208 [00:02<00:06, 25.12it/s, loss=0.661, acc=83.5%, lr=2.5e-04]
Epoch 26/80 [Train]:  26%|██▌       | 54/208 [00:02<00:06, 25.12it/s, loss=0.820, acc=83.6%, lr=2.5e-04]
Epoch 26/80 [Train]:  26%|██▌       | 54/208 [00:02<00:06, 25.12it/s, loss=0.811, acc=83.6%, lr=2.5e-04]
Epoch 26/80 [Train]:  27%|██▋       | 57/208 [00:02<00:06, 24.96it/s, loss=0.811, acc=83.6%, lr=2.5e-04]
Epoch 26/80 [Train]:  27%|██▋       | 57/208 [00:02<00:06, 24.96it/s, loss=0.736, acc=83.7%, lr=2.5e-04]
Epoch 26/80 [Train]:  27%|██▋       | 57/208 [00:02<00:06, 24.96it/s, loss=0.792, acc=83.7%, lr=2.5e-04]
Epoch 26/80 [Train]:  27%|██▋       | 57/208 [00:02<00:06, 24.96it/s, loss=0.859, acc=83.8%, lr=2.5e-04]
Epoch 26/80 [Train]:  29%|██▉       | 60/208 [00:02<00:05, 25.12it/s, loss=0.859, acc=83.8%, lr=2.5e-04]
Epoch 26/80 [Train]:  29%|██▉       | 60/208 [00:02<00:05, 25.12it/s, loss=0.846, acc=83.7%, lr=2.5e-04]
Epoch 26/80 [Train]:  29%|██▉       | 60/208 [00:02<00:05, 25.12it/s, loss=0.810, acc=83.8%, lr=2.5e-04]
Epoch 26/80 [Train]:  29%|██▉       | 60/208 [00:02<00:05, 25.12it/s, loss=0.999, acc=83.8%, lr=2.5e-04]
Epoch 26/80 [Train]:  30%|███       | 63/208 [00:02<00:05, 25.23it/s, loss=0.999, acc=83.8%, lr=2.5e-04]
Epoch 26/80 [Train]:  30%|███       | 63/208 [00:02<00:05, 25.23it/s, loss=0.912, acc=83.8%, lr=2.5e-04]
Epoch 26/80 [Train]:  30%|███       | 63/208 [00:02<00:05, 25.23it/s, loss=0.753, acc=83.8%, lr=2.5e-04]
Epoch 26/80 [Train]:  30%|███       | 63/208 [00:02<00:05, 25.23it/s, loss=0.853, acc=83.7%, lr=2.5e-04]
Epoch 26/80 [Train]:  32%|███▏      | 66/208 [00:02<00:05, 25.00it/s, loss=0.853, acc=83.7%, lr=2.5e-04]
Epoch 26/80 [Train]:  32%|███▏      | 66/208 [00:02<00:05, 25.00it/s, loss=0.723, acc=83.8%, lr=2.5e-04]
Epoch 26/80 [Train]:  32%|███▏      | 66/208 [00:02<00:05, 25.00it/s, loss=0.717, acc=83.9%, lr=2.5e-04]
Epoch 26/80 [Train]:  32%|███▏      | 66/208 [00:02<00:05, 25.00it/s, loss=1.068, acc=83.9%, lr=2.5e-04]
Epoch 26/80 [Train]:  33%|███▎      | 69/208 [00:02<00:05, 25.29it/s, loss=1.068, acc=83.9%, lr=2.5e-04]
Epoch 26/80 [Train]:  33%|███▎      | 69/208 [00:02<00:05, 25.29it/s, loss=0.870, acc=83.9%, lr=2.5e-04]
Epoch 26/80 [Train]:  33%|███▎      | 69/208 [00:02<00:05, 25.29it/s, loss=0.924, acc=83.8%, lr=2.5e-04]
Epoch 26/80 [Train]:  33%|███▎      | 69/208 [00:02<00:05, 25.29it/s, loss=0.721, acc=83.8%, lr=2.5e-04]
Epoch 26/80 [Train]:  35%|███▍      | 72/208 [00:02<00:05, 25.06it/s, loss=0.721, acc=83.8%, lr=2.5e-04]
Epoch 26/80 [Train]:  35%|███▍      | 72/208 [00:02<00:05, 25.06it/s, loss=1.033, acc=83.7%, lr=2.5e-04]
Epoch 26/80 [Train]:  35%|███▍      | 72/208 [00:02<00:05, 25.06it/s, loss=0.802, acc=83.7%, lr=2.5e-04]
Epoch 26/80 [Train]:  35%|███▍      | 72/208 [00:02<00:05, 25.06it/s, loss=0.714, acc=83.7%, lr=2.5e-04]
Epoch 26/80 [Train]:  36%|███▌      | 75/208 [00:02<00:05, 25.24it/s, loss=0.714, acc=83.7%, lr=2.5e-04]
Epoch 26/80 [Train]:  36%|███▌      | 75/208 [00:03<00:05, 25.24it/s, loss=0.851, acc=83.8%, lr=2.5e-04]
Epoch 26/80 [Train]:  36%|███▌      | 75/208 [00:03<00:05, 25.24it/s, loss=0.747, acc=83.8%, lr=2.5e-04]
Epoch 26/80 [Train]:  36%|███▌      | 75/208 [00:03<00:05, 25.24it/s, loss=0.793, acc=83.9%, lr=2.5e-04]
Epoch 26/80 [Train]:  38%|███▊      | 78/208 [00:03<00:05, 24.82it/s, loss=0.793, acc=83.9%, lr=2.5e-04]
Epoch 26/80 [Train]:  38%|███▊      | 78/208 [00:03<00:05, 24.82it/s, loss=0.763, acc=83.9%, lr=2.5e-04]
Epoch 26/80 [Train]:  38%|███▊      | 78/208 [00:03<00:05, 24.82it/s, loss=0.814, acc=83.9%, lr=2.5e-04]
Epoch 26/80 [Train]:  38%|███▊      | 78/208 [00:03<00:05, 24.82it/s, loss=1.079, acc=83.9%, lr=2.5e-04]
Epoch 26/80 [Train]:  39%|███▉      | 81/208 [00:03<00:05, 24.92it/s, loss=1.079, acc=83.9%, lr=2.5e-04]
Epoch 26/80 [Train]:  39%|███▉      | 81/208 [00:03<00:05, 24.92it/s, loss=0.731, acc=83.9%, lr=2.5e-04]
Epoch 26/80 [Train]:  39%|███▉      | 81/208 [00:03<00:05, 24.92it/s, loss=0.831, acc=83.8%, lr=2.5e-04]
Epoch 26/80 [Train]:  39%|███▉      | 81/208 [00:03<00:05, 24.92it/s, loss=0.897, acc=83.9%, lr=2.4e-04]
Epoch 26/80 [Train]:  40%|████      | 84/208 [00:03<00:05, 24.61it/s, loss=0.897, acc=83.9%, lr=2.4e-04]
Epoch 26/80 [Train]:  40%|████      | 84/208 [00:03<00:05, 24.61it/s, loss=0.975, acc=83.8%, lr=2.4e-04]
Epoch 26/80 [Train]:  40%|████      | 84/208 [00:03<00:05, 24.61it/s, loss=0.775, acc=83.8%, lr=2.4e-04]
Epoch 26/80 [Train]:  40%|████      | 84/208 [00:03<00:05, 24.61it/s, loss=0.892, acc=83.8%, lr=2.4e-04]
Epoch 26/80 [Train]:  42%|████▏     | 87/208 [00:03<00:04, 24.51it/s, loss=0.892, acc=83.8%, lr=2.4e-04]
Epoch 26/80 [Train]:  42%|████▏     | 87/208 [00:03<00:04, 24.51it/s, loss=0.914, acc=83.8%, lr=2.4e-04]
Epoch 26/80 [Train]:  42%|████▏     | 87/208 [00:03<00:04, 24.51it/s, loss=0.824, acc=83.8%, lr=2.4e-04]
Epoch 26/80 [Train]:  42%|████▏     | 87/208 [00:03<00:04, 24.51it/s, loss=0.572, acc=83.9%, lr=2.4e-04]
Epoch 26/80 [Train]:  43%|████▎     | 90/208 [00:03<00:04, 24.27it/s, loss=0.572, acc=83.9%, lr=2.4e-04]
Epoch 26/80 [Train]:  43%|████▎     | 90/208 [00:03<00:04, 24.27it/s, loss=0.959, acc=83.8%, lr=2.4e-04]
Epoch 26/80 [Train]:  43%|████▎     | 90/208 [00:03<00:04, 24.27it/s, loss=1.039, acc=83.7%, lr=2.4e-04]
Epoch 26/80 [Train]:  43%|████▎     | 90/208 [00:03<00:04, 24.27it/s, loss=0.858, acc=83.7%, lr=2.4e-04]
Epoch 26/80 [Train]:  45%|████▍     | 93/208 [00:03<00:04, 24.46it/s, loss=0.858, acc=83.7%, lr=2.4e-04]
Epoch 26/80 [Train]:  45%|████▍     | 93/208 [00:03<00:04, 24.46it/s, loss=0.872, acc=83.7%, lr=2.4e-04]
Epoch 26/80 [Train]:  45%|████▍     | 93/208 [00:03<00:04, 24.46it/s, loss=0.757, acc=83.8%, lr=2.4e-04]
Epoch 26/80 [Train]:  45%|████▍     | 93/208 [00:03<00:04, 24.46it/s, loss=0.929, acc=83.7%, lr=2.4e-04]
Epoch 26/80 [Train]:  46%|████▌     | 96/208 [00:03<00:04, 24.48it/s, loss=0.929, acc=83.7%, lr=2.4e-04]
Epoch 26/80 [Train]:  46%|████▌     | 96/208 [00:03<00:04, 24.48it/s, loss=0.876, acc=83.8%, lr=2.4e-04]
Epoch 26/80 [Train]:  46%|████▌     | 96/208 [00:03<00:04, 24.48it/s, loss=0.823, acc=83.8%, lr=2.4e-04]
Epoch 26/80 [Train]:  46%|████▌     | 96/208 [00:03<00:04, 24.48it/s, loss=0.965, acc=83.8%, lr=2.4e-04]
Epoch 26/80 [Train]:  48%|████▊     | 99/208 [00:03<00:04, 24.84it/s, loss=0.965, acc=83.8%, lr=2.4e-04]
Epoch 26/80 [Train]:  48%|████▊     | 99/208 [00:03<00:04, 24.84it/s, loss=0.903, acc=83.8%, lr=2.4e-04]
Epoch 26/80 [Train]:  48%|████▊     | 99/208 [00:04<00:04, 24.84it/s, loss=0.989, acc=83.7%, lr=2.4e-04]
Epoch 26/80 [Train]:  48%|████▊     | 99/208 [00:04<00:04, 24.84it/s, loss=0.861, acc=83.7%, lr=2.4e-04]
Epoch 26/80 [Train]:  49%|████▉     | 102/208 [00:04<00:04, 24.95it/s, loss=0.861, acc=83.7%, lr=2.4e-04]
Epoch 26/80 [Train]:  49%|████▉     | 102/208 [00:04<00:04, 24.95it/s, loss=0.808, acc=83.7%, lr=2.4e-04]
Epoch 26/80 [Train]:  49%|████▉     | 102/208 [00:04<00:04, 24.95it/s, loss=0.903, acc=83.7%, lr=2.4e-04]
Epoch 26/80 [Train]:  49%|████▉     | 102/208 [00:04<00:04, 24.95it/s, loss=0.787, acc=83.7%, lr=2.4e-04]
Epoch 26/80 [Train]:  50%|█████     | 105/208 [00:04<00:04, 24.73it/s, loss=0.787, acc=83.7%, lr=2.4e-04]
Epoch 26/80 [Train]:  50%|█████     | 105/208 [00:04<00:04, 24.73it/s, loss=0.796, acc=83.7%, lr=2.4e-04]
Epoch 26/80 [Train]:  50%|█████     | 105/208 [00:04<00:04, 24.73it/s, loss=0.833, acc=83.7%, lr=2.4e-04]
Epoch 26/80 [Train]:  50%|█████     | 105/208 [00:04<00:04, 24.73it/s, loss=0.942, acc=83.7%, lr=2.4e-04]
Epoch 26/80 [Train]:  52%|█████▏    | 108/208 [00:04<00:04, 24.92it/s, loss=0.942, acc=83.7%, lr=2.4e-04]
Epoch 26/80 [Train]:  52%|█████▏    | 108/208 [00:04<00:04, 24.92it/s, loss=0.853, acc=83.7%, lr=2.4e-04]
Epoch 26/80 [Train]:  52%|█████▏    | 108/208 [00:04<00:04, 24.92it/s, loss=0.946, acc=83.7%, lr=2.4e-04]
Epoch 26/80 [Train]:  52%|█████▏    | 108/208 [00:04<00:04, 24.92it/s, loss=0.847, acc=83.7%, lr=2.4e-04]
Epoch 26/80 [Train]:  53%|█████▎    | 111/208 [00:04<00:03, 24.68it/s, loss=0.847, acc=83.7%, lr=2.4e-04]
Epoch 26/80 [Train]:  53%|█████▎    | 111/208 [00:04<00:03, 24.68it/s, loss=0.757, acc=83.7%, lr=2.4e-04]
Epoch 26/80 [Train]:  53%|█████▎    | 111/208 [00:04<00:03, 24.68it/s, loss=0.823, acc=83.7%, lr=2.4e-04]
Epoch 26/80 [Train]:  53%|█████▎    | 111/208 [00:04<00:03, 24.68it/s, loss=0.706, acc=83.7%, lr=2.4e-04]
Epoch 26/80 [Train]:  55%|█████▍    | 114/208 [00:04<00:03, 24.89it/s, loss=0.706, acc=83.7%, lr=2.4e-04]
Epoch 26/80 [Train]:  55%|█████▍    | 114/208 [00:04<00:03, 24.89it/s, loss=1.156, acc=83.6%, lr=2.4e-04]
Epoch 26/80 [Train]:  55%|█████▍    | 114/208 [00:04<00:03, 24.89it/s, loss=0.760, acc=83.6%, lr=2.4e-04]
Epoch 26/80 [Train]:  55%|█████▍    | 114/208 [00:04<00:03, 24.89it/s, loss=1.185, acc=83.5%, lr=2.4e-04]
Epoch 26/80 [Train]:  56%|█████▋    | 117/208 [00:04<00:03, 25.11it/s, loss=1.185, acc=83.5%, lr=2.4e-04]
Epoch 26/80 [Train]:  56%|█████▋    | 117/208 [00:04<00:03, 25.11it/s, loss=0.891, acc=83.5%, lr=2.4e-04]
Epoch 26/80 [Train]:  56%|█████▋    | 117/208 [00:04<00:03, 25.11it/s, loss=0.683, acc=83.6%, lr=2.4e-04]
Epoch 26/80 [Train]:  56%|█████▋    | 117/208 [00:04<00:03, 25.11it/s, loss=0.785, acc=83.6%, lr=2.4e-04]
Epoch 26/80 [Train]:  58%|█████▊    | 120/208 [00:04<00:03, 25.01it/s, loss=0.785, acc=83.6%, lr=2.4e-04]
Epoch 26/80 [Train]:  58%|█████▊    | 120/208 [00:04<00:03, 25.01it/s, loss=1.047, acc=83.5%, lr=2.4e-04]
Epoch 26/80 [Train]:  58%|█████▊    | 120/208 [00:04<00:03, 25.01it/s, loss=0.893, acc=83.4%, lr=2.4e-04]
Epoch 26/80 [Train]:  58%|█████▊    | 120/208 [00:04<00:03, 25.01it/s, loss=0.971, acc=83.4%, lr=2.4e-04]
Epoch 26/80 [Train]:  59%|█████▉    | 123/208 [00:04<00:03, 25.05it/s, loss=0.971, acc=83.4%, lr=2.4e-04]
Epoch 26/80 [Train]:  59%|█████▉    | 123/208 [00:04<00:03, 25.05it/s, loss=0.881, acc=83.4%, lr=2.4e-04]
Epoch 26/80 [Train]:  59%|█████▉    | 123/208 [00:04<00:03, 25.05it/s, loss=0.861, acc=83.4%, lr=2.4e-04]
Epoch 26/80 [Train]:  59%|█████▉    | 123/208 [00:05<00:03, 25.05it/s, loss=0.873, acc=83.4%, lr=2.4e-04]
Epoch 26/80 [Train]:  61%|██████    | 126/208 [00:05<00:03, 25.19it/s, loss=0.873, acc=83.4%, lr=2.4e-04]
Epoch 26/80 [Train]:  61%|██████    | 126/208 [00:05<00:03, 25.19it/s, loss=0.827, acc=83.5%, lr=2.4e-04]
Epoch 26/80 [Train]:  61%|██████    | 126/208 [00:05<00:03, 25.19it/s, loss=0.724, acc=83.4%, lr=2.4e-04]
Epoch 26/80 [Train]:  61%|██████    | 126/208 [00:05<00:03, 25.19it/s, loss=0.896, acc=83.4%, lr=2.4e-04]
Epoch 26/80 [Train]:  62%|██████▏   | 129/208 [00:05<00:03, 24.87it/s, loss=0.896, acc=83.4%, lr=2.4e-04]
Epoch 26/80 [Train]:  62%|██████▏   | 129/208 [00:05<00:03, 24.87it/s, loss=0.847, acc=83.4%, lr=2.4e-04]
Epoch 26/80 [Train]:  62%|██████▏   | 129/208 [00:05<00:03, 24.87it/s, loss=0.831, acc=83.3%, lr=2.4e-04]
Epoch 26/80 [Train]:  62%|██████▏   | 129/208 [00:05<00:03, 24.87it/s, loss=0.783, acc=83.3%, lr=2.4e-04]
Epoch 26/80 [Train]:  63%|██████▎   | 132/208 [00:05<00:03, 24.98it/s, loss=0.783, acc=83.3%, lr=2.4e-04]
Epoch 26/80 [Train]:  63%|██████▎   | 132/208 [00:05<00:03, 24.98it/s, loss=0.687, acc=83.4%, lr=2.4e-04]
Epoch 26/80 [Train]:  63%|██████▎   | 132/208 [00:05<00:03, 24.98it/s, loss=0.847, acc=83.4%, lr=2.4e-04]
Epoch 26/80 [Train]:  63%|██████▎   | 132/208 [00:05<00:03, 24.98it/s, loss=0.943, acc=83.4%, lr=2.4e-04]
Epoch 26/80 [Train]:  65%|██████▍   | 135/208 [00:05<00:02, 25.01it/s, loss=0.943, acc=83.4%, lr=2.4e-04]
Epoch 26/80 [Train]:  65%|██████▍   | 135/208 [00:05<00:02, 25.01it/s, loss=0.888, acc=83.4%, lr=2.4e-04]
Epoch 26/80 [Train]:  65%|██████▍   | 135/208 [00:05<00:02, 25.01it/s, loss=0.894, acc=83.4%, lr=2.4e-04]
Epoch 26/80 [Train]:  65%|██████▍   | 135/208 [00:05<00:02, 25.01it/s, loss=0.813, acc=83.4%, lr=2.4e-04]
Epoch 26/80 [Train]:  66%|██████▋   | 138/208 [00:05<00:02, 24.94it/s, loss=0.813, acc=83.4%, lr=2.4e-04]
Epoch 26/80 [Train]:  66%|██████▋   | 138/208 [00:05<00:02, 24.94it/s, loss=0.913, acc=83.4%, lr=2.4e-04]
Epoch 26/80 [Train]:  66%|██████▋   | 138/208 [00:05<00:02, 24.94it/s, loss=0.923, acc=83.4%, lr=2.4e-04]
Epoch 26/80 [Train]:  66%|██████▋   | 138/208 [00:05<00:02, 24.94it/s, loss=0.904, acc=83.4%, lr=2.4e-04]
Epoch 26/80 [Train]:  68%|██████▊   | 141/208 [00:05<00:02, 24.98it/s, loss=0.904, acc=83.4%, lr=2.4e-04]
Epoch 26/80 [Train]:  68%|██████▊   | 141/208 [00:05<00:02, 24.98it/s, loss=0.761, acc=83.5%, lr=2.4e-04]
Epoch 26/80 [Train]:  68%|██████▊   | 141/208 [00:05<00:02, 24.98it/s, loss=0.871, acc=83.5%, lr=2.4e-04]
Epoch 26/80 [Train]:  68%|██████▊   | 141/208 [00:05<00:02, 24.98it/s, loss=0.826, acc=83.4%, lr=2.4e-04]
Epoch 26/80 [Train]:  69%|██████▉   | 144/208 [00:05<00:02, 24.97it/s, loss=0.826, acc=83.4%, lr=2.4e-04]
Epoch 26/80 [Train]:  69%|██████▉   | 144/208 [00:05<00:02, 24.97it/s, loss=0.765, acc=83.5%, lr=2.4e-04]
Epoch 26/80 [Train]:  69%|██████▉   | 144/208 [00:05<00:02, 24.97it/s, loss=0.755, acc=83.5%, lr=2.4e-04]
Epoch 26/80 [Train]:  69%|██████▉   | 144/208 [00:05<00:02, 24.97it/s, loss=0.801, acc=83.5%, lr=2.4e-04]
Epoch 26/80 [Train]:  71%|███████   | 147/208 [00:05<00:02, 24.92it/s, loss=0.801, acc=83.5%, lr=2.4e-04]
Epoch 26/80 [Train]:  71%|███████   | 147/208 [00:05<00:02, 24.92it/s, loss=1.066, acc=83.4%, lr=2.4e-04]
Epoch 26/80 [Train]:  71%|███████   | 147/208 [00:05<00:02, 24.92it/s, loss=0.731, acc=83.4%, lr=2.4e-04]
Epoch 26/80 [Train]:  71%|███████   | 147/208 [00:05<00:02, 24.92it/s, loss=0.876, acc=83.5%, lr=2.4e-04]
Epoch 26/80 [Train]:  72%|███████▏  | 150/208 [00:05<00:02, 25.03it/s, loss=0.876, acc=83.5%, lr=2.4e-04]
Epoch 26/80 [Train]:  72%|███████▏  | 150/208 [00:06<00:02, 25.03it/s, loss=0.751, acc=83.5%, lr=2.4e-04]
Epoch 26/80 [Train]:  72%|███████▏  | 150/208 [00:06<00:02, 25.03it/s, loss=0.767, acc=83.5%, lr=2.4e-04]
Epoch 26/80 [Train]:  72%|███████▏  | 150/208 [00:06<00:02, 25.03it/s, loss=0.995, acc=83.5%, lr=2.4e-04]
Epoch 26/80 [Train]:  74%|███████▎  | 153/208 [00:06<00:02, 25.09it/s, loss=0.995, acc=83.5%, lr=2.4e-04]
Epoch 26/80 [Train]:  74%|███████▎  | 153/208 [00:06<00:02, 25.09it/s, loss=0.901, acc=83.4%, lr=2.4e-04]
Epoch 26/80 [Train]:  74%|███████▎  | 153/208 [00:06<00:02, 25.09it/s, loss=1.085, acc=83.4%, lr=2.4e-04]
Epoch 26/80 [Train]:  74%|███████▎  | 153/208 [00:06<00:02, 25.09it/s, loss=0.947, acc=83.4%, lr=2.4e-04]
Epoch 26/80 [Train]:  75%|███████▌  | 156/208 [00:06<00:02, 25.30it/s, loss=0.947, acc=83.4%, lr=2.4e-04]
Epoch 26/80 [Train]:  75%|███████▌  | 156/208 [00:06<00:02, 25.30it/s, loss=0.953, acc=83.3%, lr=2.4e-04]
Epoch 26/80 [Train]:  75%|███████▌  | 156/208 [00:06<00:02, 25.30it/s, loss=0.791, acc=83.3%, lr=2.4e-04]
Epoch 26/80 [Train]:  75%|███████▌  | 156/208 [00:06<00:02, 25.30it/s, loss=0.941, acc=83.3%, lr=2.4e-04]
Epoch 26/80 [Train]:  76%|███████▋  | 159/208 [00:06<00:01, 25.23it/s, loss=0.941, acc=83.3%, lr=2.4e-04]
Epoch 26/80 [Train]:  76%|███████▋  | 159/208 [00:06<00:01, 25.23it/s, loss=0.873, acc=83.3%, lr=2.4e-04]
Epoch 26/80 [Train]:  76%|███████▋  | 159/208 [00:06<00:01, 25.23it/s, loss=0.837, acc=83.3%, lr=2.4e-04]
Epoch 26/80 [Train]:  76%|███████▋  | 159/208 [00:06<00:01, 25.23it/s, loss=0.700, acc=83.3%, lr=2.4e-04]
Epoch 26/80 [Train]:  78%|███████▊  | 162/208 [00:06<00:01, 25.32it/s, loss=0.700, acc=83.3%, lr=2.4e-04]
Epoch 26/80 [Train]:  78%|███████▊  | 162/208 [00:06<00:01, 25.32it/s, loss=0.980, acc=83.3%, lr=2.4e-04]
Epoch 26/80 [Train]:  78%|███████▊  | 162/208 [00:06<00:01, 25.32it/s, loss=0.733, acc=83.3%, lr=2.4e-04]
Epoch 26/80 [Train]:  78%|███████▊  | 162/208 [00:06<00:01, 25.32it/s, loss=0.871, acc=83.3%, lr=2.4e-04]
Epoch 26/80 [Train]:  79%|███████▉  | 165/208 [00:06<00:01, 25.52it/s, loss=0.871, acc=83.3%, lr=2.4e-04]
Epoch 26/80 [Train]:  79%|███████▉  | 165/208 [00:06<00:01, 25.52it/s, loss=1.017, acc=83.3%, lr=2.4e-04]
Epoch 26/80 [Train]:  79%|███████▉  | 165/208 [00:06<00:01, 25.52it/s, loss=0.879, acc=83.3%, lr=2.4e-04]
Epoch 26/80 [Train]:  79%|███████▉  | 165/208 [00:06<00:01, 25.52it/s, loss=0.834, acc=83.3%, lr=2.4e-04]
Epoch 26/80 [Train]:  81%|████████  | 168/208 [00:06<00:01, 25.49it/s, loss=0.834, acc=83.3%, lr=2.4e-04]
Epoch 26/80 [Train]:  81%|████████  | 168/208 [00:06<00:01, 25.49it/s, loss=1.149, acc=83.2%, lr=2.4e-04]
Epoch 26/80 [Train]:  81%|████████  | 168/208 [00:06<00:01, 25.49it/s, loss=0.824, acc=83.3%, lr=2.4e-04]
Epoch 26/80 [Train]:  81%|████████  | 168/208 [00:06<00:01, 25.49it/s, loss=0.882, acc=83.2%, lr=2.4e-04]
Epoch 26/80 [Train]:  82%|████████▏ | 171/208 [00:06<00:01, 25.51it/s, loss=0.882, acc=83.2%, lr=2.4e-04]
Epoch 26/80 [Train]:  82%|████████▏ | 171/208 [00:06<00:01, 25.51it/s, loss=0.808, acc=83.3%, lr=2.4e-04]
Epoch 26/80 [Train]:  82%|████████▏ | 171/208 [00:06<00:01, 25.51it/s, loss=0.802, acc=83.3%, lr=2.4e-04]
Epoch 26/80 [Train]:  82%|████████▏ | 171/208 [00:06<00:01, 25.51it/s, loss=0.943, acc=83.3%, lr=2.4e-04]
Epoch 26/80 [Train]:  84%|████████▎ | 174/208 [00:06<00:01, 25.66it/s, loss=0.943, acc=83.3%, lr=2.4e-04]
Epoch 26/80 [Train]:  84%|████████▎ | 174/208 [00:06<00:01, 25.66it/s, loss=0.917, acc=83.3%, lr=2.4e-04]
Epoch 26/80 [Train]:  84%|████████▎ | 174/208 [00:07<00:01, 25.66it/s, loss=0.764, acc=83.3%, lr=2.4e-04]
Epoch 26/80 [Train]:  84%|████████▎ | 174/208 [00:07<00:01, 25.66it/s, loss=0.835, acc=83.3%, lr=2.4e-04]
Epoch 26/80 [Train]:  85%|████████▌ | 177/208 [00:07<00:01, 25.59it/s, loss=0.835, acc=83.3%, lr=2.4e-04]
Epoch 26/80 [Train]:  85%|████████▌ | 177/208 [00:07<00:01, 25.59it/s, loss=0.905, acc=83.2%, lr=2.4e-04]
Epoch 26/80 [Train]:  85%|████████▌ | 177/208 [00:07<00:01, 25.59it/s, loss=0.773, acc=83.2%, lr=2.4e-04]
Epoch 26/80 [Train]:  85%|████████▌ | 177/208 [00:07<00:01, 25.59it/s, loss=0.772, acc=83.3%, lr=2.4e-04]
Epoch 26/80 [Train]:  87%|████████▋ | 180/208 [00:07<00:01, 25.49it/s, loss=0.772, acc=83.3%, lr=2.4e-04]
Epoch 26/80 [Train]:  87%|████████▋ | 180/208 [00:07<00:01, 25.49it/s, loss=0.720, acc=83.3%, lr=2.4e-04]
Epoch 26/80 [Train]:  87%|████████▋ | 180/208 [00:07<00:01, 25.49it/s, loss=1.109, acc=83.3%, lr=2.4e-04]
Epoch 26/80 [Train]:  87%|████████▋ | 180/208 [00:07<00:01, 25.49it/s, loss=0.911, acc=83.3%, lr=2.4e-04]
Epoch 26/80 [Train]:  88%|████████▊ | 183/208 [00:07<00:00, 25.47it/s, loss=0.911, acc=83.3%, lr=2.4e-04]
Epoch 26/80 [Train]:  88%|████████▊ | 183/208 [00:07<00:00, 25.47it/s, loss=0.822, acc=83.3%, lr=2.4e-04]
Epoch 26/80 [Train]:  88%|████████▊ | 183/208 [00:07<00:00, 25.47it/s, loss=0.695, acc=83.3%, lr=2.4e-04]
Epoch 26/80 [Train]:  88%|████████▊ | 183/208 [00:07<00:00, 25.47it/s, loss=0.793, acc=83.3%, lr=2.4e-04]
Epoch 26/80 [Train]:  89%|████████▉ | 186/208 [00:07<00:00, 25.44it/s, loss=0.793, acc=83.3%, lr=2.4e-04]
Epoch 26/80 [Train]:  89%|████████▉ | 186/208 [00:07<00:00, 25.44it/s, loss=0.782, acc=83.3%, lr=2.4e-04]
Epoch 26/80 [Train]:  89%|████████▉ | 186/208 [00:07<00:00, 25.44it/s, loss=0.724, acc=83.3%, lr=2.4e-04]
Epoch 26/80 [Train]:  89%|████████▉ | 186/208 [00:07<00:00, 25.44it/s, loss=1.050, acc=83.3%, lr=2.4e-04]
Epoch 26/80 [Train]:  91%|█████████ | 189/208 [00:07<00:00, 24.97it/s, loss=1.050, acc=83.3%, lr=2.4e-04]
Epoch 26/80 [Train]:  91%|█████████ | 189/208 [00:07<00:00, 24.97it/s, loss=0.960, acc=83.2%, lr=2.4e-04]
Epoch 26/80 [Train]:  91%|█████████ | 189/208 [00:07<00:00, 24.97it/s, loss=0.910, acc=83.2%, lr=2.4e-04]
Epoch 26/80 [Train]:  91%|█████████ | 189/208 [00:07<00:00, 24.97it/s, loss=0.934, acc=83.2%, lr=2.4e-04]
Epoch 26/80 [Train]:  92%|█████████▏| 192/208 [00:07<00:00, 24.93it/s, loss=0.934, acc=83.2%, lr=2.4e-04]
Epoch 26/80 [Train]:  92%|█████████▏| 192/208 [00:07<00:00, 24.93it/s, loss=0.764, acc=83.2%, lr=2.4e-04]
Epoch 26/80 [Train]:  92%|█████████▏| 192/208 [00:07<00:00, 24.93it/s, loss=0.928, acc=83.2%, lr=2.4e-04]
Epoch 26/80 [Train]:  92%|█████████▏| 192/208 [00:07<00:00, 24.93it/s, loss=0.934, acc=83.2%, lr=2.4e-04]
Epoch 26/80 [Train]:  94%|█████████▍| 195/208 [00:07<00:00, 24.88it/s, loss=0.934, acc=83.2%, lr=2.4e-04]
Epoch 26/80 [Train]:  94%|█████████▍| 195/208 [00:07<00:00, 24.88it/s, loss=0.992, acc=83.2%, lr=2.4e-04]
Epoch 26/80 [Train]:  94%|█████████▍| 195/208 [00:07<00:00, 24.88it/s, loss=0.852, acc=83.1%, lr=2.4e-04]
Epoch 26/80 [Train]:  94%|█████████▍| 195/208 [00:07<00:00, 24.88it/s, loss=0.745, acc=83.2%, lr=2.4e-04]
Epoch 26/80 [Train]:  95%|█████████▌| 198/208 [00:07<00:00, 24.62it/s, loss=0.745, acc=83.2%, lr=2.4e-04]
Epoch 26/80 [Train]:  95%|█████████▌| 198/208 [00:07<00:00, 24.62it/s, loss=1.003, acc=83.2%, lr=2.4e-04]
Epoch 26/80 [Train]:  95%|█████████▌| 198/208 [00:07<00:00, 24.62it/s, loss=0.760, acc=83.2%, lr=2.4e-04]
Epoch 26/80 [Train]:  95%|█████████▌| 198/208 [00:08<00:00, 24.62it/s, loss=0.907, acc=83.2%, lr=2.4e-04]
Epoch 26/80 [Train]:  97%|█████████▋| 201/208 [00:08<00:00, 24.62it/s, loss=0.907, acc=83.2%, lr=2.4e-04]
Epoch 26/80 [Train]:  97%|█████████▋| 201/208 [00:08<00:00, 24.62it/s, loss=0.736, acc=83.2%, lr=2.4e-04]
Epoch 26/80 [Train]:  97%|█████████▋| 201/208 [00:08<00:00, 24.62it/s, loss=0.867, acc=83.2%, lr=2.4e-04]
Epoch 26/80 [Train]:  97%|█████████▋| 201/208 [00:08<00:00, 24.62it/s, loss=0.900, acc=83.2%, lr=2.4e-04]
Epoch 26/80 [Train]:  98%|█████████▊| 204/208 [00:08<00:00, 24.83it/s, loss=0.900, acc=83.2%, lr=2.4e-04]
Epoch 26/80 [Train]:  98%|█████████▊| 204/208 [00:08<00:00, 24.83it/s, loss=0.845, acc=83.2%, lr=2.4e-04]
Epoch 26/80 [Train]:  98%|█████████▊| 204/208 [00:08<00:00, 24.83it/s, loss=0.779, acc=83.2%, lr=2.4e-04]
Epoch 26/80 [Train]:  98%|█████████▊| 204/208 [00:08<00:00, 24.83it/s, loss=0.820, acc=83.2%, lr=2.4e-04]
Epoch 26/80 [Train]: 100%|█████████▉| 207/208 [00:08<00:00, 25.05it/s, loss=0.820, acc=83.2%, lr=2.4e-04]
Epoch 26/80 [Train]: 100%|█████████▉| 207/208 [00:08<00:00, 25.05it/s, loss=0.937, acc=83.2%, lr=2.4e-04]
Epoch 26/80 [Train]: 100%|██████████| 208/208 [00:08<00:00, 25.12it/s, loss=0.937, acc=83.2%, lr=2.4e-04]

[2026-08-17 01:21:46] [EPOCH 26 SUMMARY]
  Train: Loss = 0.8554 | Top-1 Acc =  83.23%
  Val:   Top-1 Acc =   9.85% | Top-3 =  31.69% | Top-5 =  42.38%
         APL = 11.61 dB | Profile MAE =  2.36 dB (Rank Corr: 0.512)
  Time:  Epoch = 8.3s (Val Eval: 2.1s) | Total Elapsed = 00h:03m:46s | ETA: 00h:07m:49s
  -> [INFO] No improvement for 18/12 epochs (Best: 15.65%)

[2026-08-17 01:21:47] >>> [EPOCH 27/80] Training Started <<<

Epoch 27/80 [Train]:   0%|          | 0/208 [00:00<?, ?it/s]
Epoch 27/80 [Train]:   0%|          | 0/208 [00:00<?, ?it/s, loss=0.751, acc=85.9%, lr=2.4e-04]
Epoch 27/80 [Train]:   0%|          | 0/208 [00:00<?, ?it/s, loss=0.809, acc=82.0%, lr=2.4e-04]
Epoch 27/80 [Train]:   0%|          | 0/208 [00:00<?, ?it/s, loss=1.028, acc=81.8%, lr=2.4e-04]
Epoch 27/80 [Train]:   1%|▏         | 3/208 [00:00<00:08, 24.54it/s, loss=1.028, acc=81.8%, lr=2.4e-04]
Epoch 27/80 [Train]:   1%|▏         | 3/208 [00:00<00:08, 24.54it/s, loss=0.701, acc=84.0%, lr=2.4e-04]
Epoch 27/80 [Train]:   1%|▏         | 3/208 [00:00<00:08, 24.54it/s, loss=0.945, acc=82.8%, lr=2.4e-04]
Epoch 27/80 [Train]:   1%|▏         | 3/208 [00:00<00:08, 24.54it/s, loss=0.901, acc=81.8%, lr=2.4e-04]
Epoch 27/80 [Train]:   3%|▎         | 6/208 [00:00<00:08, 24.45it/s, loss=0.901, acc=81.8%, lr=2.4e-04]
Epoch 27/80 [Train]:   3%|▎         | 6/208 [00:00<00:08, 24.45it/s, loss=0.846, acc=83.0%, lr=2.4e-04]
Epoch 27/80 [Train]:   3%|▎         | 6/208 [00:00<00:08, 24.45it/s, loss=0.772, acc=83.8%, lr=2.4e-04]
Epoch 27/80 [Train]:   3%|▎         | 6/208 [00:00<00:08, 24.45it/s, loss=0.863, acc=84.0%, lr=2.4e-04]
Epoch 27/80 [Train]:   4%|▍         | 9/208 [00:00<00:08, 24.38it/s, loss=0.863, acc=84.0%, lr=2.4e-04]
Epoch 27/80 [Train]:   4%|▍         | 9/208 [00:00<00:08, 24.38it/s, loss=0.759, acc=84.8%, lr=2.4e-04]
Epoch 27/80 [Train]:   4%|▍         | 9/208 [00:00<00:08, 24.38it/s, loss=0.816, acc=84.7%, lr=2.4e-04]
Epoch 27/80 [Train]:   4%|▍         | 9/208 [00:00<00:08, 24.38it/s, loss=0.850, acc=84.5%, lr=2.4e-04]
Epoch 27/80 [Train]:   6%|▌         | 12/208 [00:00<00:08, 23.67it/s, loss=0.850, acc=84.5%, lr=2.4e-04]
Epoch 27/80 [Train]:   6%|▌         | 12/208 [00:00<00:08, 23.67it/s, loss=0.924, acc=84.6%, lr=2.4e-04]
Epoch 27/80 [Train]:   6%|▌         | 12/208 [00:00<00:08, 23.67it/s, loss=0.779, acc=84.2%, lr=2.4e-04]
Epoch 27/80 [Train]:   6%|▌         | 12/208 [00:00<00:08, 23.67it/s, loss=0.865, acc=84.4%, lr=2.4e-04]
Epoch 27/80 [Train]:   7%|▋         | 15/208 [00:00<00:08, 24.12it/s, loss=0.865, acc=84.4%, lr=2.4e-04]
Epoch 27/80 [Train]:   7%|▋         | 15/208 [00:00<00:08, 24.12it/s, loss=0.857, acc=84.1%, lr=2.4e-04]
Epoch 27/80 [Train]:   7%|▋         | 15/208 [00:00<00:08, 24.12it/s, loss=0.807, acc=84.3%, lr=2.4e-04]
Epoch 27/80 [Train]:   7%|▋         | 15/208 [00:00<00:08, 24.12it/s, loss=0.883, acc=84.3%, lr=2.4e-04]
Epoch 27/80 [Train]:   9%|▊         | 18/208 [00:00<00:08, 23.08it/s, loss=0.883, acc=84.3%, lr=2.4e-04]
Epoch 27/80 [Train]:   9%|▊         | 18/208 [00:00<00:08, 23.08it/s, loss=0.824, acc=84.3%, lr=2.4e-04]
Epoch 27/80 [Train]:   9%|▊         | 18/208 [00:00<00:08, 23.08it/s, loss=0.820, acc=84.5%, lr=2.4e-04]
Epoch 27/80 [Train]:   9%|▊         | 18/208 [00:00<00:08, 23.08it/s, loss=0.727, acc=84.9%, lr=2.4e-04]
Epoch 27/80 [Train]:  10%|█         | 21/208 [00:00<00:07, 23.48it/s, loss=0.727, acc=84.9%, lr=2.4e-04]
Epoch 27/80 [Train]:  10%|█         | 21/208 [00:00<00:07, 23.48it/s, loss=0.931, acc=84.7%, lr=2.4e-04]
Epoch 27/80 [Train]:  10%|█         | 21/208 [00:00<00:07, 23.48it/s, loss=0.852, acc=84.7%, lr=2.4e-04]
Epoch 27/80 [Train]:  10%|█         | 21/208 [00:01<00:07, 23.48it/s, loss=0.705, acc=84.6%, lr=2.4e-04]
Epoch 27/80 [Train]:  12%|█▏        | 24/208 [00:01<00:07, 23.68it/s, loss=0.705, acc=84.6%, lr=2.4e-04]
Epoch 27/80 [Train]:  12%|█▏        | 24/208 [00:01<00:07, 23.68it/s, loss=0.786, acc=84.6%, lr=2.4e-04]
Epoch 27/80 [Train]:  12%|█▏        | 24/208 [00:01<00:07, 23.68it/s, loss=0.920, acc=84.4%, lr=2.4e-04]
Epoch 27/80 [Train]:  12%|█▏        | 24/208 [00:01<00:07, 23.68it/s, loss=0.744, acc=84.7%, lr=2.4e-04]
Epoch 27/80 [Train]:  13%|█▎        | 27/208 [00:01<00:07, 23.36it/s, loss=0.744, acc=84.7%, lr=2.4e-04]
Epoch 27/80 [Train]:  13%|█▎        | 27/208 [00:01<00:07, 23.36it/s, loss=1.001, acc=84.4%, lr=2.4e-04]
Epoch 27/80 [Train]:  13%|█▎        | 27/208 [00:01<00:07, 23.36it/s, loss=1.068, acc=84.3%, lr=2.4e-04]
Epoch 27/80 [Train]:  13%|█▎        | 27/208 [00:01<00:07, 23.36it/s, loss=0.675, acc=84.4%, lr=2.4e-04]
Epoch 27/80 [Train]:  14%|█▍        | 30/208 [00:01<00:07, 23.82it/s, loss=0.675, acc=84.4%, lr=2.4e-04]
Epoch 27/80 [Train]:  14%|█▍        | 30/208 [00:01<00:07, 23.82it/s, loss=0.874, acc=84.4%, lr=2.4e-04]
Epoch 27/80 [Train]:  14%|█▍        | 30/208 [00:01<00:07, 23.82it/s, loss=0.728, acc=84.4%, lr=2.4e-04]
Epoch 27/80 [Train]:  14%|█▍        | 30/208 [00:01<00:07, 23.82it/s, loss=0.803, acc=84.4%, lr=2.4e-04]
Epoch 27/80 [Train]:  16%|█▌        | 33/208 [00:01<00:07, 23.46it/s, loss=0.803, acc=84.4%, lr=2.4e-04]
Epoch 27/80 [Train]:  16%|█▌        | 33/208 [00:01<00:07, 23.46it/s, loss=0.816, acc=84.4%, lr=2.4e-04]
Epoch 27/80 [Train]:  16%|█▌        | 33/208 [00:01<00:07, 23.46it/s, loss=0.956, acc=84.3%, lr=2.4e-04]
Epoch 27/80 [Train]:  16%|█▌        | 33/208 [00:01<00:07, 23.46it/s, loss=0.961, acc=84.4%, lr=2.4e-04]
Epoch 27/80 [Train]:  17%|█▋        | 36/208 [00:01<00:07, 24.04it/s, loss=0.961, acc=84.4%, lr=2.4e-04]
Epoch 27/80 [Train]:  17%|█▋        | 36/208 [00:01<00:07, 24.04it/s, loss=0.797, acc=84.3%, lr=2.4e-04]
Epoch 27/80 [Train]:  17%|█▋        | 36/208 [00:01<00:07, 24.04it/s, loss=0.688, acc=84.4%, lr=2.4e-04]
Epoch 27/80 [Train]:  17%|█▋        | 36/208 [00:01<00:07, 24.04it/s, loss=0.885, acc=84.2%, lr=2.4e-04]
Epoch 27/80 [Train]:  19%|█▉        | 39/208 [00:01<00:06, 24.30it/s, loss=0.885, acc=84.2%, lr=2.4e-04]
Epoch 27/80 [Train]:  19%|█▉        | 39/208 [00:01<00:06, 24.30it/s, loss=0.807, acc=84.3%, lr=2.4e-04]
Epoch 27/80 [Train]:  19%|█▉        | 39/208 [00:01<00:06, 24.30it/s, loss=0.836, acc=84.3%, lr=2.4e-04]
Epoch 27/80 [Train]:  19%|█▉        | 39/208 [00:01<00:06, 24.30it/s, loss=0.896, acc=84.4%, lr=2.4e-04]
Epoch 27/80 [Train]:  20%|██        | 42/208 [00:01<00:06, 24.49it/s, loss=0.896, acc=84.4%, lr=2.4e-04]
Epoch 27/80 [Train]:  20%|██        | 42/208 [00:01<00:06, 24.49it/s, loss=0.706, acc=84.4%, lr=2.4e-04]
Epoch 27/80 [Train]:  20%|██        | 42/208 [00:01<00:06, 24.49it/s, loss=0.843, acc=84.5%, lr=2.4e-04]
Epoch 27/80 [Train]:  20%|██        | 42/208 [00:01<00:06, 24.49it/s, loss=0.670, acc=84.7%, lr=2.4e-04]
Epoch 27/80 [Train]:  22%|██▏       | 45/208 [00:01<00:06, 24.35it/s, loss=0.670, acc=84.7%, lr=2.4e-04]
Epoch 27/80 [Train]:  22%|██▏       | 45/208 [00:01<00:06, 24.35it/s, loss=0.914, acc=84.5%, lr=2.4e-04]
Epoch 27/80 [Train]:  22%|██▏       | 45/208 [00:01<00:06, 24.35it/s, loss=0.933, acc=84.4%, lr=2.4e-04]
Epoch 27/80 [Train]:  22%|██▏       | 45/208 [00:01<00:06, 24.35it/s, loss=0.801, acc=84.4%, lr=2.4e-04]
Epoch 27/80 [Train]:  23%|██▎       | 48/208 [00:01<00:06, 24.49it/s, loss=0.801, acc=84.4%, lr=2.4e-04]
Epoch 27/80 [Train]:  23%|██▎       | 48/208 [00:02<00:06, 24.49it/s, loss=0.724, acc=84.7%, lr=2.4e-04]
Epoch 27/80 [Train]:  23%|██▎       | 48/208 [00:02<00:06, 24.49it/s, loss=0.756, acc=84.8%, lr=2.4e-04]
Epoch 27/80 [Train]:  23%|██▎       | 48/208 [00:02<00:06, 24.49it/s, loss=0.904, acc=84.7%, lr=2.4e-04]
Epoch 27/80 [Train]:  25%|██▍       | 51/208 [00:02<00:06, 24.52it/s, loss=0.904, acc=84.7%, lr=2.4e-04]
Epoch 27/80 [Train]:  25%|██▍       | 51/208 [00:02<00:06, 24.52it/s, loss=0.907, acc=84.7%, lr=2.4e-04]
Epoch 27/80 [Train]:  25%|██▍       | 51/208 [00:02<00:06, 24.52it/s, loss=0.892, acc=84.6%, lr=2.4e-04]
Epoch 27/80 [Train]:  25%|██▍       | 51/208 [00:02<00:06, 24.52it/s, loss=0.980, acc=84.5%, lr=2.4e-04]
Epoch 27/80 [Train]:  26%|██▌       | 54/208 [00:02<00:06, 24.45it/s, loss=0.980, acc=84.5%, lr=2.4e-04]
Epoch 27/80 [Train]:  26%|██▌       | 54/208 [00:02<00:06, 24.45it/s, loss=0.710, acc=84.6%, lr=2.4e-04]
Epoch 27/80 [Train]:  26%|██▌       | 54/208 [00:02<00:06, 24.45it/s, loss=0.857, acc=84.5%, lr=2.4e-04]
Epoch 27/80 [Train]:  26%|██▌       | 54/208 [00:02<00:06, 24.45it/s, loss=0.816, acc=84.6%, lr=2.4e-04]
Epoch 27/80 [Train]:  27%|██▋       | 57/208 [00:02<00:06, 24.00it/s, loss=0.816, acc=84.6%, lr=2.4e-04]
Epoch 27/80 [Train]:  27%|██▋       | 57/208 [00:02<00:06, 24.00it/s, loss=0.827, acc=84.6%, lr=2.4e-04]
Epoch 27/80 [Train]:  27%|██▋       | 57/208 [00:02<00:06, 24.00it/s, loss=0.704, acc=84.7%, lr=2.4e-04]
Epoch 27/80 [Train]:  27%|██▋       | 57/208 [00:02<00:06, 24.00it/s, loss=0.710, acc=84.7%, lr=2.4e-04]
Epoch 27/80 [Train]:  29%|██▉       | 60/208 [00:02<00:06, 24.32it/s, loss=0.710, acc=84.7%, lr=2.4e-04]
Epoch 27/80 [Train]:  29%|██▉       | 60/208 [00:02<00:06, 24.32it/s, loss=0.745, acc=84.8%, lr=2.4e-04]
Epoch 27/80 [Train]:  29%|██▉       | 60/208 [00:02<00:06, 24.32it/s, loss=0.808, acc=84.8%, lr=2.4e-04]
Epoch 27/80 [Train]:  29%|██▉       | 60/208 [00:02<00:06, 24.32it/s, loss=0.825, acc=84.8%, lr=2.4e-04]
Epoch 27/80 [Train]:  30%|███       | 63/208 [00:02<00:05, 24.54it/s, loss=0.825, acc=84.8%, lr=2.4e-04]
Epoch 27/80 [Train]:  30%|███       | 63/208 [00:02<00:05, 24.54it/s, loss=0.708, acc=85.0%, lr=2.4e-04]
Epoch 27/80 [Train]:  30%|███       | 63/208 [00:02<00:05, 24.54it/s, loss=0.871, acc=85.0%, lr=2.4e-04]
Epoch 27/80 [Train]:  30%|███       | 63/208 [00:02<00:05, 24.54it/s, loss=0.673, acc=85.1%, lr=2.4e-04]
Epoch 27/80 [Train]:  32%|███▏      | 66/208 [00:02<00:05, 24.64it/s, loss=0.673, acc=85.1%, lr=2.4e-04]
Epoch 27/80 [Train]:  32%|███▏      | 66/208 [00:02<00:05, 24.64it/s, loss=0.616, acc=85.2%, lr=2.4e-04]
Epoch 27/80 [Train]:  32%|███▏      | 66/208 [00:02<00:05, 24.64it/s, loss=0.560, acc=85.3%, lr=2.4e-04]
Epoch 27/80 [Train]:  32%|███▏      | 66/208 [00:02<00:05, 24.64it/s, loss=0.738, acc=85.3%, lr=2.4e-04]
Epoch 27/80 [Train]:  33%|███▎      | 69/208 [00:02<00:05, 24.81it/s, loss=0.738, acc=85.3%, lr=2.4e-04]
Epoch 27/80 [Train]:  33%|███▎      | 69/208 [00:02<00:05, 24.81it/s, loss=0.765, acc=85.3%, lr=2.4e-04]
Epoch 27/80 [Train]:  33%|███▎      | 69/208 [00:02<00:05, 24.81it/s, loss=0.892, acc=85.2%, lr=2.4e-04]
Epoch 27/80 [Train]:  33%|███▎      | 69/208 [00:02<00:05, 24.81it/s, loss=0.765, acc=85.2%, lr=2.4e-04]
Epoch 27/80 [Train]:  35%|███▍      | 72/208 [00:02<00:05, 24.50it/s, loss=0.765, acc=85.2%, lr=2.4e-04]
Epoch 27/80 [Train]:  35%|███▍      | 72/208 [00:03<00:05, 24.50it/s, loss=0.777, acc=85.3%, lr=2.4e-04]
Epoch 27/80 [Train]:  35%|███▍      | 72/208 [00:03<00:05, 24.50it/s, loss=0.678, acc=85.4%, lr=2.4e-04]
Epoch 27/80 [Train]:  35%|███▍      | 72/208 [00:03<00:05, 24.50it/s, loss=0.682, acc=85.4%, lr=2.4e-04]
Epoch 27/80 [Train]:  36%|███▌      | 75/208 [00:03<00:05, 24.28it/s, loss=0.682, acc=85.4%, lr=2.4e-04]
Epoch 27/80 [Train]:  36%|███▌      | 75/208 [00:03<00:05, 24.28it/s, loss=0.901, acc=85.4%, lr=2.4e-04]
Epoch 27/80 [Train]:  36%|███▌      | 75/208 [00:03<00:05, 24.28it/s, loss=0.736, acc=85.4%, lr=2.4e-04]
Epoch 27/80 [Train]:  36%|███▌      | 75/208 [00:03<00:05, 24.28it/s, loss=0.832, acc=85.3%, lr=2.4e-04]
Epoch 27/80 [Train]:  38%|███▊      | 78/208 [00:03<00:05, 23.88it/s, loss=0.832, acc=85.3%, lr=2.4e-04]
Epoch 27/80 [Train]:  38%|███▊      | 78/208 [00:03<00:05, 23.88it/s, loss=0.780, acc=85.3%, lr=2.4e-04]
Epoch 27/80 [Train]:  38%|███▊      | 78/208 [00:03<00:05, 23.88it/s, loss=0.804, acc=85.3%, lr=2.4e-04]
Epoch 27/80 [Train]:  38%|███▊      | 78/208 [00:03<00:05, 23.88it/s, loss=0.799, acc=85.4%, lr=2.4e-04]
Epoch 27/80 [Train]:  39%|███▉      | 81/208 [00:03<00:05, 23.74it/s, loss=0.799, acc=85.4%, lr=2.4e-04]
Epoch 27/80 [Train]:  39%|███▉      | 81/208 [00:03<00:05, 23.74it/s, loss=0.825, acc=85.4%, lr=2.4e-04]
Epoch 27/80 [Train]:  39%|███▉      | 81/208 [00:03<00:05, 23.74it/s, loss=1.007, acc=85.3%, lr=2.4e-04]
Epoch 27/80 [Train]:  39%|███▉      | 81/208 [00:03<00:05, 23.74it/s, loss=0.728, acc=85.3%, lr=2.4e-04]
Epoch 27/80 [Train]:  40%|████      | 84/208 [00:03<00:05, 24.20it/s, loss=0.728, acc=85.3%, lr=2.4e-04]
Epoch 27/80 [Train]:  40%|████      | 84/208 [00:03<00:05, 24.20it/s, loss=0.827, acc=85.3%, lr=2.4e-04]
Epoch 27/80 [Train]:  40%|████      | 84/208 [00:03<00:05, 24.20it/s, loss=0.923, acc=85.2%, lr=2.4e-04]
Epoch 27/80 [Train]:  40%|████      | 84/208 [00:03<00:05, 24.20it/s, loss=0.849, acc=85.2%, lr=2.4e-04]
Epoch 27/80 [Train]:  42%|████▏     | 87/208 [00:03<00:04, 24.63it/s, loss=0.849, acc=85.2%, lr=2.4e-04]
Epoch 27/80 [Train]:  42%|████▏     | 87/208 [00:03<00:04, 24.63it/s, loss=0.822, acc=85.2%, lr=2.4e-04]
Epoch 27/80 [Train]:  42%|████▏     | 87/208 [00:03<00:04, 24.63it/s, loss=0.926, acc=85.2%, lr=2.4e-04]
Epoch 27/80 [Train]:  42%|████▏     | 87/208 [00:03<00:04, 24.63it/s, loss=0.862, acc=85.1%, lr=2.4e-04]
Epoch 27/80 [Train]:  43%|████▎     | 90/208 [00:03<00:04, 24.88it/s, loss=0.862, acc=85.1%, lr=2.4e-04]
Epoch 27/80 [Train]:  43%|████▎     | 90/208 [00:03<00:04, 24.88it/s, loss=0.740, acc=85.0%, lr=2.4e-04]
Epoch 27/80 [Train]:  43%|████▎     | 90/208 [00:03<00:04, 24.88it/s, loss=0.782, acc=85.0%, lr=2.4e-04]
Epoch 27/80 [Train]:  43%|████▎     | 90/208 [00:03<00:04, 24.88it/s, loss=1.048, acc=84.9%, lr=2.4e-04]
Epoch 27/80 [Train]:  45%|████▍     | 93/208 [00:03<00:04, 25.21it/s, loss=1.048, acc=84.9%, lr=2.4e-04]
Epoch 27/80 [Train]:  45%|████▍     | 93/208 [00:03<00:04, 25.21it/s, loss=0.761, acc=85.0%, lr=2.4e-04]
Epoch 27/80 [Train]:  45%|████▍     | 93/208 [00:03<00:04, 25.21it/s, loss=1.040, acc=84.9%, lr=2.4e-04]
Epoch 27/80 [Train]:  45%|████▍     | 93/208 [00:03<00:04, 25.21it/s, loss=1.085, acc=84.9%, lr=2.4e-04]
Epoch 27/80 [Train]:  46%|████▌     | 96/208 [00:03<00:04, 25.47it/s, loss=1.085, acc=84.9%, lr=2.4e-04]
Epoch 27/80 [Train]:  46%|████▌     | 96/208 [00:03<00:04, 25.47it/s, loss=0.905, acc=84.8%, lr=2.4e-04]
Epoch 27/80 [Train]:  46%|████▌     | 96/208 [00:04<00:04, 25.47it/s, loss=0.925, acc=84.8%, lr=2.4e-04]
Epoch 27/80 [Train]:  46%|████▌     | 96/208 [00:04<00:04, 25.47it/s, loss=0.801, acc=84.8%, lr=2.4e-04]
Epoch 27/80 [Train]:  48%|████▊     | 99/208 [00:04<00:04, 25.39it/s, loss=0.801, acc=84.8%, lr=2.4e-04]
Epoch 27/80 [Train]:  48%|████▊     | 99/208 [00:04<00:04, 25.39it/s, loss=0.882, acc=84.8%, lr=2.4e-04]
Epoch 27/80 [Train]:  48%|████▊     | 99/208 [00:04<00:04, 25.39it/s, loss=1.017, acc=84.8%, lr=2.4e-04]
Epoch 27/80 [Train]:  48%|████▊     | 99/208 [00:04<00:04, 25.39it/s, loss=0.891, acc=84.8%, lr=2.4e-04]
Epoch 27/80 [Train]:  49%|████▉     | 102/208 [00:04<00:04, 25.35it/s, loss=0.891, acc=84.8%, lr=2.4e-04]
Epoch 27/80 [Train]:  49%|████▉     | 102/208 [00:04<00:04, 25.35it/s, loss=0.724, acc=84.8%, lr=2.4e-04]
Epoch 27/80 [Train]:  49%|████▉     | 102/208 [00:04<00:04, 25.35it/s, loss=0.756, acc=84.9%, lr=2.4e-04]
Epoch 27/80 [Train]:  49%|████▉     | 102/208 [00:04<00:04, 25.35it/s, loss=0.913, acc=84.9%, lr=2.4e-04]
Epoch 27/80 [Train]:  50%|█████     | 105/208 [00:04<00:04, 25.09it/s, loss=0.913, acc=84.9%, lr=2.4e-04]
Epoch 27/80 [Train]:  50%|█████     | 105/208 [00:04<00:04, 25.09it/s, loss=1.033, acc=84.9%, lr=2.4e-04]
Epoch 27/80 [Train]:  50%|█████     | 105/208 [00:04<00:04, 25.09it/s, loss=0.856, acc=84.9%, lr=2.4e-04]
Epoch 27/80 [Train]:  50%|█████     | 105/208 [00:04<00:04, 25.09it/s, loss=0.788, acc=84.8%, lr=2.4e-04]
Epoch 27/80 [Train]:  52%|█████▏    | 108/208 [00:04<00:04, 24.74it/s, loss=0.788, acc=84.8%, lr=2.4e-04]
Epoch 27/80 [Train]:  52%|█████▏    | 108/208 [00:04<00:04, 24.74it/s, loss=0.939, acc=84.8%, lr=2.4e-04]
Epoch 27/80 [Train]:  52%|█████▏    | 108/208 [00:04<00:04, 24.74it/s, loss=0.775, acc=84.8%, lr=2.4e-04]
Epoch 27/80 [Train]:  52%|█████▏    | 108/208 [00:04<00:04, 24.74it/s, loss=0.975, acc=84.9%, lr=2.4e-04]
Epoch 27/80 [Train]:  53%|█████▎    | 111/208 [00:04<00:03, 24.72it/s, loss=0.975, acc=84.9%, lr=2.4e-04]
Epoch 27/80 [Train]:  53%|█████▎    | 111/208 [00:04<00:03, 24.72it/s, loss=0.765, acc=84.9%, lr=2.4e-04]
Epoch 27/80 [Train]:  53%|█████▎    | 111/208 [00:04<00:03, 24.72it/s, loss=0.773, acc=84.9%, lr=2.4e-04]
Epoch 27/80 [Train]:  53%|█████▎    | 111/208 [00:04<00:03, 24.72it/s, loss=0.791, acc=84.8%, lr=2.4e-04]
Epoch 27/80 [Train]:  55%|█████▍    | 114/208 [00:04<00:03, 25.06it/s, loss=0.791, acc=84.8%, lr=2.4e-04]
Epoch 27/80 [Train]:  55%|█████▍    | 114/208 [00:04<00:03, 25.06it/s, loss=0.655, acc=84.9%, lr=2.4e-04]
Epoch 27/80 [Train]:  55%|█████▍    | 114/208 [00:04<00:03, 25.06it/s, loss=0.779, acc=84.9%, lr=2.4e-04]
Epoch 27/80 [Train]:  55%|█████▍    | 114/208 [00:04<00:03, 25.06it/s, loss=0.691, acc=84.9%, lr=2.4e-04]
Epoch 27/80 [Train]:  56%|█████▋    | 117/208 [00:04<00:03, 25.12it/s, loss=0.691, acc=84.9%, lr=2.4e-04]
Epoch 27/80 [Train]:  56%|█████▋    | 117/208 [00:04<00:03, 25.12it/s, loss=0.702, acc=85.0%, lr=2.4e-04]
Epoch 27/80 [Train]:  56%|█████▋    | 117/208 [00:04<00:03, 25.12it/s, loss=0.846, acc=84.9%, lr=2.4e-04]
Epoch 27/80 [Train]:  56%|█████▋    | 117/208 [00:04<00:03, 25.12it/s, loss=0.931, acc=84.9%, lr=2.4e-04]
Epoch 27/80 [Train]:  58%|█████▊    | 120/208 [00:04<00:03, 25.37it/s, loss=0.931, acc=84.9%, lr=2.4e-04]
Epoch 27/80 [Train]:  58%|█████▊    | 120/208 [00:04<00:03, 25.37it/s, loss=0.723, acc=84.9%, lr=2.4e-04]
Epoch 27/80 [Train]:  58%|█████▊    | 120/208 [00:04<00:03, 25.37it/s, loss=0.870, acc=84.9%, lr=2.4e-04]
Epoch 27/80 [Train]:  58%|█████▊    | 120/208 [00:05<00:03, 25.37it/s, loss=0.890, acc=84.9%, lr=2.4e-04]
Epoch 27/80 [Train]:  59%|█████▉    | 123/208 [00:05<00:03, 25.47it/s, loss=0.890, acc=84.9%, lr=2.4e-04]
Epoch 27/80 [Train]:  59%|█████▉    | 123/208 [00:05<00:03, 25.47it/s, loss=0.961, acc=84.8%, lr=2.4e-04]
Epoch 27/80 [Train]:  59%|█████▉    | 123/208 [00:05<00:03, 25.47it/s, loss=0.938, acc=84.8%, lr=2.4e-04]
Epoch 27/80 [Train]:  59%|█████▉    | 123/208 [00:05<00:03, 25.47it/s, loss=0.657, acc=84.8%, lr=2.4e-04]
Epoch 27/80 [Train]:  61%|██████    | 126/208 [00:05<00:03, 25.41it/s, loss=0.657, acc=84.8%, lr=2.4e-04]
Epoch 27/80 [Train]:  61%|██████    | 126/208 [00:05<00:03, 25.41it/s, loss=0.970, acc=84.8%, lr=2.4e-04]
Epoch 27/80 [Train]:  61%|██████    | 126/208 [00:05<00:03, 25.41it/s, loss=0.848, acc=84.7%, lr=2.4e-04]
Epoch 27/80 [Train]:  61%|██████    | 126/208 [00:05<00:03, 25.41it/s, loss=0.849, acc=84.7%, lr=2.4e-04]
Epoch 27/80 [Train]:  62%|██████▏   | 129/208 [00:05<00:03, 25.02it/s, loss=0.849, acc=84.7%, lr=2.4e-04]
Epoch 27/80 [Train]:  62%|██████▏   | 129/208 [00:05<00:03, 25.02it/s, loss=0.794, acc=84.7%, lr=2.4e-04]
Epoch 27/80 [Train]:  62%|██████▏   | 129/208 [00:05<00:03, 25.02it/s, loss=0.902, acc=84.7%, lr=2.4e-04]
Epoch 27/80 [Train]:  62%|██████▏   | 129/208 [00:05<00:03, 25.02it/s, loss=0.828, acc=84.7%, lr=2.4e-04]
Epoch 27/80 [Train]:  63%|██████▎   | 132/208 [00:05<00:03, 25.13it/s, loss=0.828, acc=84.7%, lr=2.4e-04]
Epoch 27/80 [Train]:  63%|██████▎   | 132/208 [00:05<00:03, 25.13it/s, loss=0.707, acc=84.8%, lr=2.4e-04]
Epoch 27/80 [Train]:  63%|██████▎   | 132/208 [00:05<00:03, 25.13it/s, loss=0.884, acc=84.8%, lr=2.4e-04]
Epoch 27/80 [Train]:  63%|██████▎   | 132/208 [00:05<00:03, 25.13it/s, loss=0.781, acc=84.8%, lr=2.4e-04]
Epoch 27/80 [Train]:  65%|██████▍   | 135/208 [00:05<00:02, 25.11it/s, loss=0.781, acc=84.8%, lr=2.4e-04]
Epoch 27/80 [Train]:  65%|██████▍   | 135/208 [00:05<00:02, 25.11it/s, loss=0.687, acc=84.8%, lr=2.4e-04]
Epoch 27/80 [Train]:  65%|██████▍   | 135/208 [00:05<00:02, 25.11it/s, loss=0.809, acc=84.8%, lr=2.4e-04]
Epoch 27/80 [Train]:  65%|██████▍   | 135/208 [00:05<00:02, 25.11it/s, loss=0.894, acc=84.8%, lr=2.4e-04]
Epoch 27/80 [Train]:  66%|██████▋   | 138/208 [00:05<00:02, 25.29it/s, loss=0.894, acc=84.8%, lr=2.4e-04]
Epoch 27/80 [Train]:  66%|██████▋   | 138/208 [00:05<00:02, 25.29it/s, loss=0.931, acc=84.8%, lr=2.4e-04]
Epoch 27/80 [Train]:  66%|██████▋   | 138/208 [00:05<00:02, 25.29it/s, loss=0.996, acc=84.8%, lr=2.4e-04]
Epoch 27/80 [Train]:  66%|██████▋   | 138/208 [00:05<00:02, 25.29it/s, loss=0.862, acc=84.8%, lr=2.4e-04]
Epoch 27/80 [Train]:  68%|██████▊   | 141/208 [00:05<00:02, 25.10it/s, loss=0.862, acc=84.8%, lr=2.4e-04]
Epoch 27/80 [Train]:  68%|██████▊   | 141/208 [00:05<00:02, 25.10it/s, loss=0.700, acc=84.8%, lr=2.4e-04]
Epoch 27/80 [Train]:  68%|██████▊   | 141/208 [00:05<00:02, 25.10it/s, loss=0.903, acc=84.8%, lr=2.4e-04]
Epoch 27/80 [Train]:  68%|██████▊   | 141/208 [00:05<00:02, 25.10it/s, loss=0.873, acc=84.7%, lr=2.4e-04]
Epoch 27/80 [Train]:  69%|██████▉   | 144/208 [00:05<00:02, 25.13it/s, loss=0.873, acc=84.7%, lr=2.4e-04]
Epoch 27/80 [Train]:  69%|██████▉   | 144/208 [00:05<00:02, 25.13it/s, loss=0.940, acc=84.7%, lr=2.4e-04]
Epoch 27/80 [Train]:  69%|██████▉   | 144/208 [00:05<00:02, 25.13it/s, loss=0.665, acc=84.7%, lr=2.4e-04]
Epoch 27/80 [Train]:  69%|██████▉   | 144/208 [00:05<00:02, 25.13it/s, loss=0.769, acc=84.8%, lr=2.4e-04]
Epoch 27/80 [Train]:  71%|███████   | 147/208 [00:05<00:02, 25.29it/s, loss=0.769, acc=84.8%, lr=2.4e-04]
Epoch 27/80 [Train]:  71%|███████   | 147/208 [00:06<00:02, 25.29it/s, loss=0.948, acc=84.7%, lr=2.4e-04]
Epoch 27/80 [Train]:  71%|███████   | 147/208 [00:06<00:02, 25.29it/s, loss=0.725, acc=84.7%, lr=2.4e-04]
Epoch 27/80 [Train]:  71%|███████   | 147/208 [00:06<00:02, 25.29it/s, loss=0.768, acc=84.8%, lr=2.4e-04]
Epoch 27/80 [Train]:  72%|███████▏  | 150/208 [00:06<00:02, 25.26it/s, loss=0.768, acc=84.8%, lr=2.4e-04]
Epoch 27/80 [Train]:  72%|███████▏  | 150/208 [00:06<00:02, 25.26it/s, loss=0.900, acc=84.7%, lr=2.4e-04]
Epoch 27/80 [Train]:  72%|███████▏  | 150/208 [00:06<00:02, 25.26it/s, loss=1.028, acc=84.7%, lr=2.4e-04]
Epoch 27/80 [Train]:  72%|███████▏  | 150/208 [00:06<00:02, 25.26it/s, loss=0.871, acc=84.7%, lr=2.4e-04]
Epoch 27/80 [Train]:  74%|███████▎  | 153/208 [00:06<00:02, 25.40it/s, loss=0.871, acc=84.7%, lr=2.4e-04]
Epoch 27/80 [Train]:  74%|███████▎  | 153/208 [00:06<00:02, 25.40it/s, loss=0.664, acc=84.8%, lr=2.4e-04]
Epoch 27/80 [Train]:  74%|███████▎  | 153/208 [00:06<00:02, 25.40it/s, loss=0.934, acc=84.7%, lr=2.4e-04]
Epoch 27/80 [Train]:  74%|███████▎  | 153/208 [00:06<00:02, 25.40it/s, loss=1.023, acc=84.6%, lr=2.4e-04]
Epoch 27/80 [Train]:  75%|███████▌  | 156/208 [00:06<00:02, 25.35it/s, loss=1.023, acc=84.6%, lr=2.4e-04]
Epoch 27/80 [Train]:  75%|███████▌  | 156/208 [00:06<00:02, 25.35it/s, loss=0.849, acc=84.6%, lr=2.4e-04]
Epoch 27/80 [Train]:  75%|███████▌  | 156/208 [00:06<00:02, 25.35it/s, loss=0.823, acc=84.6%, lr=2.4e-04]
Epoch 27/80 [Train]:  75%|███████▌  | 156/208 [00:06<00:02, 25.35it/s, loss=0.760, acc=84.6%, lr=2.4e-04]
Epoch 27/80 [Train]:  76%|███████▋  | 159/208 [00:06<00:01, 25.22it/s, loss=0.760, acc=84.6%, lr=2.4e-04]
Epoch 27/80 [Train]:  76%|███████▋  | 159/208 [00:06<00:01, 25.22it/s, loss=0.895, acc=84.6%, lr=2.4e-04]
Epoch 27/80 [Train]:  76%|███████▋  | 159/208 [00:06<00:01, 25.22it/s, loss=0.853, acc=84.6%, lr=2.4e-04]
Epoch 27/80 [Train]:  76%|███████▋  | 159/208 [00:06<00:01, 25.22it/s, loss=0.781, acc=84.6%, lr=2.4e-04]
Epoch 27/80 [Train]:  78%|███████▊  | 162/208 [00:06<00:01, 25.47it/s, loss=0.781, acc=84.6%, lr=2.4e-04]
Epoch 27/80 [Train]:  78%|███████▊  | 162/208 [00:06<00:01, 25.47it/s, loss=0.786, acc=84.5%, lr=2.4e-04]
Epoch 27/80 [Train]:  78%|███████▊  | 162/208 [00:06<00:01, 25.47it/s, loss=0.903, acc=84.5%, lr=2.4e-04]
Epoch 27/80 [Train]:  78%|███████▊  | 162/208 [00:06<00:01, 25.47it/s, loss=0.886, acc=84.5%, lr=2.4e-04]
Epoch 27/80 [Train]:  79%|███████▉  | 165/208 [00:06<00:01, 25.19it/s, loss=0.886, acc=84.5%, lr=2.4e-04]
Epoch 27/80 [Train]:  79%|███████▉  | 165/208 [00:06<00:01, 25.19it/s, loss=0.887, acc=84.5%, lr=2.4e-04]
Epoch 27/80 [Train]:  79%|███████▉  | 165/208 [00:06<00:01, 25.19it/s, loss=0.874, acc=84.5%, lr=2.4e-04]
Epoch 27/80 [Train]:  79%|███████▉  | 165/208 [00:06<00:01, 25.19it/s, loss=0.905, acc=84.5%, lr=2.4e-04]
Epoch 27/80 [Train]:  81%|████████  | 168/208 [00:06<00:01, 25.30it/s, loss=0.905, acc=84.5%, lr=2.4e-04]
Epoch 27/80 [Train]:  81%|████████  | 168/208 [00:06<00:01, 25.30it/s, loss=0.719, acc=84.5%, lr=2.4e-04]
Epoch 27/80 [Train]:  81%|████████  | 168/208 [00:06<00:01, 25.30it/s, loss=0.769, acc=84.5%, lr=2.4e-04]
Epoch 27/80 [Train]:  81%|████████  | 168/208 [00:06<00:01, 25.30it/s, loss=0.818, acc=84.5%, lr=2.4e-04]
Epoch 27/80 [Train]:  82%|████████▏ | 171/208 [00:06<00:01, 25.39it/s, loss=0.818, acc=84.5%, lr=2.4e-04]
Epoch 27/80 [Train]:  82%|████████▏ | 171/208 [00:06<00:01, 25.39it/s, loss=0.803, acc=84.5%, lr=2.4e-04]
Epoch 27/80 [Train]:  82%|████████▏ | 171/208 [00:07<00:01, 25.39it/s, loss=0.667, acc=84.5%, lr=2.4e-04]
Epoch 27/80 [Train]:  82%|████████▏ | 171/208 [00:07<00:01, 25.39it/s, loss=0.731, acc=84.5%, lr=2.4e-04]
Epoch 27/80 [Train]:  84%|████████▎ | 174/208 [00:07<00:01, 24.85it/s, loss=0.731, acc=84.5%, lr=2.4e-04]
Epoch 27/80 [Train]:  84%|████████▎ | 174/208 [00:07<00:01, 24.85it/s, loss=1.018, acc=84.4%, lr=2.4e-04]
Epoch 27/80 [Train]:  84%|████████▎ | 174/208 [00:07<00:01, 24.85it/s, loss=0.907, acc=84.4%, lr=2.4e-04]
Epoch 27/80 [Train]:  84%|████████▎ | 174/208 [00:07<00:01, 24.85it/s, loss=0.947, acc=84.4%, lr=2.4e-04]
Epoch 27/80 [Train]:  85%|████████▌ | 177/208 [00:07<00:01, 24.97it/s, loss=0.947, acc=84.4%, lr=2.4e-04]
Epoch 27/80 [Train]:  85%|████████▌ | 177/208 [00:07<00:01, 24.97it/s, loss=0.912, acc=84.3%, lr=2.4e-04]
Epoch 27/80 [Train]:  85%|████████▌ | 177/208 [00:07<00:01, 24.97it/s, loss=0.906, acc=84.3%, lr=2.4e-04]
Epoch 27/80 [Train]:  85%|████████▌ | 177/208 [00:07<00:01, 24.97it/s, loss=0.979, acc=84.3%, lr=2.4e-04]
Epoch 27/80 [Train]:  87%|████████▋ | 180/208 [00:07<00:01, 24.66it/s, loss=0.979, acc=84.3%, lr=2.4e-04]
Epoch 27/80 [Train]:  87%|████████▋ | 180/208 [00:07<00:01, 24.66it/s, loss=0.847, acc=84.3%, lr=2.4e-04]
Epoch 27/80 [Train]:  87%|████████▋ | 180/208 [00:07<00:01, 24.66it/s, loss=0.865, acc=84.3%, lr=2.4e-04]
Epoch 27/80 [Train]:  87%|████████▋ | 180/208 [00:07<00:01, 24.66it/s, loss=0.900, acc=84.3%, lr=2.4e-04]
Epoch 27/80 [Train]:  88%|████████▊ | 183/208 [00:07<00:00, 25.01it/s, loss=0.900, acc=84.3%, lr=2.4e-04]
Epoch 27/80 [Train]:  88%|████████▊ | 183/208 [00:07<00:00, 25.01it/s, loss=0.972, acc=84.3%, lr=2.4e-04]
Epoch 27/80 [Train]:  88%|████████▊ | 183/208 [00:07<00:00, 25.01it/s, loss=0.884, acc=84.3%, lr=2.4e-04]
Epoch 27/80 [Train]:  88%|████████▊ | 183/208 [00:07<00:00, 25.01it/s, loss=0.760, acc=84.3%, lr=2.4e-04]
Epoch 27/80 [Train]:  89%|████████▉ | 186/208 [00:07<00:00, 24.41it/s, loss=0.760, acc=84.3%, lr=2.4e-04]
Epoch 27/80 [Train]:  89%|████████▉ | 186/208 [00:07<00:00, 24.41it/s, loss=0.832, acc=84.3%, lr=2.4e-04]
Epoch 27/80 [Train]:  89%|████████▉ | 186/208 [00:07<00:00, 24.41it/s, loss=0.815, acc=84.3%, lr=2.4e-04]
Epoch 27/80 [Train]:  89%|████████▉ | 186/208 [00:07<00:00, 24.41it/s, loss=0.854, acc=84.3%, lr=2.4e-04]
Epoch 27/80 [Train]:  91%|█████████ | 189/208 [00:07<00:00, 24.39it/s, loss=0.854, acc=84.3%, lr=2.4e-04]
Epoch 27/80 [Train]:  91%|█████████ | 189/208 [00:07<00:00, 24.39it/s, loss=0.796, acc=84.3%, lr=2.4e-04]
Epoch 27/80 [Train]:  91%|█████████ | 189/208 [00:07<00:00, 24.39it/s, loss=0.884, acc=84.3%, lr=2.4e-04]
Epoch 27/80 [Train]:  91%|█████████ | 189/208 [00:07<00:00, 24.39it/s, loss=0.801, acc=84.3%, lr=2.4e-04]
Epoch 27/80 [Train]:  92%|█████████▏| 192/208 [00:07<00:00, 24.78it/s, loss=0.801, acc=84.3%, lr=2.4e-04]
Epoch 27/80 [Train]:  92%|█████████▏| 192/208 [00:07<00:00, 24.78it/s, loss=0.879, acc=84.3%, lr=2.4e-04]
Epoch 27/80 [Train]:  92%|█████████▏| 192/208 [00:07<00:00, 24.78it/s, loss=0.880, acc=84.3%, lr=2.4e-04]
Epoch 27/80 [Train]:  92%|█████████▏| 192/208 [00:07<00:00, 24.78it/s, loss=0.729, acc=84.3%, lr=2.4e-04]
Epoch 27/80 [Train]:  94%|█████████▍| 195/208 [00:07<00:00, 25.11it/s, loss=0.729, acc=84.3%, lr=2.4e-04]
Epoch 27/80 [Train]:  94%|█████████▍| 195/208 [00:07<00:00, 25.11it/s, loss=0.801, acc=84.3%, lr=2.4e-04]
Epoch 27/80 [Train]:  94%|█████████▍| 195/208 [00:07<00:00, 25.11it/s, loss=0.966, acc=84.3%, lr=2.4e-04]
Epoch 27/80 [Train]:  94%|█████████▍| 195/208 [00:08<00:00, 25.11it/s, loss=0.899, acc=84.3%, lr=2.4e-04]
Epoch 27/80 [Train]:  95%|█████████▌| 198/208 [00:08<00:00, 25.24it/s, loss=0.899, acc=84.3%, lr=2.4e-04]
Epoch 27/80 [Train]:  95%|█████████▌| 198/208 [00:08<00:00, 25.24it/s, loss=0.891, acc=84.3%, lr=2.4e-04]
Epoch 27/80 [Train]:  95%|█████████▌| 198/208 [00:08<00:00, 25.24it/s, loss=0.931, acc=84.3%, lr=2.4e-04]
Epoch 27/80 [Train]:  95%|█████████▌| 198/208 [00:08<00:00, 25.24it/s, loss=0.676, acc=84.3%, lr=2.4e-04]
Epoch 27/80 [Train]:  97%|█████████▋| 201/208 [00:08<00:00, 25.09it/s, loss=0.676, acc=84.3%, lr=2.4e-04]
Epoch 27/80 [Train]:  97%|█████████▋| 201/208 [00:08<00:00, 25.09it/s, loss=0.929, acc=84.3%, lr=2.4e-04]
Epoch 27/80 [Train]:  97%|█████████▋| 201/208 [00:08<00:00, 25.09it/s, loss=0.767, acc=84.3%, lr=2.4e-04]
Epoch 27/80 [Train]:  97%|█████████▋| 201/208 [00:08<00:00, 25.09it/s, loss=0.774, acc=84.3%, lr=2.4e-04]
Epoch 27/80 [Train]:  98%|█████████▊| 204/208 [00:08<00:00, 25.04it/s, loss=0.774, acc=84.3%, lr=2.4e-04]
Epoch 27/80 [Train]:  98%|█████████▊| 204/208 [00:08<00:00, 25.04it/s, loss=0.957, acc=84.3%, lr=2.4e-04]
Epoch 27/80 [Train]:  98%|█████████▊| 204/208 [00:08<00:00, 25.04it/s, loss=0.991, acc=84.3%, lr=2.4e-04]
Epoch 27/80 [Train]:  98%|█████████▊| 204/208 [00:08<00:00, 25.04it/s, loss=0.862, acc=84.3%, lr=2.4e-04]
Epoch 27/80 [Train]: 100%|█████████▉| 207/208 [00:08<00:00, 25.29it/s, loss=0.862, acc=84.3%, lr=2.4e-04]
Epoch 27/80 [Train]: 100%|█████████▉| 207/208 [00:08<00:00, 25.29it/s, loss=0.775, acc=84.3%, lr=2.4e-04]
Epoch 27/80 [Train]: 100%|██████████| 208/208 [00:08<00:00, 24.79it/s, loss=0.775, acc=84.3%, lr=2.4e-04]

[2026-08-17 01:21:57] [EPOCH 27 SUMMARY]
  Train: Loss = 0.8367 | Top-1 Acc =  84.27%
  Val:   Top-1 Acc =  11.74% | Top-3 =  33.17% | Top-5 =  45.16%
         APL = 10.42 dB | Profile MAE =  2.24 dB (Rank Corr: 0.514)
  Time:  Epoch = 8.4s (Val Eval: 2.0s) | Total Elapsed = 00h:03m:54s | ETA: 00h:07m:40s
  -> [INFO] No improvement for 19/12 epochs (Best: 15.65%)

[2026-08-17 01:21:57] >>> [EPOCH 28/80] Training Started <<<

Epoch 28/80 [Train]:   0%|          | 0/208 [00:00<?, ?it/s]
Epoch 28/80 [Train]:   0%|          | 0/208 [00:00<?, ?it/s, loss=0.846, acc=85.9%, lr=2.4e-04]
Epoch 28/80 [Train]:   0%|          | 0/208 [00:00<?, ?it/s, loss=0.834, acc=85.9%, lr=2.4e-04]
Epoch 28/80 [Train]:   0%|          | 0/208 [00:00<?, ?it/s, loss=0.910, acc=84.4%, lr=2.4e-04]
Epoch 28/80 [Train]:   1%|▏         | 3/208 [00:00<00:08, 24.71it/s, loss=0.910, acc=84.4%, lr=2.4e-04]
Epoch 28/80 [Train]:   1%|▏         | 3/208 [00:00<00:08, 24.71it/s, loss=0.741, acc=85.2%, lr=2.4e-04]
Epoch 28/80 [Train]:   1%|▏         | 3/208 [00:00<00:08, 24.71it/s, loss=0.827, acc=85.9%, lr=2.4e-04]
Epoch 28/80 [Train]:   1%|▏         | 3/208 [00:00<00:08, 24.71it/s, loss=0.730, acc=85.9%, lr=2.4e-04]
Epoch 28/80 [Train]:   3%|▎         | 6/208 [00:00<00:07, 25.44it/s, loss=0.730, acc=85.9%, lr=2.4e-04]
Epoch 28/80 [Train]:   3%|▎         | 6/208 [00:00<00:07, 25.44it/s, loss=0.784, acc=85.7%, lr=2.4e-04]
Epoch 28/80 [Train]:   3%|▎         | 6/208 [00:00<00:07, 25.44it/s, loss=0.776, acc=85.5%, lr=2.4e-04]
Epoch 28/80 [Train]:   3%|▎         | 6/208 [00:00<00:07, 25.44it/s, loss=0.814, acc=85.8%, lr=2.4e-04]
Epoch 28/80 [Train]:   4%|▍         | 9/208 [00:00<00:07, 25.29it/s, loss=0.814, acc=85.8%, lr=2.4e-04]
Epoch 28/80 [Train]:   4%|▍         | 9/208 [00:00<00:07, 25.29it/s, loss=0.674, acc=86.1%, lr=2.4e-04]
Epoch 28/80 [Train]:   4%|▍         | 9/208 [00:00<00:07, 25.29it/s, loss=0.892, acc=85.7%, lr=2.4e-04]
Epoch 28/80 [Train]:   4%|▍         | 9/208 [00:00<00:07, 25.29it/s, loss=0.926, acc=84.9%, lr=2.4e-04]
Epoch 28/80 [Train]:   6%|▌         | 12/208 [00:00<00:07, 25.48it/s, loss=0.926, acc=84.9%, lr=2.4e-04]
Epoch 28/80 [Train]:   6%|▌         | 12/208 [00:00<00:07, 25.48it/s, loss=0.670, acc=85.1%, lr=2.4e-04]
Epoch 28/80 [Train]:   6%|▌         | 12/208 [00:00<00:07, 25.48it/s, loss=0.891, acc=85.0%, lr=2.4e-04]
Epoch 28/80 [Train]:   6%|▌         | 12/208 [00:00<00:07, 25.48it/s, loss=0.659, acc=85.3%, lr=2.4e-04]
Epoch 28/80 [Train]:   7%|▋         | 15/208 [00:00<00:07, 25.48it/s, loss=0.659, acc=85.3%, lr=2.4e-04]
Epoch 28/80 [Train]:   7%|▋         | 15/208 [00:00<00:07, 25.48it/s, loss=0.708, acc=85.1%, lr=2.4e-04]
Epoch 28/80 [Train]:   7%|▋         | 15/208 [00:00<00:07, 25.48it/s, loss=0.782, acc=85.2%, lr=2.4e-04]
Epoch 28/80 [Train]:   7%|▋         | 15/208 [00:00<00:07, 25.48it/s, loss=0.627, acc=85.6%, lr=2.4e-04]
Epoch 28/80 [Train]:   9%|▊         | 18/208 [00:00<00:07, 25.65it/s, loss=0.627, acc=85.6%, lr=2.4e-04]
Epoch 28/80 [Train]:   9%|▊         | 18/208 [00:00<00:07, 25.65it/s, loss=0.790, acc=85.7%, lr=2.4e-04]
Epoch 28/80 [Train]:   9%|▊         | 18/208 [00:00<00:07, 25.65it/s, loss=0.774, acc=85.6%, lr=2.4e-04]
Epoch 28/80 [Train]:   9%|▊         | 18/208 [00:00<00:07, 25.65it/s, loss=0.915, acc=85.5%, lr=2.4e-04]
Epoch 28/80 [Train]:  10%|█         | 21/208 [00:00<00:07, 25.71it/s, loss=0.915, acc=85.5%, lr=2.4e-04]
Epoch 28/80 [Train]:  10%|█         | 21/208 [00:00<00:07, 25.71it/s, loss=0.753, acc=85.7%, lr=2.4e-04]
Epoch 28/80 [Train]:  10%|█         | 21/208 [00:00<00:07, 25.71it/s, loss=0.873, acc=85.9%, lr=2.4e-04]
Epoch 28/80 [Train]:  10%|█         | 21/208 [00:00<00:07, 25.71it/s, loss=0.823, acc=85.8%, lr=2.4e-04]
Epoch 28/80 [Train]:  12%|█▏        | 24/208 [00:00<00:07, 25.30it/s, loss=0.823, acc=85.8%, lr=2.4e-04]
Epoch 28/80 [Train]:  12%|█▏        | 24/208 [00:00<00:07, 25.30it/s, loss=1.004, acc=85.9%, lr=2.4e-04]
Epoch 28/80 [Train]:  12%|█▏        | 24/208 [00:01<00:07, 25.30it/s, loss=0.733, acc=85.9%, lr=2.4e-04]
Epoch 28/80 [Train]:  12%|█▏        | 24/208 [00:01<00:07, 25.30it/s, loss=0.719, acc=86.1%, lr=2.4e-04]
Epoch 28/80 [Train]:  13%|█▎        | 27/208 [00:01<00:07, 25.58it/s, loss=0.719, acc=86.1%, lr=2.4e-04]
Epoch 28/80 [Train]:  13%|█▎        | 27/208 [00:01<00:07, 25.58it/s, loss=0.740, acc=85.8%, lr=2.4e-04]
Epoch 28/80 [Train]:  13%|█▎        | 27/208 [00:01<00:07, 25.58it/s, loss=0.698, acc=86.0%, lr=2.4e-04]
Epoch 28/80 [Train]:  13%|█▎        | 27/208 [00:01<00:07, 25.58it/s, loss=0.771, acc=85.9%, lr=2.4e-04]
Epoch 28/80 [Train]:  14%|█▍        | 30/208 [00:01<00:07, 25.36it/s, loss=0.771, acc=85.9%, lr=2.4e-04]
Epoch 28/80 [Train]:  14%|█▍        | 30/208 [00:01<00:07, 25.36it/s, loss=0.751, acc=85.8%, lr=2.4e-04]
Epoch 28/80 [Train]:  14%|█▍        | 30/208 [00:01<00:07, 25.36it/s, loss=0.768, acc=85.9%, lr=2.4e-04]
Epoch 28/80 [Train]:  14%|█▍        | 30/208 [00:01<00:07, 25.36it/s, loss=0.827, acc=86.0%, lr=2.4e-04]
Epoch 28/80 [Train]:  16%|█▌        | 33/208 [00:01<00:06, 25.44it/s, loss=0.827, acc=86.0%, lr=2.4e-04]
Epoch 28/80 [Train]:  16%|█▌        | 33/208 [00:01<00:06, 25.44it/s, loss=1.061, acc=85.9%, lr=2.4e-04]
Epoch 28/80 [Train]:  16%|█▌        | 33/208 [00:01<00:06, 25.44it/s, loss=0.679, acc=86.0%, lr=2.4e-04]
Epoch 28/80 [Train]:  16%|█▌        | 33/208 [00:01<00:06, 25.44it/s, loss=0.923, acc=85.9%, lr=2.4e-04]
Epoch 28/80 [Train]:  17%|█▋        | 36/208 [00:01<00:06, 25.50it/s, loss=0.923, acc=85.9%, lr=2.4e-04]
Epoch 28/80 [Train]:  17%|█▋        | 36/208 [00:01<00:06, 25.50it/s, loss=0.793, acc=85.8%, lr=2.4e-04]
Epoch 28/80 [Train]:  17%|█▋        | 36/208 [00:01<00:06, 25.50it/s, loss=0.802, acc=86.0%, lr=2.4e-04]
Epoch 28/80 [Train]:  17%|█▋        | 36/208 [00:01<00:06, 25.50it/s, loss=0.802, acc=86.0%, lr=2.4e-04]
Epoch 28/80 [Train]:  19%|█▉        | 39/208 [00:01<00:06, 24.89it/s, loss=0.802, acc=86.0%, lr=2.4e-04]
Epoch 28/80 [Train]:  19%|█▉        | 39/208 [00:01<00:06, 24.89it/s, loss=0.637, acc=86.2%, lr=2.4e-04]
Epoch 28/80 [Train]:  19%|█▉        | 39/208 [00:01<00:06, 24.89it/s, loss=0.870, acc=86.1%, lr=2.4e-04]
Epoch 28/80 [Train]:  19%|█▉        | 39/208 [00:01<00:06, 24.89it/s, loss=0.655, acc=86.1%, lr=2.4e-04]
Epoch 28/80 [Train]:  20%|██        | 42/208 [00:01<00:06, 25.04it/s, loss=0.655, acc=86.1%, lr=2.4e-04]
Epoch 28/80 [Train]:  20%|██        | 42/208 [00:01<00:06, 25.04it/s, loss=0.821, acc=85.9%, lr=2.4e-04]
Epoch 28/80 [Train]:  20%|██        | 42/208 [00:01<00:06, 25.04it/s, loss=0.770, acc=85.9%, lr=2.4e-04]
Epoch 28/80 [Train]:  20%|██        | 42/208 [00:01<00:06, 25.04it/s, loss=0.681, acc=86.1%, lr=2.4e-04]
Epoch 28/80 [Train]:  22%|██▏       | 45/208 [00:01<00:06, 25.00it/s, loss=0.681, acc=86.1%, lr=2.4e-04]
Epoch 28/80 [Train]:  22%|██▏       | 45/208 [00:01<00:06, 25.00it/s, loss=0.906, acc=86.1%, lr=2.4e-04]
Epoch 28/80 [Train]:  22%|██▏       | 45/208 [00:01<00:06, 25.00it/s, loss=0.721, acc=86.2%, lr=2.4e-04]
Epoch 28/80 [Train]:  22%|██▏       | 45/208 [00:01<00:06, 25.00it/s, loss=0.752, acc=86.3%, lr=2.4e-04]
Epoch 28/80 [Train]:  23%|██▎       | 48/208 [00:01<00:06, 25.19it/s, loss=0.752, acc=86.3%, lr=2.4e-04]
Epoch 28/80 [Train]:  23%|██▎       | 48/208 [00:01<00:06, 25.19it/s, loss=0.870, acc=86.3%, lr=2.4e-04]
Epoch 28/80 [Train]:  23%|██▎       | 48/208 [00:01<00:06, 25.19it/s, loss=0.802, acc=86.3%, lr=2.4e-04]
Epoch 28/80 [Train]:  23%|██▎       | 48/208 [00:02<00:06, 25.19it/s, loss=0.818, acc=86.1%, lr=2.4e-04]
Epoch 28/80 [Train]:  25%|██▍       | 51/208 [00:02<00:06, 25.30it/s, loss=0.818, acc=86.1%, lr=2.4e-04]
Epoch 28/80 [Train]:  25%|██▍       | 51/208 [00:02<00:06, 25.30it/s, loss=0.779, acc=86.2%, lr=2.4e-04]
Epoch 28/80 [Train]:  25%|██▍       | 51/208 [00:02<00:06, 25.30it/s, loss=0.822, acc=86.1%, lr=2.4e-04]
Epoch 28/80 [Train]:  25%|██▍       | 51/208 [00:02<00:06, 25.30it/s, loss=0.831, acc=86.1%, lr=2.4e-04]
Epoch 28/80 [Train]:  26%|██▌       | 54/208 [00:02<00:06, 25.37it/s, loss=0.831, acc=86.1%, lr=2.4e-04]
Epoch 28/80 [Train]:  26%|██▌       | 54/208 [00:02<00:06, 25.37it/s, loss=0.764, acc=85.9%, lr=2.4e-04]
Epoch 28/80 [Train]:  26%|██▌       | 54/208 [00:02<00:06, 25.37it/s, loss=0.732, acc=86.0%, lr=2.4e-04]
Epoch 28/80 [Train]:  26%|██▌       | 54/208 [00:02<00:06, 25.37it/s, loss=0.782, acc=86.0%, lr=2.4e-04]
Epoch 28/80 [Train]:  27%|██▋       | 57/208 [00:02<00:05, 25.47it/s, loss=0.782, acc=86.0%, lr=2.4e-04]
Epoch 28/80 [Train]:  27%|██▋       | 57/208 [00:02<00:05, 25.47it/s, loss=0.703, acc=86.2%, lr=2.4e-04]
Epoch 28/80 [Train]:  27%|██▋       | 57/208 [00:02<00:05, 25.47it/s, loss=0.789, acc=86.2%, lr=2.4e-04]
Epoch 28/80 [Train]:  27%|██▋       | 57/208 [00:02<00:05, 25.47it/s, loss=0.858, acc=86.1%, lr=2.4e-04]
Epoch 28/80 [Train]:  29%|██▉       | 60/208 [00:02<00:05, 25.61it/s, loss=0.858, acc=86.1%, lr=2.4e-04]
Epoch 28/80 [Train]:  29%|██▉       | 60/208 [00:02<00:05, 25.61it/s, loss=0.900, acc=86.1%, lr=2.4e-04]
Epoch 28/80 [Train]:  29%|██▉       | 60/208 [00:02<00:05, 25.61it/s, loss=0.731, acc=86.1%, lr=2.4e-04]
Epoch 28/80 [Train]:  29%|██▉       | 60/208 [00:02<00:05, 25.61it/s, loss=0.704, acc=86.1%, lr=2.4e-04]
Epoch 28/80 [Train]:  30%|███       | 63/208 [00:02<00:05, 25.47it/s, loss=0.704, acc=86.1%, lr=2.4e-04]
Epoch 28/80 [Train]:  30%|███       | 63/208 [00:02<00:05, 25.47it/s, loss=0.690, acc=86.2%, lr=2.4e-04]
Epoch 28/80 [Train]:  30%|███       | 63/208 [00:02<00:05, 25.47it/s, loss=0.776, acc=86.2%, lr=2.4e-04]
Epoch 28/80 [Train]:  30%|███       | 63/208 [00:02<00:05, 25.47it/s, loss=0.622, acc=86.2%, lr=2.4e-04]
Epoch 28/80 [Train]:  32%|███▏      | 66/208 [00:02<00:05, 24.85it/s, loss=0.622, acc=86.2%, lr=2.4e-04]
Epoch 28/80 [Train]:  32%|███▏      | 66/208 [00:02<00:05, 24.85it/s, loss=0.885, acc=86.1%, lr=2.4e-04]
Epoch 28/80 [Train]:  32%|███▏      | 66/208 [00:02<00:05, 24.85it/s, loss=0.945, acc=86.1%, lr=2.4e-04]
Epoch 28/80 [Train]:  32%|███▏      | 66/208 [00:02<00:05, 24.85it/s, loss=0.788, acc=86.1%, lr=2.4e-04]
Epoch 28/80 [Train]:  33%|███▎      | 69/208 [00:02<00:05, 24.78it/s, loss=0.788, acc=86.1%, lr=2.4e-04]
Epoch 28/80 [Train]:  33%|███▎      | 69/208 [00:02<00:05, 24.78it/s, loss=0.890, acc=86.0%, lr=2.4e-04]
Epoch 28/80 [Train]:  33%|███▎      | 69/208 [00:02<00:05, 24.78it/s, loss=0.948, acc=85.9%, lr=2.4e-04]
Epoch 28/80 [Train]:  33%|███▎      | 69/208 [00:02<00:05, 24.78it/s, loss=0.845, acc=85.8%, lr=2.4e-04]
Epoch 28/80 [Train]:  35%|███▍      | 72/208 [00:02<00:05, 24.54it/s, loss=0.845, acc=85.8%, lr=2.4e-04]
Epoch 28/80 [Train]:  35%|███▍      | 72/208 [00:02<00:05, 24.54it/s, loss=0.664, acc=85.8%, lr=2.4e-04]
Epoch 28/80 [Train]:  35%|███▍      | 72/208 [00:02<00:05, 24.54it/s, loss=0.777, acc=85.8%, lr=2.4e-04]
Epoch 28/80 [Train]:  35%|███▍      | 72/208 [00:02<00:05, 24.54it/s, loss=0.775, acc=85.8%, lr=2.4e-04]
Epoch 28/80 [Train]:  36%|███▌      | 75/208 [00:02<00:05, 24.77it/s, loss=0.775, acc=85.8%, lr=2.4e-04]
Epoch 28/80 [Train]:  36%|███▌      | 75/208 [00:03<00:05, 24.77it/s, loss=0.676, acc=85.9%, lr=2.4e-04]
Epoch 28/80 [Train]:  36%|███▌      | 75/208 [00:03<00:05, 24.77it/s, loss=0.816, acc=85.9%, lr=2.4e-04]
Epoch 28/80 [Train]:  36%|███▌      | 75/208 [00:03<00:05, 24.77it/s, loss=0.859, acc=85.8%, lr=2.4e-04]
Epoch 28/80 [Train]:  38%|███▊      | 78/208 [00:03<00:05, 25.03it/s, loss=0.859, acc=85.8%, lr=2.4e-04]
Epoch 28/80 [Train]:  38%|███▊      | 78/208 [00:03<00:05, 25.03it/s, loss=0.718, acc=85.8%, lr=2.4e-04]
Epoch 28/80 [Train]:  38%|███▊      | 78/208 [00:03<00:05, 25.03it/s, loss=0.924, acc=85.8%, lr=2.4e-04]
Epoch 28/80 [Train]:  38%|███▊      | 78/208 [00:03<00:05, 25.03it/s, loss=0.915, acc=85.8%, lr=2.4e-04]
Epoch 28/80 [Train]:  39%|███▉      | 81/208 [00:03<00:05, 25.25it/s, loss=0.915, acc=85.8%, lr=2.4e-04]
Epoch 28/80 [Train]:  39%|███▉      | 81/208 [00:03<00:05, 25.25it/s, loss=0.789, acc=85.8%, lr=2.4e-04]
Epoch 28/80 [Train]:  39%|███▉      | 81/208 [00:03<00:05, 25.25it/s, loss=0.896, acc=85.6%, lr=2.4e-04]
Epoch 28/80 [Train]:  39%|███▉      | 81/208 [00:03<00:05, 25.25it/s, loss=0.905, acc=85.5%, lr=2.4e-04]
Epoch 28/80 [Train]:  40%|████      | 84/208 [00:03<00:04, 25.40it/s, loss=0.905, acc=85.5%, lr=2.4e-04]
Epoch 28/80 [Train]:  40%|████      | 84/208 [00:03<00:04, 25.40it/s, loss=0.806, acc=85.6%, lr=2.4e-04]
Epoch 28/80 [Train]:  40%|████      | 84/208 [00:03<00:04, 25.40it/s, loss=0.642, acc=85.6%, lr=2.4e-04]
Epoch 28/80 [Train]:  40%|████      | 84/208 [00:03<00:04, 25.40it/s, loss=0.908, acc=85.7%, lr=2.4e-04]
Epoch 28/80 [Train]:  42%|████▏     | 87/208 [00:03<00:04, 25.52it/s, loss=0.908, acc=85.7%, lr=2.4e-04]
Epoch 28/80 [Train]:  42%|████▏     | 87/208 [00:03<00:04, 25.52it/s, loss=0.688, acc=85.7%, lr=2.3e-04]
Epoch 28/80 [Train]:  42%|████▏     | 87/208 [00:03<00:04, 25.52it/s, loss=0.859, acc=85.7%, lr=2.3e-04]
Epoch 28/80 [Train]:  42%|████▏     | 87/208 [00:03<00:04, 25.52it/s, loss=0.843, acc=85.7%, lr=2.3e-04]
Epoch 28/80 [Train]:  43%|████▎     | 90/208 [00:03<00:04, 25.55it/s, loss=0.843, acc=85.7%, lr=2.3e-04]
Epoch 28/80 [Train]:  43%|████▎     | 90/208 [00:03<00:04, 25.55it/s, loss=0.745, acc=85.7%, lr=2.3e-04]
Epoch 28/80 [Train]:  43%|████▎     | 90/208 [00:03<00:04, 25.55it/s, loss=0.764, acc=85.7%, lr=2.3e-04]
Epoch 28/80 [Train]:  43%|████▎     | 90/208 [00:03<00:04, 25.55it/s, loss=0.731, acc=85.7%, lr=2.3e-04]
Epoch 28/80 [Train]:  45%|████▍     | 93/208 [00:03<00:04, 25.49it/s, loss=0.731, acc=85.7%, lr=2.3e-04]
Epoch 28/80 [Train]:  45%|████▍     | 93/208 [00:03<00:04, 25.49it/s, loss=0.807, acc=85.7%, lr=2.3e-04]
Epoch 28/80 [Train]:  45%|████▍     | 93/208 [00:03<00:04, 25.49it/s, loss=0.897, acc=85.6%, lr=2.3e-04]
Epoch 28/80 [Train]:  45%|████▍     | 93/208 [00:03<00:04, 25.49it/s, loss=0.880, acc=85.7%, lr=2.3e-04]
Epoch 28/80 [Train]:  46%|████▌     | 96/208 [00:03<00:04, 25.15it/s, loss=0.880, acc=85.7%, lr=2.3e-04]
Epoch 28/80 [Train]:  46%|████▌     | 96/208 [00:03<00:04, 25.15it/s, loss=0.941, acc=85.6%, lr=2.3e-04]
Epoch 28/80 [Train]:  46%|████▌     | 96/208 [00:03<00:04, 25.15it/s, loss=0.863, acc=85.6%, lr=2.3e-04]
Epoch 28/80 [Train]:  46%|████▌     | 96/208 [00:03<00:04, 25.15it/s, loss=0.824, acc=85.7%, lr=2.3e-04]
Epoch 28/80 [Train]:  48%|████▊     | 99/208 [00:03<00:04, 25.32it/s, loss=0.824, acc=85.7%, lr=2.3e-04]
Epoch 28/80 [Train]:  48%|████▊     | 99/208 [00:03<00:04, 25.32it/s, loss=0.794, acc=85.7%, lr=2.3e-04]
Epoch 28/80 [Train]:  48%|████▊     | 99/208 [00:03<00:04, 25.32it/s, loss=0.762, acc=85.7%, lr=2.3e-04]
Epoch 28/80 [Train]:  48%|████▊     | 99/208 [00:04<00:04, 25.32it/s, loss=0.751, acc=85.7%, lr=2.3e-04]
Epoch 28/80 [Train]:  49%|████▉     | 102/208 [00:04<00:04, 25.36it/s, loss=0.751, acc=85.7%, lr=2.3e-04]
Epoch 28/80 [Train]:  49%|████▉     | 102/208 [00:04<00:04, 25.36it/s, loss=0.902, acc=85.6%, lr=2.3e-04]
Epoch 28/80 [Train]:  49%|████▉     | 102/208 [00:04<00:04, 25.36it/s, loss=0.845, acc=85.5%, lr=2.3e-04]
Epoch 28/80 [Train]:  49%|████▉     | 102/208 [00:04<00:04, 25.36it/s, loss=0.791, acc=85.5%, lr=2.3e-04]
Epoch 28/80 [Train]:  50%|█████     | 105/208 [00:04<00:04, 25.36it/s, loss=0.791, acc=85.5%, lr=2.3e-04]
Epoch 28/80 [Train]:  50%|█████     | 105/208 [00:04<00:04, 25.36it/s, loss=0.753, acc=85.6%, lr=2.3e-04]
Epoch 28/80 [Train]:  50%|█████     | 105/208 [00:04<00:04, 25.36it/s, loss=0.755, acc=85.6%, lr=2.3e-04]
Epoch 28/80 [Train]:  50%|█████     | 105/208 [00:04<00:04, 25.36it/s, loss=0.906, acc=85.5%, lr=2.3e-04]
Epoch 28/80 [Train]:  52%|█████▏    | 108/208 [00:04<00:03, 25.09it/s, loss=0.906, acc=85.5%, lr=2.3e-04]
Epoch 28/80 [Train]:  52%|█████▏    | 108/208 [00:04<00:03, 25.09it/s, loss=0.710, acc=85.5%, lr=2.3e-04]
Epoch 28/80 [Train]:  52%|█████▏    | 108/208 [00:04<00:03, 25.09it/s, loss=0.719, acc=85.6%, lr=2.3e-04]
Epoch 28/80 [Train]:  52%|█████▏    | 108/208 [00:04<00:03, 25.09it/s, loss=0.906, acc=85.5%, lr=2.3e-04]
Epoch 28/80 [Train]:  53%|█████▎    | 111/208 [00:04<00:03, 25.09it/s, loss=0.906, acc=85.5%, lr=2.3e-04]
Epoch 28/80 [Train]:  53%|█████▎    | 111/208 [00:04<00:03, 25.09it/s, loss=0.815, acc=85.5%, lr=2.3e-04]
Epoch 28/80 [Train]:  53%|█████▎    | 111/208 [00:04<00:03, 25.09it/s, loss=0.673, acc=85.6%, lr=2.3e-04]
Epoch 28/80 [Train]:  53%|█████▎    | 111/208 [00:04<00:03, 25.09it/s, loss=0.754, acc=85.5%, lr=2.3e-04]
Epoch 28/80 [Train]:  55%|█████▍    | 114/208 [00:04<00:03, 24.95it/s, loss=0.754, acc=85.5%, lr=2.3e-04]
Epoch 28/80 [Train]:  55%|█████▍    | 114/208 [00:04<00:03, 24.95it/s, loss=0.807, acc=85.6%, lr=2.3e-04]
Epoch 28/80 [Train]:  55%|█████▍    | 114/208 [00:04<00:03, 24.95it/s, loss=0.847, acc=85.5%, lr=2.3e-04]
Epoch 28/80 [Train]:  55%|█████▍    | 114/208 [00:04<00:03, 24.95it/s, loss=1.000, acc=85.5%, lr=2.3e-04]
Epoch 28/80 [Train]:  56%|█████▋    | 117/208 [00:04<00:03, 25.01it/s, loss=1.000, acc=85.5%, lr=2.3e-04]
Epoch 28/80 [Train]:  56%|█████▋    | 117/208 [00:04<00:03, 25.01it/s, loss=1.052, acc=85.4%, lr=2.3e-04]
Epoch 28/80 [Train]:  56%|█████▋    | 117/208 [00:04<00:03, 25.01it/s, loss=0.801, acc=85.5%, lr=2.3e-04]
Epoch 28/80 [Train]:  56%|█████▋    | 117/208 [00:04<00:03, 25.01it/s, loss=1.069, acc=85.4%, lr=2.3e-04]
Epoch 28/80 [Train]:  58%|█████▊    | 120/208 [00:04<00:03, 25.20it/s, loss=1.069, acc=85.4%, lr=2.3e-04]
Epoch 28/80 [Train]:  58%|█████▊    | 120/208 [00:04<00:03, 25.20it/s, loss=0.949, acc=85.4%, lr=2.3e-04]
Epoch 28/80 [Train]:  58%|█████▊    | 120/208 [00:04<00:03, 25.20it/s, loss=0.840, acc=85.4%, lr=2.3e-04]
Epoch 28/80 [Train]:  58%|█████▊    | 120/208 [00:04<00:03, 25.20it/s, loss=0.904, acc=85.4%, lr=2.3e-04]
Epoch 28/80 [Train]:  59%|█████▉    | 123/208 [00:04<00:03, 24.66it/s, loss=0.904, acc=85.4%, lr=2.3e-04]
Epoch 28/80 [Train]:  59%|█████▉    | 123/208 [00:04<00:03, 24.66it/s, loss=0.871, acc=85.4%, lr=2.3e-04]
Epoch 28/80 [Train]:  59%|█████▉    | 123/208 [00:04<00:03, 24.66it/s, loss=0.820, acc=85.4%, lr=2.3e-04]
Epoch 28/80 [Train]:  59%|█████▉    | 123/208 [00:05<00:03, 24.66it/s, loss=0.966, acc=85.4%, lr=2.3e-04]
Epoch 28/80 [Train]:  61%|██████    | 126/208 [00:05<00:03, 24.72it/s, loss=0.966, acc=85.4%, lr=2.3e-04]
Epoch 28/80 [Train]:  61%|██████    | 126/208 [00:05<00:03, 24.72it/s, loss=0.738, acc=85.4%, lr=2.3e-04]
Epoch 28/80 [Train]:  61%|██████    | 126/208 [00:05<00:03, 24.72it/s, loss=0.671, acc=85.4%, lr=2.3e-04]
Epoch 28/80 [Train]:  61%|██████    | 126/208 [00:05<00:03, 24.72it/s, loss=1.020, acc=85.4%, lr=2.3e-04]
Epoch 28/80 [Train]:  62%|██████▏   | 129/208 [00:05<00:03, 25.02it/s, loss=1.020, acc=85.4%, lr=2.3e-04]
Epoch 28/80 [Train]:  62%|██████▏   | 129/208 [00:05<00:03, 25.02it/s, loss=0.940, acc=85.3%, lr=2.3e-04]
Epoch 28/80 [Train]:  62%|██████▏   | 129/208 [00:05<00:03, 25.02it/s, loss=0.813, acc=85.3%, lr=2.3e-04]
Epoch 28/80 [Train]:  62%|██████▏   | 129/208 [00:05<00:03, 25.02it/s, loss=0.865, acc=85.3%, lr=2.3e-04]
Epoch 28/80 [Train]:  63%|██████▎   | 132/208 [00:05<00:03, 25.15it/s, loss=0.865, acc=85.3%, lr=2.3e-04]
Epoch 28/80 [Train]:  63%|██████▎   | 132/208 [00:05<00:03, 25.15it/s, loss=0.936, acc=85.2%, lr=2.3e-04]
Epoch 28/80 [Train]:  63%|██████▎   | 132/208 [00:05<00:03, 25.15it/s, loss=1.064, acc=85.1%, lr=2.3e-04]
Epoch 28/80 [Train]:  63%|██████▎   | 132/208 [00:05<00:03, 25.15it/s, loss=0.883, acc=85.1%, lr=2.3e-04]
Epoch 28/80 [Train]:  65%|██████▍   | 135/208 [00:05<00:02, 25.40it/s, loss=0.883, acc=85.1%, lr=2.3e-04]
Epoch 28/80 [Train]:  65%|██████▍   | 135/208 [00:05<00:02, 25.40it/s, loss=1.012, acc=85.0%, lr=2.3e-04]
Epoch 28/80 [Train]:  65%|██████▍   | 135/208 [00:05<00:02, 25.40it/s, loss=0.966, acc=84.9%, lr=2.3e-04]
Epoch 28/80 [Train]:  65%|██████▍   | 135/208 [00:05<00:02, 25.40it/s, loss=0.736, acc=85.0%, lr=2.3e-04]
Epoch 28/80 [Train]:  66%|██████▋   | 138/208 [00:05<00:02, 25.16it/s, loss=0.736, acc=85.0%, lr=2.3e-04]
Epoch 28/80 [Train]:  66%|██████▋   | 138/208 [00:05<00:02, 25.16it/s, loss=0.755, acc=85.0%, lr=2.3e-04]
Epoch 28/80 [Train]:  66%|██████▋   | 138/208 [00:05<00:02, 25.16it/s, loss=0.833, acc=84.9%, lr=2.3e-04]
Epoch 28/80 [Train]:  66%|██████▋   | 138/208 [00:05<00:02, 25.16it/s, loss=0.730, acc=85.0%, lr=2.3e-04]
Epoch 28/80 [Train]:  68%|██████▊   | 141/208 [00:05<00:02, 25.11it/s, loss=0.730, acc=85.0%, lr=2.3e-04]
Epoch 28/80 [Train]:  68%|██████▊   | 141/208 [00:05<00:02, 25.11it/s, loss=0.994, acc=84.9%, lr=2.3e-04]
Epoch 28/80 [Train]:  68%|██████▊   | 141/208 [00:05<00:02, 25.11it/s, loss=0.818, acc=84.8%, lr=2.3e-04]
Epoch 28/80 [Train]:  68%|██████▊   | 141/208 [00:05<00:02, 25.11it/s, loss=0.912, acc=84.8%, lr=2.3e-04]
Epoch 28/80 [Train]:  69%|██████▉   | 144/208 [00:05<00:02, 25.30it/s, loss=0.912, acc=84.8%, lr=2.3e-04]
Epoch 28/80 [Train]:  69%|██████▉   | 144/208 [00:05<00:02, 25.30it/s, loss=0.825, acc=84.8%, lr=2.3e-04]
Epoch 28/80 [Train]:  69%|██████▉   | 144/208 [00:05<00:02, 25.30it/s, loss=0.911, acc=84.8%, lr=2.3e-04]
Epoch 28/80 [Train]:  69%|██████▉   | 144/208 [00:05<00:02, 25.30it/s, loss=0.831, acc=84.8%, lr=2.3e-04]
Epoch 28/80 [Train]:  71%|███████   | 147/208 [00:05<00:02, 25.41it/s, loss=0.831, acc=84.8%, lr=2.3e-04]
Epoch 28/80 [Train]:  71%|███████   | 147/208 [00:05<00:02, 25.41it/s, loss=0.952, acc=84.8%, lr=2.3e-04]
Epoch 28/80 [Train]:  71%|███████   | 147/208 [00:05<00:02, 25.41it/s, loss=0.801, acc=84.8%, lr=2.3e-04]
Epoch 28/80 [Train]:  71%|███████   | 147/208 [00:05<00:02, 25.41it/s, loss=0.825, acc=84.9%, lr=2.3e-04]
Epoch 28/80 [Train]:  72%|███████▏  | 150/208 [00:05<00:02, 25.40it/s, loss=0.825, acc=84.9%, lr=2.3e-04]
Epoch 28/80 [Train]:  72%|███████▏  | 150/208 [00:05<00:02, 25.40it/s, loss=0.738, acc=84.9%, lr=2.3e-04]
Epoch 28/80 [Train]:  72%|███████▏  | 150/208 [00:06<00:02, 25.40it/s, loss=0.869, acc=84.9%, lr=2.3e-04]
Epoch 28/80 [Train]:  72%|███████▏  | 150/208 [00:06<00:02, 25.40it/s, loss=0.821, acc=84.9%, lr=2.3e-04]
Epoch 28/80 [Train]:  74%|███████▎  | 153/208 [00:06<00:02, 25.32it/s, loss=0.821, acc=84.9%, lr=2.3e-04]
Epoch 28/80 [Train]:  74%|███████▎  | 153/208 [00:06<00:02, 25.32it/s, loss=0.687, acc=84.9%, lr=2.3e-04]
Epoch 28/80 [Train]:  74%|███████▎  | 153/208 [00:06<00:02, 25.32it/s, loss=0.936, acc=84.9%, lr=2.3e-04]
Epoch 28/80 [Train]:  74%|███████▎  | 153/208 [00:06<00:02, 25.32it/s, loss=0.952, acc=84.9%, lr=2.3e-04]
Epoch 28/80 [Train]:  75%|███████▌  | 156/208 [00:06<00:02, 25.32it/s, loss=0.952, acc=84.9%, lr=2.3e-04]
Epoch 28/80 [Train]:  75%|███████▌  | 156/208 [00:06<00:02, 25.32it/s, loss=0.853, acc=84.9%, lr=2.3e-04]
Epoch 28/80 [Train]:  75%|███████▌  | 156/208 [00:06<00:02, 25.32it/s, loss=0.842, acc=84.9%, lr=2.3e-04]
Epoch 28/80 [Train]:  75%|███████▌  | 156/208 [00:06<00:02, 25.32it/s, loss=0.957, acc=84.8%, lr=2.3e-04]
Epoch 28/80 [Train]:  76%|███████▋  | 159/208 [00:06<00:01, 25.49it/s, loss=0.957, acc=84.8%, lr=2.3e-04]
Epoch 28/80 [Train]:  76%|███████▋  | 159/208 [00:06<00:01, 25.49it/s, loss=0.832, acc=84.8%, lr=2.3e-04]
Epoch 28/80 [Train]:  76%|███████▋  | 159/208 [00:06<00:01, 25.49it/s, loss=0.762, acc=84.8%, lr=2.3e-04]
Epoch 28/80 [Train]:  76%|███████▋  | 159/208 [00:06<00:01, 25.49it/s, loss=0.838, acc=84.8%, lr=2.3e-04]
Epoch 28/80 [Train]:  78%|███████▊  | 162/208 [00:06<00:01, 25.11it/s, loss=0.838, acc=84.8%, lr=2.3e-04]
Epoch 28/80 [Train]:  78%|███████▊  | 162/208 [00:06<00:01, 25.11it/s, loss=0.738, acc=84.8%, lr=2.3e-04]
Epoch 28/80 [Train]:  78%|███████▊  | 162/208 [00:06<00:01, 25.11it/s, loss=0.962, acc=84.8%, lr=2.3e-04]
Epoch 28/80 [Train]:  78%|███████▊  | 162/208 [00:06<00:01, 25.11it/s, loss=0.999, acc=84.7%, lr=2.3e-04]
Epoch 28/80 [Train]:  79%|███████▉  | 165/208 [00:06<00:01, 25.07it/s, loss=0.999, acc=84.7%, lr=2.3e-04]
Epoch 28/80 [Train]:  79%|███████▉  | 165/208 [00:06<00:01, 25.07it/s, loss=0.805, acc=84.7%, lr=2.3e-04]
Epoch 28/80 [Train]:  79%|███████▉  | 165/208 [00:06<00:01, 25.07it/s, loss=0.960, acc=84.7%, lr=2.3e-04]
Epoch 28/80 [Train]:  79%|███████▉  | 165/208 [00:06<00:01, 25.07it/s, loss=0.989, acc=84.6%, lr=2.3e-04]
Epoch 28/80 [Train]:  81%|████████  | 168/208 [00:06<00:01, 24.97it/s, loss=0.989, acc=84.6%, lr=2.3e-04]
Epoch 28/80 [Train]:  81%|████████  | 168/208 [00:06<00:01, 24.97it/s, loss=0.853, acc=84.6%, lr=2.3e-04]
Epoch 28/80 [Train]:  81%|████████  | 168/208 [00:06<00:01, 24.97it/s, loss=0.931, acc=84.6%, lr=2.3e-04]
Epoch 28/80 [Train]:  81%|████████  | 168/208 [00:06<00:01, 24.97it/s, loss=0.808, acc=84.6%, lr=2.3e-04]
Epoch 28/80 [Train]:  82%|████████▏ | 171/208 [00:06<00:01, 24.89it/s, loss=0.808, acc=84.6%, lr=2.3e-04]
Epoch 28/80 [Train]:  82%|████████▏ | 171/208 [00:06<00:01, 24.89it/s, loss=0.819, acc=84.6%, lr=2.3e-04]
Epoch 28/80 [Train]:  82%|████████▏ | 171/208 [00:06<00:01, 24.89it/s, loss=0.929, acc=84.6%, lr=2.3e-04]
Epoch 28/80 [Train]:  82%|████████▏ | 171/208 [00:06<00:01, 24.89it/s, loss=0.742, acc=84.6%, lr=2.3e-04]
Epoch 28/80 [Train]:  84%|████████▎ | 174/208 [00:06<00:01, 25.05it/s, loss=0.742, acc=84.6%, lr=2.3e-04]
Epoch 28/80 [Train]:  84%|████████▎ | 174/208 [00:06<00:01, 25.05it/s, loss=0.893, acc=84.5%, lr=2.3e-04]
Epoch 28/80 [Train]:  84%|████████▎ | 174/208 [00:06<00:01, 25.05it/s, loss=0.995, acc=84.5%, lr=2.3e-04]
Epoch 28/80 [Train]:  84%|████████▎ | 174/208 [00:07<00:01, 25.05it/s, loss=0.723, acc=84.5%, lr=2.3e-04]
Epoch 28/80 [Train]:  85%|████████▌ | 177/208 [00:07<00:01, 24.77it/s, loss=0.723, acc=84.5%, lr=2.3e-04]
Epoch 28/80 [Train]:  85%|████████▌ | 177/208 [00:07<00:01, 24.77it/s, loss=0.891, acc=84.5%, lr=2.3e-04]
Epoch 28/80 [Train]:  85%|████████▌ | 177/208 [00:07<00:01, 24.77it/s, loss=0.701, acc=84.5%, lr=2.3e-04]
Epoch 28/80 [Train]:  85%|████████▌ | 177/208 [00:07<00:01, 24.77it/s, loss=0.854, acc=84.5%, lr=2.3e-04]
Epoch 28/80 [Train]:  87%|████████▋ | 180/208 [00:07<00:01, 24.94it/s, loss=0.854, acc=84.5%, lr=2.3e-04]
Epoch 28/80 [Train]:  87%|████████▋ | 180/208 [00:07<00:01, 24.94it/s, loss=1.065, acc=84.4%, lr=2.3e-04]
Epoch 28/80 [Train]:  87%|████████▋ | 180/208 [00:07<00:01, 24.94it/s, loss=0.705, acc=84.4%, lr=2.3e-04]
Epoch 28/80 [Train]:  87%|████████▋ | 180/208 [00:07<00:01, 24.94it/s, loss=0.839, acc=84.4%, lr=2.3e-04]
Epoch 28/80 [Train]:  88%|████████▊ | 183/208 [00:07<00:01, 24.94it/s, loss=0.839, acc=84.4%, lr=2.3e-04]
Epoch 28/80 [Train]:  88%|████████▊ | 183/208 [00:07<00:01, 24.94it/s, loss=0.961, acc=84.3%, lr=2.3e-04]
Epoch 28/80 [Train]:  88%|████████▊ | 183/208 [00:07<00:01, 24.94it/s, loss=0.750, acc=84.3%, lr=2.3e-04]
Epoch 28/80 [Train]:  88%|████████▊ | 183/208 [00:07<00:01, 24.94it/s, loss=0.850, acc=84.3%, lr=2.3e-04]
Epoch 28/80 [Train]:  89%|████████▉ | 186/208 [00:07<00:00, 25.27it/s, loss=0.850, acc=84.3%, lr=2.3e-04]
Epoch 28/80 [Train]:  89%|████████▉ | 186/208 [00:07<00:00, 25.27it/s, loss=0.844, acc=84.3%, lr=2.3e-04]
Epoch 28/80 [Train]:  89%|████████▉ | 186/208 [00:07<00:00, 25.27it/s, loss=0.756, acc=84.3%, lr=2.3e-04]
Epoch 28/80 [Train]:  89%|████████▉ | 186/208 [00:07<00:00, 25.27it/s, loss=0.730, acc=84.3%, lr=2.3e-04]
Epoch 28/80 [Train]:  91%|█████████ | 189/208 [00:07<00:00, 25.35it/s, loss=0.730, acc=84.3%, lr=2.3e-04]
Epoch 28/80 [Train]:  91%|█████████ | 189/208 [00:07<00:00, 25.35it/s, loss=1.034, acc=84.3%, lr=2.3e-04]
Epoch 28/80 [Train]:  91%|█████████ | 189/208 [00:07<00:00, 25.35it/s, loss=0.889, acc=84.3%, lr=2.3e-04]
Epoch 28/80 [Train]:  91%|█████████ | 189/208 [00:07<00:00, 25.35it/s, loss=0.820, acc=84.3%, lr=2.3e-04]
Epoch 28/80 [Train]:  92%|█████████▏| 192/208 [00:07<00:00, 25.40it/s, loss=0.820, acc=84.3%, lr=2.3e-04]
Epoch 28/80 [Train]:  92%|█████████▏| 192/208 [00:07<00:00, 25.40it/s, loss=0.843, acc=84.2%, lr=2.3e-04]
Epoch 28/80 [Train]:  92%|█████████▏| 192/208 [00:07<00:00, 25.40it/s, loss=1.017, acc=84.2%, lr=2.3e-04]
Epoch 28/80 [Train]:  92%|█████████▏| 192/208 [00:07<00:00, 25.40it/s, loss=0.882, acc=84.2%, lr=2.3e-04]
Epoch 28/80 [Train]:  94%|█████████▍| 195/208 [00:07<00:00, 25.28it/s, loss=0.882, acc=84.2%, lr=2.3e-04]
Epoch 28/80 [Train]:  94%|█████████▍| 195/208 [00:07<00:00, 25.28it/s, loss=0.787, acc=84.2%, lr=2.3e-04]
Epoch 28/80 [Train]:  94%|█████████▍| 195/208 [00:07<00:00, 25.28it/s, loss=0.809, acc=84.2%, lr=2.3e-04]
Epoch 28/80 [Train]:  94%|█████████▍| 195/208 [00:07<00:00, 25.28it/s, loss=0.800, acc=84.2%, lr=2.3e-04]
Epoch 28/80 [Train]:  95%|█████████▌| 198/208 [00:07<00:00, 25.35it/s, loss=0.800, acc=84.2%, lr=2.3e-04]
Epoch 28/80 [Train]:  95%|█████████▌| 198/208 [00:07<00:00, 25.35it/s, loss=0.837, acc=84.2%, lr=2.3e-04]
Epoch 28/80 [Train]:  95%|█████████▌| 198/208 [00:07<00:00, 25.35it/s, loss=0.887, acc=84.1%, lr=2.3e-04]
Epoch 28/80 [Train]:  95%|█████████▌| 198/208 [00:07<00:00, 25.35it/s, loss=0.741, acc=84.2%, lr=2.3e-04]
Epoch 28/80 [Train]:  97%|█████████▋| 201/208 [00:07<00:00, 25.53it/s, loss=0.741, acc=84.2%, lr=2.3e-04]
Epoch 28/80 [Train]:  97%|█████████▋| 201/208 [00:08<00:00, 25.53it/s, loss=0.760, acc=84.2%, lr=2.3e-04]
Epoch 28/80 [Train]:  97%|█████████▋| 201/208 [00:08<00:00, 25.53it/s, loss=0.707, acc=84.2%, lr=2.3e-04]
Epoch 28/80 [Train]:  97%|█████████▋| 201/208 [00:08<00:00, 25.53it/s, loss=0.930, acc=84.2%, lr=2.3e-04]
Epoch 28/80 [Train]:  98%|█████████▊| 204/208 [00:08<00:00, 25.52it/s, loss=0.930, acc=84.2%, lr=2.3e-04]
Epoch 28/80 [Train]:  98%|█████████▊| 204/208 [00:08<00:00, 25.52it/s, loss=0.669, acc=84.2%, lr=2.3e-04]
Epoch 28/80 [Train]:  98%|█████████▊| 204/208 [00:08<00:00, 25.52it/s, loss=0.700, acc=84.2%, lr=2.3e-04]
Epoch 28/80 [Train]:  98%|█████████▊| 204/208 [00:08<00:00, 25.52it/s, loss=0.898, acc=84.2%, lr=2.3e-04]
Epoch 28/80 [Train]: 100%|█████████▉| 207/208 [00:08<00:00, 25.59it/s, loss=0.898, acc=84.2%, lr=2.3e-04]
Epoch 28/80 [Train]: 100%|█████████▉| 207/208 [00:08<00:00, 25.59it/s, loss=0.832, acc=84.2%, lr=2.3e-04]
Epoch 28/80 [Train]: 100%|██████████| 208/208 [00:08<00:00, 25.29it/s, loss=0.832, acc=84.2%, lr=2.3e-04]

[2026-08-17 01:22:07] [EPOCH 28 SUMMARY]
  Train: Loss = 0.8255 | Top-1 Acc =  84.19%
  Val:   Top-1 Acc =   7.21% | Top-3 =  28.56% | Top-5 =  43.43%
         APL = 11.14 dB | Profile MAE =  2.27 dB (Rank Corr: 0.539)
  Time:  Epoch = 8.2s (Val Eval: 2.1s) | Total Elapsed = 00h:04m:02s | ETA: 00h:07m:31s
  -> [INFO] No improvement for 20/12 epochs (Best: 15.65%)

[2026-08-17 01:22:07] >>> [EPOCH 29/80] Training Started <<<

Epoch 29/80 [Train]:   0%|          | 0/208 [00:00<?, ?it/s]
Epoch 29/80 [Train]:   0%|          | 0/208 [00:00<?, ?it/s, loss=0.769, acc=85.9%, lr=2.3e-04]
Epoch 29/80 [Train]:   0%|          | 0/208 [00:00<?, ?it/s, loss=0.742, acc=86.7%, lr=2.3e-04]
Epoch 29/80 [Train]:   0%|          | 0/208 [00:00<?, ?it/s, loss=0.840, acc=87.0%, lr=2.3e-04]
Epoch 29/80 [Train]:   1%|▏         | 3/208 [00:00<00:08, 24.66it/s, loss=0.840, acc=87.0%, lr=2.3e-04]
Epoch 29/80 [Train]:   1%|▏         | 3/208 [00:00<00:08, 24.66it/s, loss=0.888, acc=84.0%, lr=2.3e-04]
Epoch 29/80 [Train]:   1%|▏         | 3/208 [00:00<00:08, 24.66it/s, loss=0.726, acc=84.1%, lr=2.3e-04]
Epoch 29/80 [Train]:   1%|▏         | 3/208 [00:00<00:08, 24.66it/s, loss=0.808, acc=83.3%, lr=2.3e-04]
Epoch 29/80 [Train]:   3%|▎         | 6/208 [00:00<00:08, 25.05it/s, loss=0.808, acc=83.3%, lr=2.3e-04]
Epoch 29/80 [Train]:   3%|▎         | 6/208 [00:00<00:08, 25.05it/s, loss=0.843, acc=84.4%, lr=2.3e-04]
Epoch 29/80 [Train]:   3%|▎         | 6/208 [00:00<00:08, 25.05it/s, loss=0.715, acc=85.2%, lr=2.3e-04]
Epoch 29/80 [Train]:   3%|▎         | 6/208 [00:00<00:08, 25.05it/s, loss=0.808, acc=85.1%, lr=2.3e-04]
Epoch 29/80 [Train]:   4%|▍         | 9/208 [00:00<00:07, 25.23it/s, loss=0.808, acc=85.1%, lr=2.3e-04]
Epoch 29/80 [Train]:   4%|▍         | 9/208 [00:00<00:07, 25.23it/s, loss=0.683, acc=85.9%, lr=2.3e-04]
Epoch 29/80 [Train]:   4%|▍         | 9/208 [00:00<00:07, 25.23it/s, loss=0.735, acc=85.9%, lr=2.3e-04]
Epoch 29/80 [Train]:   4%|▍         | 9/208 [00:00<00:07, 25.23it/s, loss=0.643, acc=86.1%, lr=2.3e-04]
Epoch 29/80 [Train]:   6%|▌         | 12/208 [00:00<00:07, 25.15it/s, loss=0.643, acc=86.1%, lr=2.3e-04]
Epoch 29/80 [Train]:   6%|▌         | 12/208 [00:00<00:07, 25.15it/s, loss=0.673, acc=86.3%, lr=2.3e-04]
Epoch 29/80 [Train]:   6%|▌         | 12/208 [00:00<00:07, 25.15it/s, loss=0.700, acc=86.3%, lr=2.3e-04]
Epoch 29/80 [Train]:   6%|▌         | 12/208 [00:00<00:07, 25.15it/s, loss=0.822, acc=85.7%, lr=2.3e-04]
Epoch 29/80 [Train]:   7%|▋         | 15/208 [00:00<00:07, 25.11it/s, loss=0.822, acc=85.7%, lr=2.3e-04]
Epoch 29/80 [Train]:   7%|▋         | 15/208 [00:00<00:07, 25.11it/s, loss=0.709, acc=85.6%, lr=2.3e-04]
Epoch 29/80 [Train]:   7%|▋         | 15/208 [00:00<00:07, 25.11it/s, loss=0.743, acc=85.9%, lr=2.3e-04]
Epoch 29/80 [Train]:   7%|▋         | 15/208 [00:00<00:07, 25.11it/s, loss=0.770, acc=86.2%, lr=2.3e-04]
Epoch 29/80 [Train]:   9%|▊         | 18/208 [00:00<00:07, 24.95it/s, loss=0.770, acc=86.2%, lr=2.3e-04]
Epoch 29/80 [Train]:   9%|▊         | 18/208 [00:00<00:07, 24.95it/s, loss=0.783, acc=86.0%, lr=2.3e-04]
Epoch 29/80 [Train]:   9%|▊         | 18/208 [00:00<00:07, 24.95it/s, loss=0.794, acc=86.0%, lr=2.3e-04]
Epoch 29/80 [Train]:   9%|▊         | 18/208 [00:00<00:07, 24.95it/s, loss=0.789, acc=85.8%, lr=2.3e-04]
Epoch 29/80 [Train]:  10%|█         | 21/208 [00:00<00:07, 24.91it/s, loss=0.789, acc=85.8%, lr=2.3e-04]
Epoch 29/80 [Train]:  10%|█         | 21/208 [00:00<00:07, 24.91it/s, loss=0.901, acc=85.9%, lr=2.3e-04]
Epoch 29/80 [Train]:  10%|█         | 21/208 [00:00<00:07, 24.91it/s, loss=0.931, acc=85.9%, lr=2.3e-04]
Epoch 29/80 [Train]:  10%|█         | 21/208 [00:00<00:07, 24.91it/s, loss=0.891, acc=85.7%, lr=2.3e-04]
Epoch 29/80 [Train]:  12%|█▏        | 24/208 [00:00<00:07, 25.04it/s, loss=0.891, acc=85.7%, lr=2.3e-04]
Epoch 29/80 [Train]:  12%|█▏        | 24/208 [00:00<00:07, 25.04it/s, loss=0.866, acc=85.8%, lr=2.3e-04]
Epoch 29/80 [Train]:  12%|█▏        | 24/208 [00:01<00:07, 25.04it/s, loss=0.733, acc=85.8%, lr=2.3e-04]
Epoch 29/80 [Train]:  12%|█▏        | 24/208 [00:01<00:07, 25.04it/s, loss=0.812, acc=85.8%, lr=2.3e-04]
Epoch 29/80 [Train]:  13%|█▎        | 27/208 [00:01<00:07, 24.86it/s, loss=0.812, acc=85.8%, lr=2.3e-04]
Epoch 29/80 [Train]:  13%|█▎        | 27/208 [00:01<00:07, 24.86it/s, loss=0.763, acc=85.6%, lr=2.3e-04]
Epoch 29/80 [Train]:  13%|█▎        | 27/208 [00:01<00:07, 24.86it/s, loss=0.845, acc=85.6%, lr=2.3e-04]
Epoch 29/80 [Train]:  13%|█▎        | 27/208 [00:01<00:07, 24.86it/s, loss=0.710, acc=85.6%, lr=2.3e-04]
Epoch 29/80 [Train]:  14%|█▍        | 30/208 [00:01<00:07, 25.03it/s, loss=0.710, acc=85.6%, lr=2.3e-04]
Epoch 29/80 [Train]:  14%|█▍        | 30/208 [00:01<00:07, 25.03it/s, loss=0.919, acc=85.5%, lr=2.3e-04]
Epoch 29/80 [Train]:  14%|█▍        | 30/208 [00:01<00:07, 25.03it/s, loss=0.903, acc=85.3%, lr=2.3e-04]
Epoch 29/80 [Train]:  14%|█▍        | 30/208 [00:01<00:07, 25.03it/s, loss=0.893, acc=85.3%, lr=2.3e-04]
Epoch 29/80 [Train]:  16%|█▌        | 33/208 [00:01<00:06, 25.09it/s, loss=0.893, acc=85.3%, lr=2.3e-04]
Epoch 29/80 [Train]:  16%|█▌        | 33/208 [00:01<00:06, 25.09it/s, loss=0.854, acc=85.1%, lr=2.3e-04]
Epoch 29/80 [Train]:  16%|█▌        | 33/208 [00:01<00:06, 25.09it/s, loss=0.846, acc=85.3%, lr=2.3e-04]
Epoch 29/80 [Train]:  16%|█▌        | 33/208 [00:01<00:06, 25.09it/s, loss=0.794, acc=85.4%, lr=2.3e-04]
Epoch 29/80 [Train]:  17%|█▋        | 36/208 [00:01<00:06, 25.05it/s, loss=0.794, acc=85.4%, lr=2.3e-04]
Epoch 29/80 [Train]:  17%|█▋        | 36/208 [00:01<00:06, 25.05it/s, loss=0.878, acc=85.3%, lr=2.3e-04]
Epoch 29/80 [Train]:  17%|█▋        | 36/208 [00:01<00:06, 25.05it/s, loss=0.709, acc=85.3%, lr=2.3e-04]
Epoch 29/80 [Train]:  17%|█▋        | 36/208 [00:01<00:06, 25.05it/s, loss=0.928, acc=85.3%, lr=2.3e-04]
Epoch 29/80 [Train]:  19%|█▉        | 39/208 [00:01<00:06, 25.17it/s, loss=0.928, acc=85.3%, lr=2.3e-04]
Epoch 29/80 [Train]:  19%|█▉        | 39/208 [00:01<00:06, 25.17it/s, loss=0.739, acc=85.3%, lr=2.3e-04]
Epoch 29/80 [Train]:  19%|█▉        | 39/208 [00:01<00:06, 25.17it/s, loss=0.667, acc=85.4%, lr=2.3e-04]
Epoch 29/80 [Train]:  19%|█▉        | 39/208 [00:01<00:06, 25.17it/s, loss=0.767, acc=85.2%, lr=2.3e-04]
Epoch 29/80 [Train]:  20%|██        | 42/208 [00:01<00:06, 25.12it/s, loss=0.767, acc=85.2%, lr=2.3e-04]
Epoch 29/80 [Train]:  20%|██        | 42/208 [00:01<00:06, 25.12it/s, loss=0.668, acc=85.4%, lr=2.3e-04]
Epoch 29/80 [Train]:  20%|██        | 42/208 [00:01<00:06, 25.12it/s, loss=0.668, acc=85.4%, lr=2.3e-04]
Epoch 29/80 [Train]:  20%|██        | 42/208 [00:01<00:06, 25.12it/s, loss=0.758, acc=85.4%, lr=2.3e-04]
Epoch 29/80 [Train]:  22%|██▏       | 45/208 [00:01<00:06, 25.24it/s, loss=0.758, acc=85.4%, lr=2.3e-04]
Epoch 29/80 [Train]:  22%|██▏       | 45/208 [00:01<00:06, 25.24it/s, loss=0.656, acc=85.5%, lr=2.3e-04]
Epoch 29/80 [Train]:  22%|██▏       | 45/208 [00:01<00:06, 25.24it/s, loss=0.713, acc=85.6%, lr=2.3e-04]
Epoch 29/80 [Train]:  22%|██▏       | 45/208 [00:01<00:06, 25.24it/s, loss=0.904, acc=85.5%, lr=2.3e-04]
Epoch 29/80 [Train]:  23%|██▎       | 48/208 [00:01<00:06, 25.45it/s, loss=0.904, acc=85.5%, lr=2.3e-04]
Epoch 29/80 [Train]:  23%|██▎       | 48/208 [00:01<00:06, 25.45it/s, loss=0.913, acc=85.5%, lr=2.3e-04]
Epoch 29/80 [Train]:  23%|██▎       | 48/208 [00:01<00:06, 25.45it/s, loss=0.967, acc=85.4%, lr=2.3e-04]
Epoch 29/80 [Train]:  23%|██▎       | 48/208 [00:02<00:06, 25.45it/s, loss=0.747, acc=85.4%, lr=2.3e-04]
Epoch 29/80 [Train]:  25%|██▍       | 51/208 [00:02<00:06, 25.48it/s, loss=0.747, acc=85.4%, lr=2.3e-04]
Epoch 29/80 [Train]:  25%|██▍       | 51/208 [00:02<00:06, 25.48it/s, loss=0.640, acc=85.5%, lr=2.3e-04]
Epoch 29/80 [Train]:  25%|██▍       | 51/208 [00:02<00:06, 25.48it/s, loss=0.813, acc=85.6%, lr=2.3e-04]
Epoch 29/80 [Train]:  25%|██▍       | 51/208 [00:02<00:06, 25.48it/s, loss=1.002, acc=85.4%, lr=2.3e-04]
Epoch 29/80 [Train]:  26%|██▌       | 54/208 [00:02<00:06, 25.30it/s, loss=1.002, acc=85.4%, lr=2.3e-04]
Epoch 29/80 [Train]:  26%|██▌       | 54/208 [00:02<00:06, 25.30it/s, loss=0.829, acc=85.4%, lr=2.3e-04]
Epoch 29/80 [Train]:  26%|██▌       | 54/208 [00:02<00:06, 25.30it/s, loss=0.763, acc=85.5%, lr=2.3e-04]
Epoch 29/80 [Train]:  26%|██▌       | 54/208 [00:02<00:06, 25.30it/s, loss=0.848, acc=85.4%, lr=2.3e-04]
Epoch 29/80 [Train]:  27%|██▋       | 57/208 [00:02<00:05, 25.29it/s, loss=0.848, acc=85.4%, lr=2.3e-04]
Epoch 29/80 [Train]:  27%|██▋       | 57/208 [00:02<00:05, 25.29it/s, loss=0.681, acc=85.5%, lr=2.3e-04]
Epoch 29/80 [Train]:  27%|██▋       | 57/208 [00:02<00:05, 25.29it/s, loss=0.738, acc=85.6%, lr=2.3e-04]
Epoch 29/80 [Train]:  27%|██▋       | 57/208 [00:02<00:05, 25.29it/s, loss=0.811, acc=85.6%, lr=2.3e-04]
Epoch 29/80 [Train]:  29%|██▉       | 60/208 [00:02<00:05, 25.33it/s, loss=0.811, acc=85.6%, lr=2.3e-04]
Epoch 29/80 [Train]:  29%|██▉       | 60/208 [00:02<00:05, 25.33it/s, loss=0.847, acc=85.6%, lr=2.3e-04]
Epoch 29/80 [Train]:  29%|██▉       | 60/208 [00:02<00:05, 25.33it/s, loss=0.786, acc=85.5%, lr=2.3e-04]
Epoch 29/80 [Train]:  29%|██▉       | 60/208 [00:02<00:05, 25.33it/s, loss=1.019, acc=85.3%, lr=2.3e-04]
Epoch 29/80 [Train]:  30%|███       | 63/208 [00:02<00:05, 24.66it/s, loss=1.019, acc=85.3%, lr=2.3e-04]
Epoch 29/80 [Train]:  30%|███       | 63/208 [00:02<00:05, 24.66it/s, loss=0.794, acc=85.4%, lr=2.3e-04]
Epoch 29/80 [Train]:  30%|███       | 63/208 [00:02<00:05, 24.66it/s, loss=0.638, acc=85.5%, lr=2.3e-04]
Epoch 29/80 [Train]:  30%|███       | 63/208 [00:02<00:05, 24.66it/s, loss=0.918, acc=85.6%, lr=2.3e-04]
Epoch 29/80 [Train]:  32%|███▏      | 66/208 [00:02<00:05, 24.90it/s, loss=0.918, acc=85.6%, lr=2.3e-04]
Epoch 29/80 [Train]:  32%|███▏      | 66/208 [00:02<00:05, 24.90it/s, loss=0.736, acc=85.6%, lr=2.3e-04]
Epoch 29/80 [Train]:  32%|███▏      | 66/208 [00:02<00:05, 24.90it/s, loss=0.772, acc=85.6%, lr=2.3e-04]
Epoch 29/80 [Train]:  32%|███▏      | 66/208 [00:02<00:05, 24.90it/s, loss=0.895, acc=85.5%, lr=2.3e-04]
Epoch 29/80 [Train]:  33%|███▎      | 69/208 [00:02<00:05, 25.17it/s, loss=0.895, acc=85.5%, lr=2.3e-04]
Epoch 29/80 [Train]:  33%|███▎      | 69/208 [00:02<00:05, 25.17it/s, loss=0.756, acc=85.5%, lr=2.3e-04]
Epoch 29/80 [Train]:  33%|███▎      | 69/208 [00:02<00:05, 25.17it/s, loss=0.938, acc=85.5%, lr=2.3e-04]
Epoch 29/80 [Train]:  33%|███▎      | 69/208 [00:02<00:05, 25.17it/s, loss=0.816, acc=85.5%, lr=2.3e-04]
Epoch 29/80 [Train]:  35%|███▍      | 72/208 [00:02<00:05, 25.16it/s, loss=0.816, acc=85.5%, lr=2.3e-04]
Epoch 29/80 [Train]:  35%|███▍      | 72/208 [00:02<00:05, 25.16it/s, loss=0.763, acc=85.5%, lr=2.3e-04]
Epoch 29/80 [Train]:  35%|███▍      | 72/208 [00:02<00:05, 25.16it/s, loss=0.735, acc=85.5%, lr=2.3e-04]
Epoch 29/80 [Train]:  35%|███▍      | 72/208 [00:02<00:05, 25.16it/s, loss=0.632, acc=85.6%, lr=2.3e-04]
Epoch 29/80 [Train]:  36%|███▌      | 75/208 [00:02<00:05, 25.28it/s, loss=0.632, acc=85.6%, lr=2.3e-04]
Epoch 29/80 [Train]:  36%|███▌      | 75/208 [00:03<00:05, 25.28it/s, loss=0.946, acc=85.5%, lr=2.3e-04]
Epoch 29/80 [Train]:  36%|███▌      | 75/208 [00:03<00:05, 25.28it/s, loss=0.785, acc=85.4%, lr=2.3e-04]
Epoch 29/80 [Train]:  36%|███▌      | 75/208 [00:03<00:05, 25.28it/s, loss=0.842, acc=85.4%, lr=2.3e-04]
Epoch 29/80 [Train]:  38%|███▊      | 78/208 [00:03<00:05, 25.21it/s, loss=0.842, acc=85.4%, lr=2.3e-04]
Epoch 29/80 [Train]:  38%|███▊      | 78/208 [00:03<00:05, 25.21it/s, loss=0.784, acc=85.4%, lr=2.3e-04]
Epoch 29/80 [Train]:  38%|███▊      | 78/208 [00:03<00:05, 25.21it/s, loss=0.640, acc=85.5%, lr=2.3e-04]
Epoch 29/80 [Train]:  38%|███▊      | 78/208 [00:03<00:05, 25.21it/s, loss=0.823, acc=85.5%, lr=2.3e-04]
Epoch 29/80 [Train]:  39%|███▉      | 81/208 [00:03<00:05, 25.10it/s, loss=0.823, acc=85.5%, lr=2.3e-04]
Epoch 29/80 [Train]:  39%|███▉      | 81/208 [00:03<00:05, 25.10it/s, loss=0.915, acc=85.5%, lr=2.3e-04]
Epoch 29/80 [Train]:  39%|███▉      | 81/208 [00:03<00:05, 25.10it/s, loss=0.736, acc=85.6%, lr=2.3e-04]
Epoch 29/80 [Train]:  39%|███▉      | 81/208 [00:03<00:05, 25.10it/s, loss=0.805, acc=85.6%, lr=2.3e-04]
Epoch 29/80 [Train]:  40%|████      | 84/208 [00:03<00:05, 24.73it/s, loss=0.805, acc=85.6%, lr=2.3e-04]
Epoch 29/80 [Train]:  40%|████      | 84/208 [00:03<00:05, 24.73it/s, loss=0.894, acc=85.6%, lr=2.3e-04]
Epoch 29/80 [Train]:  40%|████      | 84/208 [00:03<00:05, 24.73it/s, loss=0.891, acc=85.5%, lr=2.3e-04]
Epoch 29/80 [Train]:  40%|████      | 84/208 [00:03<00:05, 24.73it/s, loss=0.905, acc=85.5%, lr=2.3e-04]
Epoch 29/80 [Train]:  42%|████▏     | 87/208 [00:03<00:04, 24.71it/s, loss=0.905, acc=85.5%, lr=2.3e-04]
Epoch 29/80 [Train]:  42%|████▏     | 87/208 [00:03<00:04, 24.71it/s, loss=0.802, acc=85.5%, lr=2.3e-04]
Epoch 29/80 [Train]:  42%|████▏     | 87/208 [00:03<00:04, 24.71it/s, loss=0.659, acc=85.5%, lr=2.3e-04]
Epoch 29/80 [Train]:  42%|████▏     | 87/208 [00:03<00:04, 24.71it/s, loss=0.762, acc=85.5%, lr=2.3e-04]
Epoch 29/80 [Train]:  43%|████▎     | 90/208 [00:03<00:04, 24.73it/s, loss=0.762, acc=85.5%, lr=2.3e-04]
Epoch 29/80 [Train]:  43%|████▎     | 90/208 [00:03<00:04, 24.73it/s, loss=0.669, acc=85.5%, lr=2.3e-04]
Epoch 29/80 [Train]:  43%|████▎     | 90/208 [00:03<00:04, 24.73it/s, loss=0.777, acc=85.5%, lr=2.3e-04]
Epoch 29/80 [Train]:  43%|████▎     | 90/208 [00:03<00:04, 24.73it/s, loss=0.885, acc=85.5%, lr=2.3e-04]
Epoch 29/80 [Train]:  45%|████▍     | 93/208 [00:03<00:04, 24.45it/s, loss=0.885, acc=85.5%, lr=2.3e-04]
Epoch 29/80 [Train]:  45%|████▍     | 93/208 [00:03<00:04, 24.45it/s, loss=0.743, acc=85.6%, lr=2.3e-04]
Epoch 29/80 [Train]:  45%|████▍     | 93/208 [00:03<00:04, 24.45it/s, loss=0.844, acc=85.5%, lr=2.3e-04]
Epoch 29/80 [Train]:  45%|████▍     | 93/208 [00:03<00:04, 24.45it/s, loss=0.882, acc=85.4%, lr=2.3e-04]
Epoch 29/80 [Train]:  46%|████▌     | 96/208 [00:03<00:04, 24.75it/s, loss=0.882, acc=85.4%, lr=2.3e-04]
Epoch 29/80 [Train]:  46%|████▌     | 96/208 [00:03<00:04, 24.75it/s, loss=0.867, acc=85.4%, lr=2.3e-04]
Epoch 29/80 [Train]:  46%|████▌     | 96/208 [00:03<00:04, 24.75it/s, loss=0.886, acc=85.4%, lr=2.3e-04]
Epoch 29/80 [Train]:  46%|████▌     | 96/208 [00:03<00:04, 24.75it/s, loss=0.832, acc=85.4%, lr=2.3e-04]
Epoch 29/80 [Train]:  48%|████▊     | 99/208 [00:03<00:04, 25.02it/s, loss=0.832, acc=85.4%, lr=2.3e-04]
Epoch 29/80 [Train]:  48%|████▊     | 99/208 [00:03<00:04, 25.02it/s, loss=0.751, acc=85.4%, lr=2.3e-04]
Epoch 29/80 [Train]:  48%|████▊     | 99/208 [00:04<00:04, 25.02it/s, loss=0.786, acc=85.3%, lr=2.3e-04]
Epoch 29/80 [Train]:  48%|████▊     | 99/208 [00:04<00:04, 25.02it/s, loss=0.931, acc=85.2%, lr=2.3e-04]
Epoch 29/80 [Train]:  49%|████▉     | 102/208 [00:04<00:04, 25.07it/s, loss=0.931, acc=85.2%, lr=2.3e-04]
Epoch 29/80 [Train]:  49%|████▉     | 102/208 [00:04<00:04, 25.07it/s, loss=0.744, acc=85.3%, lr=2.3e-04]
Epoch 29/80 [Train]:  49%|████▉     | 102/208 [00:04<00:04, 25.07it/s, loss=0.807, acc=85.3%, lr=2.3e-04]
Epoch 29/80 [Train]:  49%|████▉     | 102/208 [00:04<00:04, 25.07it/s, loss=0.818, acc=85.3%, lr=2.3e-04]
Epoch 29/80 [Train]:  50%|█████     | 105/208 [00:04<00:04, 25.24it/s, loss=0.818, acc=85.3%, lr=2.3e-04]
Epoch 29/80 [Train]:  50%|█████     | 105/208 [00:04<00:04, 25.24it/s, loss=0.825, acc=85.3%, lr=2.3e-04]
Epoch 29/80 [Train]:  50%|█████     | 105/208 [00:04<00:04, 25.24it/s, loss=1.001, acc=85.2%, lr=2.3e-04]
Epoch 29/80 [Train]:  50%|█████     | 105/208 [00:04<00:04, 25.24it/s, loss=0.733, acc=85.2%, lr=2.3e-04]
Epoch 29/80 [Train]:  52%|█████▏    | 108/208 [00:04<00:04, 25.00it/s, loss=0.733, acc=85.2%, lr=2.3e-04]
Epoch 29/80 [Train]:  52%|█████▏    | 108/208 [00:04<00:04, 25.00it/s, loss=0.797, acc=85.2%, lr=2.3e-04]
Epoch 29/80 [Train]:  52%|█████▏    | 108/208 [00:04<00:04, 25.00it/s, loss=0.788, acc=85.2%, lr=2.3e-04]
Epoch 29/80 [Train]:  52%|█████▏    | 108/208 [00:04<00:04, 25.00it/s, loss=0.803, acc=85.2%, lr=2.3e-04]
Epoch 29/80 [Train]:  53%|█████▎    | 111/208 [00:04<00:03, 24.93it/s, loss=0.803, acc=85.2%, lr=2.3e-04]
Epoch 29/80 [Train]:  53%|█████▎    | 111/208 [00:04<00:03, 24.93it/s, loss=0.789, acc=85.2%, lr=2.3e-04]
Epoch 29/80 [Train]:  53%|█████▎    | 111/208 [00:04<00:03, 24.93it/s, loss=0.645, acc=85.2%, lr=2.3e-04]
Epoch 29/80 [Train]:  53%|█████▎    | 111/208 [00:04<00:03, 24.93it/s, loss=0.589, acc=85.3%, lr=2.3e-04]
Epoch 29/80 [Train]:  55%|█████▍    | 114/208 [00:04<00:03, 25.22it/s, loss=0.589, acc=85.3%, lr=2.3e-04]
Epoch 29/80 [Train]:  55%|█████▍    | 114/208 [00:04<00:03, 25.22it/s, loss=0.794, acc=85.3%, lr=2.3e-04]
Epoch 29/80 [Train]:  55%|█████▍    | 114/208 [00:04<00:03, 25.22it/s, loss=0.715, acc=85.3%, lr=2.3e-04]
Epoch 29/80 [Train]:  55%|█████▍    | 114/208 [00:04<00:03, 25.22it/s, loss=0.674, acc=85.3%, lr=2.3e-04]
Epoch 29/80 [Train]:  56%|█████▋    | 117/208 [00:04<00:03, 25.13it/s, loss=0.674, acc=85.3%, lr=2.3e-04]
Epoch 29/80 [Train]:  56%|█████▋    | 117/208 [00:04<00:03, 25.13it/s, loss=0.718, acc=85.3%, lr=2.3e-04]
Epoch 29/80 [Train]:  56%|█████▋    | 117/208 [00:04<00:03, 25.13it/s, loss=0.791, acc=85.3%, lr=2.3e-04]
Epoch 29/80 [Train]:  56%|█████▋    | 117/208 [00:04<00:03, 25.13it/s, loss=0.898, acc=85.3%, lr=2.3e-04]
Epoch 29/80 [Train]:  58%|█████▊    | 120/208 [00:04<00:03, 25.14it/s, loss=0.898, acc=85.3%, lr=2.3e-04]
Epoch 29/80 [Train]:  58%|█████▊    | 120/208 [00:04<00:03, 25.14it/s, loss=0.975, acc=85.2%, lr=2.3e-04]
Epoch 29/80 [Train]:  58%|█████▊    | 120/208 [00:04<00:03, 25.14it/s, loss=0.876, acc=85.1%, lr=2.3e-04]
Epoch 29/80 [Train]:  58%|█████▊    | 120/208 [00:04<00:03, 25.14it/s, loss=0.745, acc=85.1%, lr=2.3e-04]
Epoch 29/80 [Train]:  59%|█████▉    | 123/208 [00:04<00:03, 25.10it/s, loss=0.745, acc=85.1%, lr=2.3e-04]
Epoch 29/80 [Train]:  59%|█████▉    | 123/208 [00:04<00:03, 25.10it/s, loss=0.795, acc=85.1%, lr=2.3e-04]
Epoch 29/80 [Train]:  59%|█████▉    | 123/208 [00:04<00:03, 25.10it/s, loss=0.740, acc=85.2%, lr=2.3e-04]
Epoch 29/80 [Train]:  59%|█████▉    | 123/208 [00:05<00:03, 25.10it/s, loss=0.903, acc=85.1%, lr=2.3e-04]
Epoch 29/80 [Train]:  61%|██████    | 126/208 [00:05<00:03, 25.31it/s, loss=0.903, acc=85.1%, lr=2.3e-04]
Epoch 29/80 [Train]:  61%|██████    | 126/208 [00:05<00:03, 25.31it/s, loss=0.760, acc=85.2%, lr=2.3e-04]
Epoch 29/80 [Train]:  61%|██████    | 126/208 [00:05<00:03, 25.31it/s, loss=0.876, acc=85.1%, lr=2.3e-04]
Epoch 29/80 [Train]:  61%|██████    | 126/208 [00:05<00:03, 25.31it/s, loss=0.772, acc=85.1%, lr=2.3e-04]
Epoch 29/80 [Train]:  62%|██████▏   | 129/208 [00:05<00:03, 25.27it/s, loss=0.772, acc=85.1%, lr=2.3e-04]
Epoch 29/80 [Train]:  62%|██████▏   | 129/208 [00:05<00:03, 25.27it/s, loss=1.134, acc=85.0%, lr=2.3e-04]
Epoch 29/80 [Train]:  62%|██████▏   | 129/208 [00:05<00:03, 25.27it/s, loss=0.706, acc=85.0%, lr=2.3e-04]
Epoch 29/80 [Train]:  62%|██████▏   | 129/208 [00:05<00:03, 25.27it/s, loss=0.732, acc=85.0%, lr=2.3e-04]
Epoch 29/80 [Train]:  63%|██████▎   | 132/208 [00:05<00:03, 25.30it/s, loss=0.732, acc=85.0%, lr=2.3e-04]
Epoch 29/80 [Train]:  63%|██████▎   | 132/208 [00:05<00:03, 25.30it/s, loss=0.796, acc=85.1%, lr=2.3e-04]
Epoch 29/80 [Train]:  63%|██████▎   | 132/208 [00:05<00:03, 25.30it/s, loss=0.908, acc=85.1%, lr=2.3e-04]
Epoch 29/80 [Train]:  63%|██████▎   | 132/208 [00:05<00:03, 25.30it/s, loss=0.832, acc=85.0%, lr=2.3e-04]
Epoch 29/80 [Train]:  65%|██████▍   | 135/208 [00:05<00:02, 25.24it/s, loss=0.832, acc=85.0%, lr=2.3e-04]
Epoch 29/80 [Train]:  65%|██████▍   | 135/208 [00:05<00:02, 25.24it/s, loss=0.822, acc=85.0%, lr=2.3e-04]
Epoch 29/80 [Train]:  65%|██████▍   | 135/208 [00:05<00:02, 25.24it/s, loss=0.834, acc=85.0%, lr=2.3e-04]
Epoch 29/80 [Train]:  65%|██████▍   | 135/208 [00:05<00:02, 25.24it/s, loss=0.791, acc=85.0%, lr=2.3e-04]
Epoch 29/80 [Train]:  66%|██████▋   | 138/208 [00:05<00:02, 25.37it/s, loss=0.791, acc=85.0%, lr=2.3e-04]
Epoch 29/80 [Train]:  66%|██████▋   | 138/208 [00:05<00:02, 25.37it/s, loss=0.846, acc=85.0%, lr=2.3e-04]
Epoch 29/80 [Train]:  66%|██████▋   | 138/208 [00:05<00:02, 25.37it/s, loss=0.726, acc=85.0%, lr=2.3e-04]
Epoch 29/80 [Train]:  66%|██████▋   | 138/208 [00:05<00:02, 25.37it/s, loss=0.784, acc=85.1%, lr=2.3e-04]
Epoch 29/80 [Train]:  68%|██████▊   | 141/208 [00:05<00:02, 25.24it/s, loss=0.784, acc=85.1%, lr=2.3e-04]
Epoch 29/80 [Train]:  68%|██████▊   | 141/208 [00:05<00:02, 25.24it/s, loss=0.830, acc=85.0%, lr=2.3e-04]
Epoch 29/80 [Train]:  68%|██████▊   | 141/208 [00:05<00:02, 25.24it/s, loss=0.864, acc=85.0%, lr=2.3e-04]
Epoch 29/80 [Train]:  68%|██████▊   | 141/208 [00:05<00:02, 25.24it/s, loss=0.692, acc=85.1%, lr=2.3e-04]
Epoch 29/80 [Train]:  69%|██████▉   | 144/208 [00:05<00:02, 25.47it/s, loss=0.692, acc=85.1%, lr=2.3e-04]
Epoch 29/80 [Train]:  69%|██████▉   | 144/208 [00:05<00:02, 25.47it/s, loss=0.648, acc=85.1%, lr=2.3e-04]
Epoch 29/80 [Train]:  69%|██████▉   | 144/208 [00:05<00:02, 25.47it/s, loss=0.900, acc=85.1%, lr=2.3e-04]
Epoch 29/80 [Train]:  69%|██████▉   | 144/208 [00:05<00:02, 25.47it/s, loss=0.810, acc=85.1%, lr=2.3e-04]
Epoch 29/80 [Train]:  71%|███████   | 147/208 [00:05<00:02, 25.28it/s, loss=0.810, acc=85.1%, lr=2.3e-04]
Epoch 29/80 [Train]:  71%|███████   | 147/208 [00:05<00:02, 25.28it/s, loss=0.986, acc=85.0%, lr=2.3e-04]
Epoch 29/80 [Train]:  71%|███████   | 147/208 [00:05<00:02, 25.28it/s, loss=1.016, acc=85.0%, lr=2.3e-04]
Epoch 29/80 [Train]:  71%|███████   | 147/208 [00:05<00:02, 25.28it/s, loss=0.912, acc=84.9%, lr=2.3e-04]
Epoch 29/80 [Train]:  72%|███████▏  | 150/208 [00:05<00:02, 25.40it/s, loss=0.912, acc=84.9%, lr=2.3e-04]
Epoch 29/80 [Train]:  72%|███████▏  | 150/208 [00:06<00:02, 25.40it/s, loss=0.846, acc=84.9%, lr=2.3e-04]
Epoch 29/80 [Train]:  72%|███████▏  | 150/208 [00:06<00:02, 25.40it/s, loss=0.797, acc=84.9%, lr=2.3e-04]
Epoch 29/80 [Train]:  72%|███████▏  | 150/208 [00:06<00:02, 25.40it/s, loss=0.942, acc=84.9%, lr=2.3e-04]
Epoch 29/80 [Train]:  74%|███████▎  | 153/208 [00:06<00:02, 25.41it/s, loss=0.942, acc=84.9%, lr=2.3e-04]
Epoch 29/80 [Train]:  74%|███████▎  | 153/208 [00:06<00:02, 25.41it/s, loss=0.748, acc=84.9%, lr=2.3e-04]
Epoch 29/80 [Train]:  74%|███████▎  | 153/208 [00:06<00:02, 25.41it/s, loss=0.771, acc=84.9%, lr=2.3e-04]
Epoch 29/80 [Train]:  74%|███████▎  | 153/208 [00:06<00:02, 25.41it/s, loss=0.763, acc=84.8%, lr=2.3e-04]
Epoch 29/80 [Train]:  75%|███████▌  | 156/208 [00:06<00:02, 25.42it/s, loss=0.763, acc=84.8%, lr=2.3e-04]
Epoch 29/80 [Train]:  75%|███████▌  | 156/208 [00:06<00:02, 25.42it/s, loss=0.869, acc=84.8%, lr=2.3e-04]
Epoch 29/80 [Train]:  75%|███████▌  | 156/208 [00:06<00:02, 25.42it/s, loss=0.780, acc=84.8%, lr=2.3e-04]
Epoch 29/80 [Train]:  75%|███████▌  | 156/208 [00:06<00:02, 25.42it/s, loss=0.829, acc=84.8%, lr=2.3e-04]
Epoch 29/80 [Train]:  76%|███████▋  | 159/208 [00:06<00:01, 25.48it/s, loss=0.829, acc=84.8%, lr=2.3e-04]
Epoch 29/80 [Train]:  76%|███████▋  | 159/208 [00:06<00:01, 25.48it/s, loss=0.772, acc=84.8%, lr=2.3e-04]
Epoch 29/80 [Train]:  76%|███████▋  | 159/208 [00:06<00:01, 25.48it/s, loss=0.848, acc=84.9%, lr=2.3e-04]
Epoch 29/80 [Train]:  76%|███████▋  | 159/208 [00:06<00:01, 25.48it/s, loss=0.836, acc=84.9%, lr=2.3e-04]
Epoch 29/80 [Train]:  78%|███████▊  | 162/208 [00:06<00:01, 25.52it/s, loss=0.836, acc=84.9%, lr=2.3e-04]
Epoch 29/80 [Train]:  78%|███████▊  | 162/208 [00:06<00:01, 25.52it/s, loss=0.791, acc=84.8%, lr=2.3e-04]
Epoch 29/80 [Train]:  78%|███████▊  | 162/208 [00:06<00:01, 25.52it/s, loss=0.863, acc=84.8%, lr=2.3e-04]
Epoch 29/80 [Train]:  78%|███████▊  | 162/208 [00:06<00:01, 25.52it/s, loss=0.629, acc=84.8%, lr=2.3e-04]
Epoch 29/80 [Train]:  79%|███████▉  | 165/208 [00:06<00:01, 25.50it/s, loss=0.629, acc=84.8%, lr=2.3e-04]
Epoch 29/80 [Train]:  79%|███████▉  | 165/208 [00:06<00:01, 25.50it/s, loss=0.571, acc=84.9%, lr=2.3e-04]
Epoch 29/80 [Train]:  79%|███████▉  | 165/208 [00:06<00:01, 25.50it/s, loss=0.789, acc=84.9%, lr=2.3e-04]
Epoch 29/80 [Train]:  79%|███████▉  | 165/208 [00:06<00:01, 25.50it/s, loss=0.808, acc=84.9%, lr=2.3e-04]
Epoch 29/80 [Train]:  81%|████████  | 168/208 [00:06<00:01, 25.47it/s, loss=0.808, acc=84.9%, lr=2.3e-04]
Epoch 29/80 [Train]:  81%|████████  | 168/208 [00:06<00:01, 25.47it/s, loss=0.739, acc=84.9%, lr=2.3e-04]
Epoch 29/80 [Train]:  81%|████████  | 168/208 [00:06<00:01, 25.47it/s, loss=0.890, acc=84.9%, lr=2.3e-04]
Epoch 29/80 [Train]:  81%|████████  | 168/208 [00:06<00:01, 25.47it/s, loss=0.782, acc=84.8%, lr=2.3e-04]
Epoch 29/80 [Train]:  82%|████████▏ | 171/208 [00:06<00:01, 25.51it/s, loss=0.782, acc=84.8%, lr=2.3e-04]
Epoch 29/80 [Train]:  82%|████████▏ | 171/208 [00:06<00:01, 25.51it/s, loss=0.727, acc=84.8%, lr=2.3e-04]
Epoch 29/80 [Train]:  82%|████████▏ | 171/208 [00:06<00:01, 25.51it/s, loss=0.681, acc=84.9%, lr=2.3e-04]
Epoch 29/80 [Train]:  82%|████████▏ | 171/208 [00:06<00:01, 25.51it/s, loss=0.898, acc=84.9%, lr=2.3e-04]
Epoch 29/80 [Train]:  84%|████████▎ | 174/208 [00:06<00:01, 25.41it/s, loss=0.898, acc=84.9%, lr=2.3e-04]
Epoch 29/80 [Train]:  84%|████████▎ | 174/208 [00:06<00:01, 25.41it/s, loss=0.953, acc=84.8%, lr=2.3e-04]
Epoch 29/80 [Train]:  84%|████████▎ | 174/208 [00:06<00:01, 25.41it/s, loss=0.831, acc=84.8%, lr=2.3e-04]
Epoch 29/80 [Train]:  84%|████████▎ | 174/208 [00:07<00:01, 25.41it/s, loss=0.994, acc=84.8%, lr=2.3e-04]
Epoch 29/80 [Train]:  85%|████████▌ | 177/208 [00:07<00:01, 25.51it/s, loss=0.994, acc=84.8%, lr=2.3e-04]
Epoch 29/80 [Train]:  85%|████████▌ | 177/208 [00:07<00:01, 25.51it/s, loss=0.861, acc=84.7%, lr=2.3e-04]
Epoch 29/80 [Train]:  85%|████████▌ | 177/208 [00:07<00:01, 25.51it/s, loss=0.885, acc=84.8%, lr=2.3e-04]
Epoch 29/80 [Train]:  85%|████████▌ | 177/208 [00:07<00:01, 25.51it/s, loss=0.769, acc=84.7%, lr=2.3e-04]
Epoch 29/80 [Train]:  87%|████████▋ | 180/208 [00:07<00:01, 25.57it/s, loss=0.769, acc=84.7%, lr=2.3e-04]
Epoch 29/80 [Train]:  87%|████████▋ | 180/208 [00:07<00:01, 25.57it/s, loss=0.755, acc=84.7%, lr=2.3e-04]
Epoch 29/80 [Train]:  87%|████████▋ | 180/208 [00:07<00:01, 25.57it/s, loss=0.715, acc=84.8%, lr=2.3e-04]
Epoch 29/80 [Train]:  87%|████████▋ | 180/208 [00:07<00:01, 25.57it/s, loss=0.772, acc=84.8%, lr=2.3e-04]
Epoch 29/80 [Train]:  88%|████████▊ | 183/208 [00:07<00:00, 25.36it/s, loss=0.772, acc=84.8%, lr=2.3e-04]
Epoch 29/80 [Train]:  88%|████████▊ | 183/208 [00:07<00:00, 25.36it/s, loss=0.779, acc=84.8%, lr=2.3e-04]
Epoch 29/80 [Train]:  88%|████████▊ | 183/208 [00:07<00:00, 25.36it/s, loss=0.873, acc=84.8%, lr=2.3e-04]
Epoch 29/80 [Train]:  88%|████████▊ | 183/208 [00:07<00:00, 25.36it/s, loss=0.709, acc=84.8%, lr=2.3e-04]
Epoch 29/80 [Train]:  89%|████████▉ | 186/208 [00:07<00:00, 25.39it/s, loss=0.709, acc=84.8%, lr=2.3e-04]
Epoch 29/80 [Train]:  89%|████████▉ | 186/208 [00:07<00:00, 25.39it/s, loss=0.818, acc=84.8%, lr=2.3e-04]
Epoch 29/80 [Train]:  89%|████████▉ | 186/208 [00:07<00:00, 25.39it/s, loss=0.938, acc=84.8%, lr=2.3e-04]
Epoch 29/80 [Train]:  89%|████████▉ | 186/208 [00:07<00:00, 25.39it/s, loss=0.767, acc=84.8%, lr=2.3e-04]
Epoch 29/80 [Train]:  91%|█████████ | 189/208 [00:07<00:00, 25.43it/s, loss=0.767, acc=84.8%, lr=2.3e-04]
Epoch 29/80 [Train]:  91%|█████████ | 189/208 [00:07<00:00, 25.43it/s, loss=0.820, acc=84.8%, lr=2.3e-04]
Epoch 29/80 [Train]:  91%|█████████ | 189/208 [00:07<00:00, 25.43it/s, loss=0.904, acc=84.8%, lr=2.3e-04]
Epoch 29/80 [Train]:  91%|█████████ | 189/208 [00:07<00:00, 25.43it/s, loss=0.849, acc=84.8%, lr=2.3e-04]
Epoch 29/80 [Train]:  92%|█████████▏| 192/208 [00:07<00:00, 25.44it/s, loss=0.849, acc=84.8%, lr=2.3e-04]
Epoch 29/80 [Train]:  92%|█████████▏| 192/208 [00:07<00:00, 25.44it/s, loss=0.681, acc=84.8%, lr=2.3e-04]
Epoch 29/80 [Train]:  92%|█████████▏| 192/208 [00:07<00:00, 25.44it/s, loss=0.833, acc=84.8%, lr=2.3e-04]
Epoch 29/80 [Train]:  92%|█████████▏| 192/208 [00:07<00:00, 25.44it/s, loss=0.836, acc=84.8%, lr=2.3e-04]
Epoch 29/80 [Train]:  94%|█████████▍| 195/208 [00:07<00:00, 25.27it/s, loss=0.836, acc=84.8%, lr=2.3e-04]
Epoch 29/80 [Train]:  94%|█████████▍| 195/208 [00:07<00:00, 25.27it/s, loss=1.063, acc=84.7%, lr=2.3e-04]
Epoch 29/80 [Train]:  94%|█████████▍| 195/208 [00:07<00:00, 25.27it/s, loss=0.905, acc=84.7%, lr=2.3e-04]
Epoch 29/80 [Train]:  94%|█████████▍| 195/208 [00:07<00:00, 25.27it/s, loss=0.873, acc=84.7%, lr=2.3e-04]
Epoch 29/80 [Train]:  95%|█████████▌| 198/208 [00:07<00:00, 25.32it/s, loss=0.873, acc=84.7%, lr=2.3e-04]
Epoch 29/80 [Train]:  95%|█████████▌| 198/208 [00:07<00:00, 25.32it/s, loss=0.768, acc=84.7%, lr=2.3e-04]
Epoch 29/80 [Train]:  95%|█████████▌| 198/208 [00:07<00:00, 25.32it/s, loss=0.711, acc=84.7%, lr=2.3e-04]
Epoch 29/80 [Train]:  95%|█████████▌| 198/208 [00:07<00:00, 25.32it/s, loss=0.788, acc=84.8%, lr=2.3e-04]
Epoch 29/80 [Train]:  97%|█████████▋| 201/208 [00:07<00:00, 25.03it/s, loss=0.788, acc=84.8%, lr=2.3e-04]
Epoch 29/80 [Train]:  97%|█████████▋| 201/208 [00:08<00:00, 25.03it/s, loss=0.817, acc=84.8%, lr=2.3e-04]
Epoch 29/80 [Train]:  97%|█████████▋| 201/208 [00:08<00:00, 25.03it/s, loss=0.951, acc=84.8%, lr=2.3e-04]
Epoch 29/80 [Train]:  97%|█████████▋| 201/208 [00:08<00:00, 25.03it/s, loss=0.932, acc=84.7%, lr=2.3e-04]
Epoch 29/80 [Train]:  98%|█████████▊| 204/208 [00:08<00:00, 24.37it/s, loss=0.932, acc=84.7%, lr=2.3e-04]
Epoch 29/80 [Train]:  98%|█████████▊| 204/208 [00:08<00:00, 24.37it/s, loss=0.965, acc=84.7%, lr=2.3e-04]
Epoch 29/80 [Train]:  98%|█████████▊| 204/208 [00:08<00:00, 24.37it/s, loss=0.787, acc=84.7%, lr=2.3e-04]
Epoch 29/80 [Train]:  98%|█████████▊| 204/208 [00:08<00:00, 24.37it/s, loss=0.881, acc=84.7%, lr=2.3e-04]
Epoch 29/80 [Train]: 100%|█████████▉| 207/208 [00:08<00:00, 24.81it/s, loss=0.881, acc=84.7%, lr=2.3e-04]
Epoch 29/80 [Train]: 100%|█████████▉| 207/208 [00:08<00:00, 24.81it/s, loss=0.910, acc=84.7%, lr=2.3e-04]
Epoch 29/80 [Train]: 100%|██████████| 208/208 [00:08<00:00, 25.22it/s, loss=0.910, acc=84.7%, lr=2.3e-04]

[2026-08-17 01:22:18] [EPOCH 29 SUMMARY]
  Train: Loss = 0.8080 | Top-1 Acc =  84.72%
  Val:   Top-1 Acc =  10.31% | Top-3 =  31.88% | Top-5 =  43.40%
         APL = 11.42 dB | Profile MAE =  2.18 dB (Rank Corr: 0.503)
  Time:  Epoch = 8.2s (Val Eval: 2.0s) | Total Elapsed = 00h:04m:11s | ETA: 00h:07m:21s
  -> [INFO] No improvement for 21/12 epochs (Best: 15.65%)

[2026-08-17 01:22:18] >>> [EPOCH 30/80] Training Started <<<

Epoch 30/80 [Train]:   0%|          | 0/208 [00:00<?, ?it/s]
Epoch 30/80 [Train]:   0%|          | 0/208 [00:00<?, ?it/s, loss=0.808, acc=84.4%, lr=2.3e-04]
Epoch 30/80 [Train]:   0%|          | 0/208 [00:00<?, ?it/s, loss=0.780, acc=86.7%, lr=2.3e-04]
Epoch 30/80 [Train]:   0%|          | 0/208 [00:00<?, ?it/s, loss=0.814, acc=84.9%, lr=2.3e-04]
Epoch 30/80 [Train]:   1%|▏         | 3/208 [00:00<00:08, 24.46it/s, loss=0.814, acc=84.9%, lr=2.3e-04]
Epoch 30/80 [Train]:   1%|▏         | 3/208 [00:00<00:08, 24.46it/s, loss=0.801, acc=84.8%, lr=2.3e-04]
Epoch 30/80 [Train]:   1%|▏         | 3/208 [00:00<00:08, 24.46it/s, loss=0.798, acc=86.2%, lr=2.3e-04]
Epoch 30/80 [Train]:   1%|▏         | 3/208 [00:00<00:08, 24.46it/s, loss=0.732, acc=86.5%, lr=2.3e-04]
Epoch 30/80 [Train]:   3%|▎         | 6/208 [00:00<00:08, 25.20it/s, loss=0.732, acc=86.5%, lr=2.3e-04]
Epoch 30/80 [Train]:   3%|▎         | 6/208 [00:00<00:08, 25.20it/s, loss=0.746, acc=86.6%, lr=2.3e-04]
Epoch 30/80 [Train]:   3%|▎         | 6/208 [00:00<00:08, 25.20it/s, loss=0.700, acc=87.3%, lr=2.3e-04]
Epoch 30/80 [Train]:   3%|▎         | 6/208 [00:00<00:08, 25.20it/s, loss=0.826, acc=86.8%, lr=2.3e-04]
Epoch 30/80 [Train]:   4%|▍         | 9/208 [00:00<00:07, 25.33it/s, loss=0.826, acc=86.8%, lr=2.3e-04]
Epoch 30/80 [Train]:   4%|▍         | 9/208 [00:00<00:07, 25.33it/s, loss=1.032, acc=86.1%, lr=2.3e-04]
Epoch 30/80 [Train]:   4%|▍         | 9/208 [00:00<00:07, 25.33it/s, loss=0.680, acc=86.4%, lr=2.3e-04]
Epoch 30/80 [Train]:   4%|▍         | 9/208 [00:00<00:07, 25.33it/s, loss=0.760, acc=86.6%, lr=2.3e-04]
Epoch 30/80 [Train]:   6%|▌         | 12/208 [00:00<00:07, 25.33it/s, loss=0.760, acc=86.6%, lr=2.3e-04]
Epoch 30/80 [Train]:   6%|▌         | 12/208 [00:00<00:07, 25.33it/s, loss=0.768, acc=86.3%, lr=2.3e-04]
Epoch 30/80 [Train]:   6%|▌         | 12/208 [00:00<00:07, 25.33it/s, loss=0.790, acc=86.0%, lr=2.3e-04]
Epoch 30/80 [Train]:   6%|▌         | 12/208 [00:00<00:07, 25.33it/s, loss=0.739, acc=85.9%, lr=2.3e-04]
Epoch 30/80 [Train]:   7%|▋         | 15/208 [00:00<00:07, 25.34it/s, loss=0.739, acc=85.9%, lr=2.3e-04]
Epoch 30/80 [Train]:   7%|▋         | 15/208 [00:00<00:07, 25.34it/s, loss=0.947, acc=85.8%, lr=2.3e-04]
Epoch 30/80 [Train]:   7%|▋         | 15/208 [00:00<00:07, 25.34it/s, loss=0.910, acc=85.4%, lr=2.3e-04]
Epoch 30/80 [Train]:   7%|▋         | 15/208 [00:00<00:07, 25.34it/s, loss=0.785, acc=85.7%, lr=2.3e-04]
Epoch 30/80 [Train]:   9%|▊         | 18/208 [00:00<00:07, 25.58it/s, loss=0.785, acc=85.7%, lr=2.3e-04]
Epoch 30/80 [Train]:   9%|▊         | 18/208 [00:00<00:07, 25.58it/s, loss=0.701, acc=86.0%, lr=2.3e-04]
Epoch 30/80 [Train]:   9%|▊         | 18/208 [00:00<00:07, 25.58it/s, loss=0.646, acc=86.2%, lr=2.3e-04]
Epoch 30/80 [Train]:   9%|▊         | 18/208 [00:00<00:07, 25.58it/s, loss=0.758, acc=86.0%, lr=2.3e-04]
Epoch 30/80 [Train]:  10%|█         | 21/208 [00:00<00:07, 25.40it/s, loss=0.758, acc=86.0%, lr=2.3e-04]
Epoch 30/80 [Train]:  10%|█         | 21/208 [00:00<00:07, 25.40it/s, loss=0.772, acc=86.1%, lr=2.3e-04]
Epoch 30/80 [Train]:  10%|█         | 21/208 [00:00<00:07, 25.40it/s, loss=0.711, acc=86.1%, lr=2.3e-04]
Epoch 30/80 [Train]:  10%|█         | 21/208 [00:00<00:07, 25.40it/s, loss=0.915, acc=85.7%, lr=2.3e-04]
Epoch 30/80 [Train]:  12%|█▏        | 24/208 [00:00<00:07, 25.37it/s, loss=0.915, acc=85.7%, lr=2.3e-04]
Epoch 30/80 [Train]:  12%|█▏        | 24/208 [00:00<00:07, 25.37it/s, loss=0.711, acc=85.6%, lr=2.3e-04]
Epoch 30/80 [Train]:  12%|█▏        | 24/208 [00:01<00:07, 25.37it/s, loss=0.873, acc=85.3%, lr=2.3e-04]
Epoch 30/80 [Train]:  12%|█▏        | 24/208 [00:01<00:07, 25.37it/s, loss=0.715, acc=85.5%, lr=2.3e-04]
Epoch 30/80 [Train]:  13%|█▎        | 27/208 [00:01<00:07, 25.10it/s, loss=0.715, acc=85.5%, lr=2.3e-04]
Epoch 30/80 [Train]:  13%|█▎        | 27/208 [00:01<00:07, 25.10it/s, loss=0.732, acc=85.6%, lr=2.3e-04]
Epoch 30/80 [Train]:  13%|█▎        | 27/208 [00:01<00:07, 25.10it/s, loss=0.740, acc=85.7%, lr=2.3e-04]
Epoch 30/80 [Train]:  13%|█▎        | 27/208 [00:01<00:07, 25.10it/s, loss=0.752, acc=85.5%, lr=2.3e-04]
Epoch 30/80 [Train]:  14%|█▍        | 30/208 [00:01<00:07, 25.17it/s, loss=0.752, acc=85.5%, lr=2.3e-04]
Epoch 30/80 [Train]:  14%|█▍        | 30/208 [00:01<00:07, 25.17it/s, loss=0.666, acc=85.6%, lr=2.3e-04]
Epoch 30/80 [Train]:  14%|█▍        | 30/208 [00:01<00:07, 25.17it/s, loss=0.592, acc=85.8%, lr=2.3e-04]
Epoch 30/80 [Train]:  14%|█▍        | 30/208 [00:01<00:07, 25.17it/s, loss=0.798, acc=85.7%, lr=2.3e-04]
Epoch 30/80 [Train]:  16%|█▌        | 33/208 [00:01<00:06, 25.30it/s, loss=0.798, acc=85.7%, lr=2.3e-04]
Epoch 30/80 [Train]:  16%|█▌        | 33/208 [00:01<00:06, 25.30it/s, loss=0.923, acc=85.7%, lr=2.3e-04]
Epoch 30/80 [Train]:  16%|█▌        | 33/208 [00:01<00:06, 25.30it/s, loss=0.672, acc=85.8%, lr=2.3e-04]
Epoch 30/80 [Train]:  16%|█▌        | 33/208 [00:01<00:06, 25.30it/s, loss=0.663, acc=85.9%, lr=2.3e-04]
Epoch 30/80 [Train]:  17%|█▋        | 36/208 [00:01<00:06, 25.41it/s, loss=0.663, acc=85.9%, lr=2.3e-04]
Epoch 30/80 [Train]:  17%|█▋        | 36/208 [00:01<00:06, 25.41it/s, loss=0.728, acc=85.9%, lr=2.3e-04]
Epoch 30/80 [Train]:  17%|█▋        | 36/208 [00:01<00:06, 25.41it/s, loss=0.752, acc=85.8%, lr=2.3e-04]
Epoch 30/80 [Train]:  17%|█▋        | 36/208 [00:01<00:06, 25.41it/s, loss=0.805, acc=85.8%, lr=2.3e-04]
Epoch 30/80 [Train]:  19%|█▉        | 39/208 [00:01<00:06, 25.22it/s, loss=0.805, acc=85.8%, lr=2.3e-04]
Epoch 30/80 [Train]:  19%|█▉        | 39/208 [00:01<00:06, 25.22it/s, loss=0.752, acc=85.8%, lr=2.3e-04]
Epoch 30/80 [Train]:  19%|█▉        | 39/208 [00:01<00:06, 25.22it/s, loss=0.897, acc=85.4%, lr=2.3e-04]
Epoch 30/80 [Train]:  19%|█▉        | 39/208 [00:01<00:06, 25.22it/s, loss=0.788, acc=85.6%, lr=2.3e-04]
Epoch 30/80 [Train]:  20%|██        | 42/208 [00:01<00:06, 25.09it/s, loss=0.788, acc=85.6%, lr=2.3e-04]
Epoch 30/80 [Train]:  20%|██        | 42/208 [00:01<00:06, 25.09it/s, loss=0.667, acc=85.7%, lr=2.3e-04]
Epoch 30/80 [Train]:  20%|██        | 42/208 [00:01<00:06, 25.09it/s, loss=0.929, acc=85.5%, lr=2.3e-04]
Epoch 30/80 [Train]:  20%|██        | 42/208 [00:01<00:06, 25.09it/s, loss=0.727, acc=85.7%, lr=2.3e-04]
Epoch 30/80 [Train]:  22%|██▏       | 45/208 [00:01<00:06, 25.14it/s, loss=0.727, acc=85.7%, lr=2.3e-04]
Epoch 30/80 [Train]:  22%|██▏       | 45/208 [00:01<00:06, 25.14it/s, loss=0.833, acc=85.7%, lr=2.3e-04]
Epoch 30/80 [Train]:  22%|██▏       | 45/208 [00:01<00:06, 25.14it/s, loss=0.775, acc=85.7%, lr=2.3e-04]
Epoch 30/80 [Train]:  22%|██▏       | 45/208 [00:01<00:06, 25.14it/s, loss=0.995, acc=85.6%, lr=2.3e-04]
Epoch 30/80 [Train]:  23%|██▎       | 48/208 [00:01<00:06, 25.20it/s, loss=0.995, acc=85.6%, lr=2.3e-04]
Epoch 30/80 [Train]:  23%|██▎       | 48/208 [00:01<00:06, 25.20it/s, loss=0.827, acc=85.5%, lr=2.3e-04]
Epoch 30/80 [Train]:  23%|██▎       | 48/208 [00:01<00:06, 25.20it/s, loss=0.722, acc=85.6%, lr=2.3e-04]
Epoch 30/80 [Train]:  23%|██▎       | 48/208 [00:02<00:06, 25.20it/s, loss=0.839, acc=85.5%, lr=2.3e-04]
Epoch 30/80 [Train]:  25%|██▍       | 51/208 [00:02<00:06, 24.70it/s, loss=0.839, acc=85.5%, lr=2.3e-04]
Epoch 30/80 [Train]:  25%|██▍       | 51/208 [00:02<00:06, 24.70it/s, loss=0.770, acc=85.5%, lr=2.3e-04]
Epoch 30/80 [Train]:  25%|██▍       | 51/208 [00:02<00:06, 24.70it/s, loss=0.865, acc=85.5%, lr=2.3e-04]
Epoch 30/80 [Train]:  25%|██▍       | 51/208 [00:02<00:06, 24.70it/s, loss=0.873, acc=85.5%, lr=2.3e-04]
Epoch 30/80 [Train]:  26%|██▌       | 54/208 [00:02<00:06, 24.79it/s, loss=0.873, acc=85.5%, lr=2.3e-04]
Epoch 30/80 [Train]:  26%|██▌       | 54/208 [00:02<00:06, 24.79it/s, loss=0.793, acc=85.5%, lr=2.3e-04]
Epoch 30/80 [Train]:  26%|██▌       | 54/208 [00:02<00:06, 24.79it/s, loss=0.742, acc=85.6%, lr=2.3e-04]
Epoch 30/80 [Train]:  26%|██▌       | 54/208 [00:02<00:06, 24.79it/s, loss=0.735, acc=85.7%, lr=2.3e-04]
Epoch 30/80 [Train]:  27%|██▋       | 57/208 [00:02<00:06, 24.95it/s, loss=0.735, acc=85.7%, lr=2.3e-04]
Epoch 30/80 [Train]:  27%|██▋       | 57/208 [00:02<00:06, 24.95it/s, loss=0.710, acc=85.7%, lr=2.3e-04]
Epoch 30/80 [Train]:  27%|██▋       | 57/208 [00:02<00:06, 24.95it/s, loss=0.699, acc=85.8%, lr=2.3e-04]
Epoch 30/80 [Train]:  27%|██▋       | 57/208 [00:02<00:06, 24.95it/s, loss=0.629, acc=85.8%, lr=2.3e-04]
Epoch 30/80 [Train]:  29%|██▉       | 60/208 [00:02<00:05, 25.24it/s, loss=0.629, acc=85.8%, lr=2.3e-04]
Epoch 30/80 [Train]:  29%|██▉       | 60/208 [00:02<00:05, 25.24it/s, loss=0.767, acc=85.7%, lr=2.3e-04]
Epoch 30/80 [Train]:  29%|██▉       | 60/208 [00:02<00:05, 25.24it/s, loss=0.854, acc=85.6%, lr=2.3e-04]
Epoch 30/80 [Train]:  29%|██▉       | 60/208 [00:02<00:05, 25.24it/s, loss=0.983, acc=85.5%, lr=2.3e-04]
Epoch 30/80 [Train]:  30%|███       | 63/208 [00:02<00:05, 25.23it/s, loss=0.983, acc=85.5%, lr=2.3e-04]
Epoch 30/80 [Train]:  30%|███       | 63/208 [00:02<00:05, 25.23it/s, loss=0.964, acc=85.4%, lr=2.3e-04]
Epoch 30/80 [Train]:  30%|███       | 63/208 [00:02<00:05, 25.23it/s, loss=0.778, acc=85.4%, lr=2.3e-04]
Epoch 30/80 [Train]:  30%|███       | 63/208 [00:02<00:05, 25.23it/s, loss=0.879, acc=85.4%, lr=2.3e-04]
Epoch 30/80 [Train]:  32%|███▏      | 66/208 [00:02<00:05, 25.38it/s, loss=0.879, acc=85.4%, lr=2.3e-04]
Epoch 30/80 [Train]:  32%|███▏      | 66/208 [00:02<00:05, 25.38it/s, loss=0.755, acc=85.4%, lr=2.3e-04]
Epoch 30/80 [Train]:  32%|███▏      | 66/208 [00:02<00:05, 25.38it/s, loss=0.947, acc=85.4%, lr=2.3e-04]
Epoch 30/80 [Train]:  32%|███▏      | 66/208 [00:02<00:05, 25.38it/s, loss=0.606, acc=85.5%, lr=2.2e-04]
Epoch 30/80 [Train]:  33%|███▎      | 69/208 [00:02<00:05, 25.52it/s, loss=0.606, acc=85.5%, lr=2.2e-04]
Epoch 30/80 [Train]:  33%|███▎      | 69/208 [00:02<00:05, 25.52it/s, loss=0.836, acc=85.5%, lr=2.2e-04]
Epoch 30/80 [Train]:  33%|███▎      | 69/208 [00:02<00:05, 25.52it/s, loss=0.816, acc=85.5%, lr=2.2e-04]
Epoch 30/80 [Train]:  33%|███▎      | 69/208 [00:02<00:05, 25.52it/s, loss=0.695, acc=85.6%, lr=2.2e-04]
Epoch 30/80 [Train]:  35%|███▍      | 72/208 [00:02<00:05, 25.65it/s, loss=0.695, acc=85.6%, lr=2.2e-04]
Epoch 30/80 [Train]:  35%|███▍      | 72/208 [00:02<00:05, 25.65it/s, loss=0.762, acc=85.6%, lr=2.2e-04]
Epoch 30/80 [Train]:  35%|███▍      | 72/208 [00:02<00:05, 25.65it/s, loss=0.695, acc=85.7%, lr=2.2e-04]
Epoch 30/80 [Train]:  35%|███▍      | 72/208 [00:02<00:05, 25.65it/s, loss=0.803, acc=85.7%, lr=2.2e-04]
Epoch 30/80 [Train]:  36%|███▌      | 75/208 [00:02<00:05, 24.96it/s, loss=0.803, acc=85.7%, lr=2.2e-04]
Epoch 30/80 [Train]:  36%|███▌      | 75/208 [00:03<00:05, 24.96it/s, loss=0.869, acc=85.6%, lr=2.2e-04]
Epoch 30/80 [Train]:  36%|███▌      | 75/208 [00:03<00:05, 24.96it/s, loss=0.866, acc=85.5%, lr=2.2e-04]
Epoch 30/80 [Train]:  36%|███▌      | 75/208 [00:03<00:05, 24.96it/s, loss=0.739, acc=85.5%, lr=2.2e-04]
Epoch 30/80 [Train]:  38%|███▊      | 78/208 [00:03<00:05, 24.95it/s, loss=0.739, acc=85.5%, lr=2.2e-04]
Epoch 30/80 [Train]:  38%|███▊      | 78/208 [00:03<00:05, 24.95it/s, loss=0.867, acc=85.5%, lr=2.2e-04]
Epoch 30/80 [Train]:  38%|███▊      | 78/208 [00:03<00:05, 24.95it/s, loss=0.838, acc=85.5%, lr=2.2e-04]
Epoch 30/80 [Train]:  38%|███▊      | 78/208 [00:03<00:05, 24.95it/s, loss=0.706, acc=85.5%, lr=2.2e-04]
Epoch 30/80 [Train]:  39%|███▉      | 81/208 [00:03<00:05, 24.95it/s, loss=0.706, acc=85.5%, lr=2.2e-04]
Epoch 30/80 [Train]:  39%|███▉      | 81/208 [00:03<00:05, 24.95it/s, loss=0.805, acc=85.4%, lr=2.2e-04]
Epoch 30/80 [Train]:  39%|███▉      | 81/208 [00:03<00:05, 24.95it/s, loss=0.730, acc=85.4%, lr=2.2e-04]
Epoch 30/80 [Train]:  39%|███▉      | 81/208 [00:03<00:05, 24.95it/s, loss=0.654, acc=85.5%, lr=2.2e-04]
Epoch 30/80 [Train]:  40%|████      | 84/208 [00:03<00:04, 25.02it/s, loss=0.654, acc=85.5%, lr=2.2e-04]
Epoch 30/80 [Train]:  40%|████      | 84/208 [00:03<00:04, 25.02it/s, loss=0.852, acc=85.4%, lr=2.2e-04]
Epoch 30/80 [Train]:  40%|████      | 84/208 [00:03<00:04, 25.02it/s, loss=0.741, acc=85.3%, lr=2.2e-04]
Epoch 30/80 [Train]:  40%|████      | 84/208 [00:03<00:04, 25.02it/s, loss=0.868, acc=85.4%, lr=2.2e-04]
Epoch 30/80 [Train]:  42%|████▏     | 87/208 [00:03<00:04, 25.10it/s, loss=0.868, acc=85.4%, lr=2.2e-04]
Epoch 30/80 [Train]:  42%|████▏     | 87/208 [00:03<00:04, 25.10it/s, loss=0.859, acc=85.4%, lr=2.2e-04]
Epoch 30/80 [Train]:  42%|████▏     | 87/208 [00:03<00:04, 25.10it/s, loss=0.760, acc=85.3%, lr=2.2e-04]
Epoch 30/80 [Train]:  42%|████▏     | 87/208 [00:03<00:04, 25.10it/s, loss=0.636, acc=85.3%, lr=2.2e-04]
Epoch 30/80 [Train]:  43%|████▎     | 90/208 [00:03<00:04, 25.31it/s, loss=0.636, acc=85.3%, lr=2.2e-04]
Epoch 30/80 [Train]:  43%|████▎     | 90/208 [00:03<00:04, 25.31it/s, loss=0.837, acc=85.3%, lr=2.2e-04]
Epoch 30/80 [Train]:  43%|████▎     | 90/208 [00:03<00:04, 25.31it/s, loss=0.724, acc=85.3%, lr=2.2e-04]
Epoch 30/80 [Train]:  43%|████▎     | 90/208 [00:03<00:04, 25.31it/s, loss=0.689, acc=85.3%, lr=2.2e-04]
Epoch 30/80 [Train]:  45%|████▍     | 93/208 [00:03<00:04, 25.50it/s, loss=0.689, acc=85.3%, lr=2.2e-04]
Epoch 30/80 [Train]:  45%|████▍     | 93/208 [00:03<00:04, 25.50it/s, loss=0.586, acc=85.3%, lr=2.2e-04]
Epoch 30/80 [Train]:  45%|████▍     | 93/208 [00:03<00:04, 25.50it/s, loss=0.689, acc=85.4%, lr=2.2e-04]
Epoch 30/80 [Train]:  45%|████▍     | 93/208 [00:03<00:04, 25.50it/s, loss=0.642, acc=85.4%, lr=2.2e-04]
Epoch 30/80 [Train]:  46%|████▌     | 96/208 [00:03<00:04, 25.40it/s, loss=0.642, acc=85.4%, lr=2.2e-04]
Epoch 30/80 [Train]:  46%|████▌     | 96/208 [00:03<00:04, 25.40it/s, loss=0.794, acc=85.4%, lr=2.2e-04]
Epoch 30/80 [Train]:  46%|████▌     | 96/208 [00:03<00:04, 25.40it/s, loss=0.620, acc=85.5%, lr=2.2e-04]
Epoch 30/80 [Train]:  46%|████▌     | 96/208 [00:03<00:04, 25.40it/s, loss=0.798, acc=85.5%, lr=2.2e-04]
Epoch 30/80 [Train]:  48%|████▊     | 99/208 [00:03<00:04, 25.42it/s, loss=0.798, acc=85.5%, lr=2.2e-04]
Epoch 30/80 [Train]:  48%|████▊     | 99/208 [00:03<00:04, 25.42it/s, loss=0.866, acc=85.5%, lr=2.2e-04]
Epoch 30/80 [Train]:  48%|████▊     | 99/208 [00:04<00:04, 25.42it/s, loss=0.779, acc=85.4%, lr=2.2e-04]
Epoch 30/80 [Train]:  48%|████▊     | 99/208 [00:04<00:04, 25.42it/s, loss=0.777, acc=85.4%, lr=2.2e-04]
Epoch 30/80 [Train]:  49%|████▉     | 102/208 [00:04<00:04, 25.54it/s, loss=0.777, acc=85.4%, lr=2.2e-04]
Epoch 30/80 [Train]:  49%|████▉     | 102/208 [00:04<00:04, 25.54it/s, loss=0.800, acc=85.5%, lr=2.2e-04]
Epoch 30/80 [Train]:  49%|████▉     | 102/208 [00:04<00:04, 25.54it/s, loss=0.770, acc=85.4%, lr=2.2e-04]
Epoch 30/80 [Train]:  49%|████▉     | 102/208 [00:04<00:04, 25.54it/s, loss=0.677, acc=85.4%, lr=2.2e-04]
Epoch 30/80 [Train]:  50%|█████     | 105/208 [00:04<00:04, 25.49it/s, loss=0.677, acc=85.4%, lr=2.2e-04]
Epoch 30/80 [Train]:  50%|█████     | 105/208 [00:04<00:04, 25.49it/s, loss=0.713, acc=85.4%, lr=2.2e-04]
Epoch 30/80 [Train]:  50%|█████     | 105/208 [00:04<00:04, 25.49it/s, loss=0.873, acc=85.4%, lr=2.2e-04]
Epoch 30/80 [Train]:  50%|█████     | 105/208 [00:04<00:04, 25.49it/s, loss=0.871, acc=85.4%, lr=2.2e-04]
Epoch 30/80 [Train]:  52%|█████▏    | 108/208 [00:04<00:03, 25.47it/s, loss=0.871, acc=85.4%, lr=2.2e-04]
Epoch 30/80 [Train]:  52%|█████▏    | 108/208 [00:04<00:03, 25.47it/s, loss=0.782, acc=85.4%, lr=2.2e-04]
Epoch 30/80 [Train]:  52%|█████▏    | 108/208 [00:04<00:03, 25.47it/s, loss=0.815, acc=85.4%, lr=2.2e-04]
Epoch 30/80 [Train]:  52%|█████▏    | 108/208 [00:04<00:03, 25.47it/s, loss=0.832, acc=85.4%, lr=2.2e-04]
Epoch 30/80 [Train]:  53%|█████▎    | 111/208 [00:04<00:03, 25.43it/s, loss=0.832, acc=85.4%, lr=2.2e-04]
Epoch 30/80 [Train]:  53%|█████▎    | 111/208 [00:04<00:03, 25.43it/s, loss=0.799, acc=85.4%, lr=2.2e-04]
Epoch 30/80 [Train]:  53%|█████▎    | 111/208 [00:04<00:03, 25.43it/s, loss=0.857, acc=85.4%, lr=2.2e-04]
Epoch 30/80 [Train]:  53%|█████▎    | 111/208 [00:04<00:03, 25.43it/s, loss=0.828, acc=85.4%, lr=2.2e-04]
Epoch 30/80 [Train]:  55%|█████▍    | 114/208 [00:04<00:03, 25.66it/s, loss=0.828, acc=85.4%, lr=2.2e-04]
Epoch 30/80 [Train]:  55%|█████▍    | 114/208 [00:04<00:03, 25.66it/s, loss=0.921, acc=85.4%, lr=2.2e-04]
Epoch 30/80 [Train]:  55%|█████▍    | 114/208 [00:04<00:03, 25.66it/s, loss=0.629, acc=85.4%, lr=2.2e-04]
Epoch 30/80 [Train]:  55%|█████▍    | 114/208 [00:04<00:03, 25.66it/s, loss=0.600, acc=85.5%, lr=2.2e-04]
Epoch 30/80 [Train]:  56%|█████▋    | 117/208 [00:04<00:03, 25.68it/s, loss=0.600, acc=85.5%, lr=2.2e-04]
Epoch 30/80 [Train]:  56%|█████▋    | 117/208 [00:04<00:03, 25.68it/s, loss=0.750, acc=85.5%, lr=2.2e-04]
Epoch 30/80 [Train]:  56%|█████▋    | 117/208 [00:04<00:03, 25.68it/s, loss=0.685, acc=85.5%, lr=2.2e-04]
Epoch 30/80 [Train]:  56%|█████▋    | 117/208 [00:04<00:03, 25.68it/s, loss=0.846, acc=85.5%, lr=2.2e-04]
Epoch 30/80 [Train]:  58%|█████▊    | 120/208 [00:04<00:03, 25.63it/s, loss=0.846, acc=85.5%, lr=2.2e-04]
Epoch 30/80 [Train]:  58%|█████▊    | 120/208 [00:04<00:03, 25.63it/s, loss=0.824, acc=85.6%, lr=2.2e-04]
Epoch 30/80 [Train]:  58%|█████▊    | 120/208 [00:04<00:03, 25.63it/s, loss=0.715, acc=85.5%, lr=2.2e-04]
Epoch 30/80 [Train]:  58%|█████▊    | 120/208 [00:04<00:03, 25.63it/s, loss=0.737, acc=85.6%, lr=2.2e-04]
Epoch 30/80 [Train]:  59%|█████▉    | 123/208 [00:04<00:03, 25.54it/s, loss=0.737, acc=85.6%, lr=2.2e-04]
Epoch 30/80 [Train]:  59%|█████▉    | 123/208 [00:04<00:03, 25.54it/s, loss=0.850, acc=85.5%, lr=2.2e-04]
Epoch 30/80 [Train]:  59%|█████▉    | 123/208 [00:04<00:03, 25.54it/s, loss=0.698, acc=85.5%, lr=2.2e-04]
Epoch 30/80 [Train]:  59%|█████▉    | 123/208 [00:04<00:03, 25.54it/s, loss=0.909, acc=85.5%, lr=2.2e-04]
Epoch 30/80 [Train]:  61%|██████    | 126/208 [00:04<00:03, 25.54it/s, loss=0.909, acc=85.5%, lr=2.2e-04]
Epoch 30/80 [Train]:  61%|██████    | 126/208 [00:05<00:03, 25.54it/s, loss=0.801, acc=85.5%, lr=2.2e-04]
Epoch 30/80 [Train]:  61%|██████    | 126/208 [00:05<00:03, 25.54it/s, loss=0.907, acc=85.4%, lr=2.2e-04]
Epoch 30/80 [Train]:  61%|██████    | 126/208 [00:05<00:03, 25.54it/s, loss=0.824, acc=85.4%, lr=2.2e-04]
Epoch 30/80 [Train]:  62%|██████▏   | 129/208 [00:05<00:03, 25.42it/s, loss=0.824, acc=85.4%, lr=2.2e-04]
Epoch 30/80 [Train]:  62%|██████▏   | 129/208 [00:05<00:03, 25.42it/s, loss=0.761, acc=85.5%, lr=2.2e-04]
Epoch 30/80 [Train]:  62%|██████▏   | 129/208 [00:05<00:03, 25.42it/s, loss=0.826, acc=85.5%, lr=2.2e-04]
Epoch 30/80 [Train]:  62%|██████▏   | 129/208 [00:05<00:03, 25.42it/s, loss=0.737, acc=85.5%, lr=2.2e-04]
Epoch 30/80 [Train]:  63%|██████▎   | 132/208 [00:05<00:02, 25.42it/s, loss=0.737, acc=85.5%, lr=2.2e-04]
Epoch 30/80 [Train]:  63%|██████▎   | 132/208 [00:05<00:02, 25.42it/s, loss=0.867, acc=85.5%, lr=2.2e-04]
Epoch 30/80 [Train]:  63%|██████▎   | 132/208 [00:05<00:02, 25.42it/s, loss=0.784, acc=85.5%, lr=2.2e-04]
Epoch 30/80 [Train]:  63%|██████▎   | 132/208 [00:05<00:02, 25.42it/s, loss=0.801, acc=85.5%, lr=2.2e-04]
Epoch 30/80 [Train]:  65%|██████▍   | 135/208 [00:05<00:02, 25.34it/s, loss=0.801, acc=85.5%, lr=2.2e-04]
Epoch 30/80 [Train]:  65%|██████▍   | 135/208 [00:05<00:02, 25.34it/s, loss=0.671, acc=85.4%, lr=2.2e-04]
Epoch 30/80 [Train]:  65%|██████▍   | 135/208 [00:05<00:02, 25.34it/s, loss=0.753, acc=85.4%, lr=2.2e-04]
Epoch 30/80 [Train]:  65%|██████▍   | 135/208 [00:05<00:02, 25.34it/s, loss=0.769, acc=85.5%, lr=2.2e-04]
Epoch 30/80 [Train]:  66%|██████▋   | 138/208 [00:05<00:02, 24.64it/s, loss=0.769, acc=85.5%, lr=2.2e-04]
Epoch 30/80 [Train]:  66%|██████▋   | 138/208 [00:05<00:02, 24.64it/s, loss=0.803, acc=85.5%, lr=2.2e-04]
Epoch 30/80 [Train]:  66%|██████▋   | 138/208 [00:05<00:02, 24.64it/s, loss=0.817, acc=85.4%, lr=2.2e-04]
Epoch 30/80 [Train]:  66%|██████▋   | 138/208 [00:05<00:02, 24.64it/s, loss=0.671, acc=85.5%, lr=2.2e-04]
Epoch 30/80 [Train]:  68%|██████▊   | 141/208 [00:05<00:02, 24.79it/s, loss=0.671, acc=85.5%, lr=2.2e-04]
Epoch 30/80 [Train]:  68%|██████▊   | 141/208 [00:05<00:02, 24.79it/s, loss=0.796, acc=85.4%, lr=2.2e-04]
Epoch 30/80 [Train]:  68%|██████▊   | 141/208 [00:05<00:02, 24.79it/s, loss=0.862, acc=85.4%, lr=2.2e-04]
Epoch 30/80 [Train]:  68%|██████▊   | 141/208 [00:05<00:02, 24.79it/s, loss=0.824, acc=85.4%, lr=2.2e-04]
Epoch 30/80 [Train]:  69%|██████▉   | 144/208 [00:05<00:02, 24.98it/s, loss=0.824, acc=85.4%, lr=2.2e-04]
Epoch 30/80 [Train]:  69%|██████▉   | 144/208 [00:05<00:02, 24.98it/s, loss=0.945, acc=85.4%, lr=2.2e-04]
Epoch 30/80 [Train]:  69%|██████▉   | 144/208 [00:05<00:02, 24.98it/s, loss=0.729, acc=85.4%, lr=2.2e-04]
Epoch 30/80 [Train]:  69%|██████▉   | 144/208 [00:05<00:02, 24.98it/s, loss=0.822, acc=85.4%, lr=2.2e-04]
Epoch 30/80 [Train]:  71%|███████   | 147/208 [00:05<00:02, 25.04it/s, loss=0.822, acc=85.4%, lr=2.2e-04]
Epoch 30/80 [Train]:  71%|███████   | 147/208 [00:05<00:02, 25.04it/s, loss=0.893, acc=85.4%, lr=2.2e-04]
Epoch 30/80 [Train]:  71%|███████   | 147/208 [00:05<00:02, 25.04it/s, loss=0.816, acc=85.4%, lr=2.2e-04]
Epoch 30/80 [Train]:  71%|███████   | 147/208 [00:05<00:02, 25.04it/s, loss=0.806, acc=85.4%, lr=2.2e-04]
Epoch 30/80 [Train]:  72%|███████▏  | 150/208 [00:05<00:02, 25.24it/s, loss=0.806, acc=85.4%, lr=2.2e-04]
Epoch 30/80 [Train]:  72%|███████▏  | 150/208 [00:05<00:02, 25.24it/s, loss=0.762, acc=85.4%, lr=2.2e-04]
Epoch 30/80 [Train]:  72%|███████▏  | 150/208 [00:06<00:02, 25.24it/s, loss=0.717, acc=85.4%, lr=2.2e-04]
Epoch 30/80 [Train]:  72%|███████▏  | 150/208 [00:06<00:02, 25.24it/s, loss=0.725, acc=85.4%, lr=2.2e-04]
Epoch 30/80 [Train]:  74%|███████▎  | 153/208 [00:06<00:02, 25.28it/s, loss=0.725, acc=85.4%, lr=2.2e-04]
Epoch 30/80 [Train]:  74%|███████▎  | 153/208 [00:06<00:02, 25.28it/s, loss=0.803, acc=85.4%, lr=2.2e-04]
Epoch 30/80 [Train]:  74%|███████▎  | 153/208 [00:06<00:02, 25.28it/s, loss=0.753, acc=85.4%, lr=2.2e-04]
Epoch 30/80 [Train]:  74%|███████▎  | 153/208 [00:06<00:02, 25.28it/s, loss=0.724, acc=85.4%, lr=2.2e-04]
Epoch 30/80 [Train]:  75%|███████▌  | 156/208 [00:06<00:02, 25.25it/s, loss=0.724, acc=85.4%, lr=2.2e-04]
Epoch 30/80 [Train]:  75%|███████▌  | 156/208 [00:06<00:02, 25.25it/s, loss=0.652, acc=85.5%, lr=2.2e-04]
Epoch 30/80 [Train]:  75%|███████▌  | 156/208 [00:06<00:02, 25.25it/s, loss=0.614, acc=85.5%, lr=2.2e-04]
Epoch 30/80 [Train]:  75%|███████▌  | 156/208 [00:06<00:02, 25.25it/s, loss=0.958, acc=85.5%, lr=2.2e-04]
Epoch 30/80 [Train]:  76%|███████▋  | 159/208 [00:06<00:01, 25.26it/s, loss=0.958, acc=85.5%, lr=2.2e-04]
Epoch 30/80 [Train]:  76%|███████▋  | 159/208 [00:06<00:01, 25.26it/s, loss=0.869, acc=85.4%, lr=2.2e-04]
Epoch 30/80 [Train]:  76%|███████▋  | 159/208 [00:06<00:01, 25.26it/s, loss=1.009, acc=85.4%, lr=2.2e-04]
Epoch 30/80 [Train]:  76%|███████▋  | 159/208 [00:06<00:01, 25.26it/s, loss=0.958, acc=85.3%, lr=2.2e-04]
Epoch 30/80 [Train]:  78%|███████▊  | 162/208 [00:06<00:01, 25.40it/s, loss=0.958, acc=85.3%, lr=2.2e-04]
Epoch 30/80 [Train]:  78%|███████▊  | 162/208 [00:06<00:01, 25.40it/s, loss=0.782, acc=85.3%, lr=2.2e-04]
Epoch 30/80 [Train]:  78%|███████▊  | 162/208 [00:06<00:01, 25.40it/s, loss=0.701, acc=85.3%, lr=2.2e-04]
Epoch 30/80 [Train]:  78%|███████▊  | 162/208 [00:06<00:01, 25.40it/s, loss=0.847, acc=85.3%, lr=2.2e-04]
Epoch 30/80 [Train]:  79%|███████▉  | 165/208 [00:06<00:01, 25.51it/s, loss=0.847, acc=85.3%, lr=2.2e-04]
Epoch 30/80 [Train]:  79%|███████▉  | 165/208 [00:06<00:01, 25.51it/s, loss=0.688, acc=85.3%, lr=2.2e-04]
Epoch 30/80 [Train]:  79%|███████▉  | 165/208 [00:06<00:01, 25.51it/s, loss=0.845, acc=85.3%, lr=2.2e-04]
Epoch 30/80 [Train]:  79%|███████▉  | 165/208 [00:06<00:01, 25.51it/s, loss=0.718, acc=85.3%, lr=2.2e-04]
Epoch 30/80 [Train]:  81%|████████  | 168/208 [00:06<00:01, 25.04it/s, loss=0.718, acc=85.3%, lr=2.2e-04]
Epoch 30/80 [Train]:  81%|████████  | 168/208 [00:06<00:01, 25.04it/s, loss=0.763, acc=85.3%, lr=2.2e-04]
Epoch 30/80 [Train]:  81%|████████  | 168/208 [00:06<00:01, 25.04it/s, loss=0.784, acc=85.3%, lr=2.2e-04]
Epoch 30/80 [Train]:  81%|████████  | 168/208 [00:06<00:01, 25.04it/s, loss=0.929, acc=85.3%, lr=2.2e-04]
Epoch 30/80 [Train]:  82%|████████▏ | 171/208 [00:06<00:01, 25.01it/s, loss=0.929, acc=85.3%, lr=2.2e-04]
Epoch 30/80 [Train]:  82%|████████▏ | 171/208 [00:06<00:01, 25.01it/s, loss=0.775, acc=85.3%, lr=2.2e-04]
Epoch 30/80 [Train]:  82%|████████▏ | 171/208 [00:06<00:01, 25.01it/s, loss=0.896, acc=85.3%, lr=2.2e-04]
Epoch 30/80 [Train]:  82%|████████▏ | 171/208 [00:06<00:01, 25.01it/s, loss=0.739, acc=85.3%, lr=2.2e-04]
Epoch 30/80 [Train]:  84%|████████▎ | 174/208 [00:06<00:01, 25.19it/s, loss=0.739, acc=85.3%, lr=2.2e-04]
Epoch 30/80 [Train]:  84%|████████▎ | 174/208 [00:06<00:01, 25.19it/s, loss=0.818, acc=85.3%, lr=2.2e-04]
Epoch 30/80 [Train]:  84%|████████▎ | 174/208 [00:06<00:01, 25.19it/s, loss=0.849, acc=85.3%, lr=2.2e-04]
Epoch 30/80 [Train]:  84%|████████▎ | 174/208 [00:07<00:01, 25.19it/s, loss=0.869, acc=85.3%, lr=2.2e-04]
Epoch 30/80 [Train]:  85%|████████▌ | 177/208 [00:07<00:01, 25.49it/s, loss=0.869, acc=85.3%, lr=2.2e-04]
Epoch 30/80 [Train]:  85%|████████▌ | 177/208 [00:07<00:01, 25.49it/s, loss=1.019, acc=85.2%, lr=2.2e-04]
Epoch 30/80 [Train]:  85%|████████▌ | 177/208 [00:07<00:01, 25.49it/s, loss=0.769, acc=85.3%, lr=2.2e-04]
Epoch 30/80 [Train]:  85%|████████▌ | 177/208 [00:07<00:01, 25.49it/s, loss=0.863, acc=85.2%, lr=2.2e-04]
Epoch 30/80 [Train]:  87%|████████▋ | 180/208 [00:07<00:01, 25.49it/s, loss=0.863, acc=85.2%, lr=2.2e-04]
Epoch 30/80 [Train]:  87%|████████▋ | 180/208 [00:07<00:01, 25.49it/s, loss=0.711, acc=85.2%, lr=2.2e-04]
Epoch 30/80 [Train]:  87%|████████▋ | 180/208 [00:07<00:01, 25.49it/s, loss=0.874, acc=85.2%, lr=2.2e-04]
Epoch 30/80 [Train]:  87%|████████▋ | 180/208 [00:07<00:01, 25.49it/s, loss=0.885, acc=85.2%, lr=2.2e-04]
Epoch 30/80 [Train]:  88%|████████▊ | 183/208 [00:07<00:00, 25.15it/s, loss=0.885, acc=85.2%, lr=2.2e-04]
Epoch 30/80 [Train]:  88%|████████▊ | 183/208 [00:07<00:00, 25.15it/s, loss=0.774, acc=85.2%, lr=2.2e-04]
Epoch 30/80 [Train]:  88%|████████▊ | 183/208 [00:07<00:00, 25.15it/s, loss=0.733, acc=85.2%, lr=2.2e-04]
Epoch 30/80 [Train]:  88%|████████▊ | 183/208 [00:07<00:00, 25.15it/s, loss=0.807, acc=85.2%, lr=2.2e-04]
Epoch 30/80 [Train]:  89%|████████▉ | 186/208 [00:07<00:00, 25.25it/s, loss=0.807, acc=85.2%, lr=2.2e-04]
Epoch 30/80 [Train]:  89%|████████▉ | 186/208 [00:07<00:00, 25.25it/s, loss=0.733, acc=85.2%, lr=2.2e-04]
Epoch 30/80 [Train]:  89%|████████▉ | 186/208 [00:07<00:00, 25.25it/s, loss=0.692, acc=85.2%, lr=2.2e-04]
Epoch 30/80 [Train]:  89%|████████▉ | 186/208 [00:07<00:00, 25.25it/s, loss=0.727, acc=85.3%, lr=2.2e-04]
Epoch 30/80 [Train]:  91%|█████████ | 189/208 [00:07<00:00, 25.26it/s, loss=0.727, acc=85.3%, lr=2.2e-04]
Epoch 30/80 [Train]:  91%|█████████ | 189/208 [00:07<00:00, 25.26it/s, loss=0.772, acc=85.2%, lr=2.2e-04]
Epoch 30/80 [Train]:  91%|█████████ | 189/208 [00:07<00:00, 25.26it/s, loss=0.802, acc=85.2%, lr=2.2e-04]
Epoch 30/80 [Train]:  91%|█████████ | 189/208 [00:07<00:00, 25.26it/s, loss=1.093, acc=85.2%, lr=2.2e-04]
Epoch 30/80 [Train]:  92%|█████████▏| 192/208 [00:07<00:00, 25.30it/s, loss=1.093, acc=85.2%, lr=2.2e-04]
Epoch 30/80 [Train]:  92%|█████████▏| 192/208 [00:07<00:00, 25.30it/s, loss=0.843, acc=85.1%, lr=2.2e-04]
Epoch 30/80 [Train]:  92%|█████████▏| 192/208 [00:07<00:00, 25.30it/s, loss=0.941, acc=85.1%, lr=2.2e-04]
Epoch 30/80 [Train]:  92%|█████████▏| 192/208 [00:07<00:00, 25.30it/s, loss=0.880, acc=85.1%, lr=2.2e-04]
Epoch 30/80 [Train]:  94%|█████████▍| 195/208 [00:07<00:00, 25.27it/s, loss=0.880, acc=85.1%, lr=2.2e-04]
Epoch 30/80 [Train]:  94%|█████████▍| 195/208 [00:07<00:00, 25.27it/s, loss=0.922, acc=85.1%, lr=2.2e-04]
Epoch 30/80 [Train]:  94%|█████████▍| 195/208 [00:07<00:00, 25.27it/s, loss=0.831, acc=85.1%, lr=2.2e-04]
Epoch 30/80 [Train]:  94%|█████████▍| 195/208 [00:07<00:00, 25.27it/s, loss=0.811, acc=85.1%, lr=2.2e-04]
Epoch 30/80 [Train]:  95%|█████████▌| 198/208 [00:07<00:00, 25.39it/s, loss=0.811, acc=85.1%, lr=2.2e-04]
Epoch 30/80 [Train]:  95%|█████████▌| 198/208 [00:07<00:00, 25.39it/s, loss=0.958, acc=85.1%, lr=2.2e-04]
Epoch 30/80 [Train]:  95%|█████████▌| 198/208 [00:07<00:00, 25.39it/s, loss=0.772, acc=85.1%, lr=2.2e-04]
Epoch 30/80 [Train]:  95%|█████████▌| 198/208 [00:07<00:00, 25.39it/s, loss=0.813, acc=85.1%, lr=2.2e-04]
Epoch 30/80 [Train]:  97%|█████████▋| 201/208 [00:07<00:00, 25.16it/s, loss=0.813, acc=85.1%, lr=2.2e-04]
Epoch 30/80 [Train]:  97%|█████████▋| 201/208 [00:07<00:00, 25.16it/s, loss=0.965, acc=85.0%, lr=2.2e-04]
Epoch 30/80 [Train]:  97%|█████████▋| 201/208 [00:08<00:00, 25.16it/s, loss=0.837, acc=85.0%, lr=2.2e-04]
Epoch 30/80 [Train]:  97%|█████████▋| 201/208 [00:08<00:00, 25.16it/s, loss=0.815, acc=85.0%, lr=2.2e-04]
Epoch 30/80 [Train]:  98%|█████████▊| 204/208 [00:08<00:00, 25.16it/s, loss=0.815, acc=85.0%, lr=2.2e-04]
Epoch 30/80 [Train]:  98%|█████████▊| 204/208 [00:08<00:00, 25.16it/s, loss=0.780, acc=85.0%, lr=2.2e-04]
Epoch 30/80 [Train]:  98%|█████████▊| 204/208 [00:08<00:00, 25.16it/s, loss=0.825, acc=85.0%, lr=2.2e-04]
Epoch 30/80 [Train]:  98%|█████████▊| 204/208 [00:08<00:00, 25.16it/s, loss=0.792, acc=85.0%, lr=2.2e-04]
Epoch 30/80 [Train]: 100%|█████████▉| 207/208 [00:08<00:00, 25.25it/s, loss=0.792, acc=85.0%, lr=2.2e-04]
Epoch 30/80 [Train]: 100%|█████████▉| 207/208 [00:08<00:00, 25.25it/s, loss=0.826, acc=85.0%, lr=2.2e-04]
Epoch 30/80 [Train]: 100%|██████████| 208/208 [00:08<00:00, 25.29it/s, loss=0.826, acc=85.0%, lr=2.2e-04]

[2026-08-17 01:22:28] [EPOCH 30 SUMMARY]
  Train: Loss = 0.7922 | Top-1 Acc =  85.05%
  Val:   Top-1 Acc =  10.58% | Top-3 =  30.04% | Top-5 =  39.87%
         APL = 11.66 dB | Profile MAE =  2.31 dB (Rank Corr: 0.505)
  Time:  Epoch = 8.2s (Val Eval: 2.0s) | Total Elapsed = 00h:04m:19s | ETA: 00h:07m:12s
  -> [INFO] No improvement for 22/12 epochs (Best: 15.65%)

[2026-08-17 01:22:28] [Early Stopping] Triggered after 22 epochs without improvement. Stopping at Epoch 30.
[2026-08-17 01:22:28] Loading checkpoint from results_rtx5070\checkpoints\best_model_P3_seed42.pt...
Traceback (most recent call last):
  File "D:\424_project\train.py", line 535, in <module>
    main()
  File "D:\424_project\train.py", line 520, in main
    res = train_single_run(args, datasets, seed=s)
          ^^^^^^^^^^^^^^^^^^^^^^^^^^^^^^^^^^^^^^^^
  File "D:\424_project\train.py", line 385, in train_single_run
    load_full_checkpoint(best_checkpoint_path, model, device=device)
  File "D:\424_project\train.py", line 152, in load_full_checkpoint
    checkpoint = torch.load(checkpoint_path, map_location=device)
                 ^^^^^^^^^^^^^^^^^^^^^^^^^^^^^^^^^^^^^^^^^^^^^^^^
  File "C:\Users\user\AppData\Local\Programs\Python\Python312\Lib\site-packages\torch\serialization.py", line 1578, in load
    raise pickle.UnpicklingError(_get_wo_message(str(e))) from None
_pickle.UnpicklingError: Weights only load failed. This file can still be loaded, to do so you have two options, do those steps only if you trust the source of the checkpoint. 
	(1) In PyTorch 2.6, we changed the default value of the `weights_only` argument in `torch.load` from `False` to `True`. Re-running `torch.load` with `weights_only` set to `False` will likely succeed, but it can result in arbitrary code execution. Do it only if you got the file from a trusted source.
	(2) Alternatively, to load with `weights_only=True` please check the recommended steps in the following error message.
	WeightsUnpickler error: Unsupported global: GLOBAL numpy._core.multiarray._reconstruct was not an allowed global by default. Please use `torch.serialization.add_safe_globals([numpy._core.multiarray._reconstruct])` or the `torch.serialization.safe_globals([numpy._core.multiarray._reconstruct])` context manager to allowlist this global if you trust this class/function.

Check the documentation of torch.load to learn more about types accepted by default with weights_only https://pytorch.org/docs/stable/generated/torch.load.html.
